index,url,valid,domain,title,description,image,published,archive,content,quote,language,keyword
https://www.courrierinternational.com/article/analyse-dindons-de-la-farce-dans-les-pays-du-golfe-une-mefiance-croissante-a-l-egard-des-etats-unis_245749,https://www.courrierinternational.com/article/analyse-dindons-de-la-farce-dans-les-pays-du-golfe-une-mefiance-croissante-a-l-egard-des-etats-unis_245749,0,www.courrierinternational.com,"“Dindons de la farce” : dans les pays du Golfe, une méfiance croissante à l’égard des États-Unis","Depuis l’accord provisoire signé entre Washington et Téhéran, les pays du Golfe sont tentés de se rapprocher de l’Iran, voire de négocier directement l’avenir du détroit d’Ormuz. Une démarche encore embryonnaire mais révélatrice, selon ce journaliste de “Ha’A…",https://focus.courrierinternational.com/2026/06/25/0/0/5500/3666/1200/630/60/0/ee7d9c2_ftp-1-xkkpkupmdes3-afp-b8a72mt.jpg,2026-07-01T03:00:23Z,,"Premier quotidien (1919) publié en hébreu en Palestine sous occupation britannique, Le Pays est le journal de référence chez les politiques et les intellectuels israéliens. Il appartient au groupe Sc… [+1371 chars]",,fr,'Téhéran'
https://www.ledauphine.com/economie/2026/06/29/le-pari-de-la-start-up-yanaa-pour-une-nutrition-salee,https://www.ledauphine.com/economie/2026/06/29/le-pari-de-la-start-up-yanaa-pour-une-nutrition-salee,0,www.ledauphine.com,Annecy. « On entend depuis 50 ans qu’il faut du sucre pour avoir de l’énergie » : la start-up Yanaa propose aux sportifs une nutrition... salée,"« Si l’on regarde en arrière, on peut se dire que l’on s’est lancé dans un segment qui était complètement contre-intuitif par rapport à ce qui existait.",https://cdn-s-www.ledauphine.com/images/05036611-7984-4B13-888E-330D933FF987/FB1200/photo-1782726908.jpg,2026-07-01T04:05:00Z,http://web.archive.org/web/20260702011850/https://www.ledauphine.com/economie/2026/06/29/le-pari-de-la-start-up-yanaa-pour-une-nutrition-salee,"Le Dauphiné Libéré, en tant que responsable de traitement, recueille dans ce formulaire des informations qui sont enregistrées dans un fichier informatisé par son Service Relations Clients, la finali… [+854 chars]",,fr,'Annecy'
https://www.franceinfo.fr/tour-de-france/contre-la-montre-par-equipes-tourmalet-alpe-d-huez-les-sept-etapes-cles-de-la-bataille-pour-le-maillot-jaune-du-tour-de-france_8086859.html,https://www.franceinfo.fr/tour-de-france/contre-la-montre-par-equipes-tourmalet-alpe-d-huez-les-sept-etapes-cles-de-la-bataille-pour-le-maillot-jaune-du-tour-de-france_8086859.html,0,www.franceinfo.fr,"Contre-la-montre par équipes, Tourmalet, Alpe d'Huez… Les sept étapes clés de la bataille pour le maillot jaune du Tour de France","Le Tour de France s'élance samedi 4 juillet de Barcelone, et arrivera à Paris le dimanche 26 juillet.",https://www.franceinfo.fr/pictures/pVPCaMHBp8jY0GMS2EqL9zWXfEc/0x225:4300x2644/1500x843/2026/06/30/6a43cd3657bd8252544231.jpg,2026-07-01T04:15:01Z,http://web.archive.org/web/20260702180913/https://www.franceinfo.fr/tour-de-france/contre-la-montre-par-equipes-tourmalet-alpe-d-huez-les-sept-etapes-cles-de-la-bataille-pour-le-maillot-jaune-du-tour-de-france_8086859.html,"Tadej Pogacar, Jonas Vingegaard, Paul Seixas, Remco Evenepoel, Isaac Del Toro... Tous les meilleurs grimpeurs du monde sont au départ du Tour de France 2026 et prêts à se livrer une bataille acharnée… [+5551 chars]",,fr,'Voiron'
https://www.les-crises.fr/des-militants-de-la-flottille-pour-gaza-temoignent-de-violences-physiques-pendant-leur-detention-en-israel/,https://www.les-crises.fr/des-militants-de-la-flottille-pour-gaza-temoignent-de-violences-physiques-pendant-leur-detention-en-israel/,0,www.les-crises.fr,Des militants de la flottille pour Gaza témoignent de violences physiques pendant leur détention en Israël,Adalah – le Centre juridique pour les droits de la minorité arabe en Israël – indique que de nombreux militants internationaux arrêtés pour avoir tenté de franchir le blocus israélien de Gaza affirment avoir été victimes de violences extrêmes et d’humiliation…,https://www.les-crises.fr/wp-content/uploads/2026/06/00-7.jpg,2026-07-01T04:55:46Z,,Adalah le Centre juridique pour les droits de la minorité arabe en Israël indique que de nombreux militants internationaux arrêtés pour avoir tenté de franchir le blocus israélien de Gaza affirment a… [+7329 chars],,fr,'Gaza'
https://www.20minutes.fr/sport/football/4232161-20260701-france-suede-genie-michael-olise-merci-avoir-choisi-equipe-france-angleterre,https://www.20minutes.fr/sport/football/4232161-20260701-france-suede-genie-michael-olise-merci-avoir-choisi-equipe-france-angleterre,0,www.20minutes.fr,"France - Suède : « C’est un génie »… Michael Olise, merci d’avoir choisi l’équipe de France, et pas l’Angleterre","Lors de la victoire des Bleus face à la Suède (3-0), mardi en seizièmes de finale de la Coupe du monde, Michael Olise a été étincelant",https://img.20mn.fr/2P9jmRXWSyun-p33WpXNCik/1444x920_30-juin-2026-etats-unis-east-rutherford-football-hommes-coupe-du-monde-2026-france-vs-suede-phase-a-elimination-directe-16es-de-finale-stade-new-york-new-jersey-michael-olise-france-a-gauche-et-gabriel-gudmundsson-suede-s-affrontent-pour-le-ballon-remarque-conformement-au-reglement-de-la-fifa-ces-images-ne-peuvent-etre-utilisees-qu-a-des-fins-editoriales-l-utilisation-commerciale-est-interdite-de-plus-aucune-sequence-de-type-video-ne-peut-etre-creee-et-aucune-modification-ne-peut-etre-apportee-a-l-image-que-ce-soit-au-premier-plan-ou-a-l-arriere-plan-photo-tom-weller-dpa-ur-newsml-dpa-com-20090101-260701-99-918174-tom-weller-dpa-sipa-2607010040,2026-07-01T05:02:37Z,http://web.archive.org/web/20260701175438/https://www.20minutes.fr/sport/football/4232161-20260701-france-suede-genie-michael-olise-merci-avoir-choisi-equipe-france-angleterre,"De notre envoyé spécial à New York,
Franchement, avec du recul, ce nétait pas notre meilleure idée. Aller demander à Victor Lindelöf, quelques minutes après le match, de nous expliquer en quoi cétai… [+5494 chars]",,fr,'Sénégal'
https://www.presse-citron.net/une-nouvelle-piece-de-2-euros-entre-en-circulation-en-france-sagit-il-dun-futur-collector/,https://www.presse-citron.net/une-nouvelle-piece-de-2-euros-entre-en-circulation-en-france-sagit-il-dun-futur-collector/,0,www.presse-citron.net,Une nouvelle pièce de 2 euros entre en circulation en France : s’agit-il d’un futur collector ?,"À l’occasion des 400 ans de la Marine nationale, la Monnaie de Paris a dévoilé une nouvelle pièce de 2 euros.",https://www.presse-citron.net/app/uploads/2025/11/2-euros-1600x900.jpg,2026-07-01T07:40:04Z,,"Il y a quelques mois, la Monnaie de Paris faisait le bonheur des numismates avec la mise en circulation de nouvelles pièces de 2 euros uniques, arborant la façade de Notre-Dame de Paris. Cette fois-c… [+2346 chars]",,fr,'Paris'
https://www.frandroid.com/produits-android/3163917_coupe-du-monde-2026-le-programme-et-les-horaires-des-matchs-du-mercredi-1er-juillet,https://www.frandroid.com/produits-android/3163917_coupe-du-monde-2026-le-programme-et-les-horaires-des-matchs-du-mercredi-1er-juillet,0,www.frandroid.com,Coupe du monde 2026 : le programme et les horaires des matchs du mercredi 1er juillet,"La Coupe du monde 2026 entre dans sa phase à élimination directe : ce mercredi 1er juillet, trois matchs de 16es de finale sont au programme, dont Angleterre-RD Congo en début de soirée et Belgique-Sénégal en deuxième partie, sans oublier États-Unis-Bosnie-He…","https://c0.lestechnophiles.com/images.frandroid.com/wp-content/uploads/2026/06/match-foot.jpg?resize=1600,900&key=848821e2",2026-07-01T08:30:37Z,,"La Coupe du monde 2026 entre dans sa phase à élimination directe : ce mercredi 1er juillet, trois matchs de 16es de finale sont au programme, dont Angleterre-RD Congo en début de soirée et Belgique-S… [+4197 chars]",,fr,'Belgique'
https://www.frandroid.com/produits-android/3163911_angleterre-rd-congo-comment-voir-le-match-des-16es-de-finale-de-la-coupe-du-monde-2026-en-streaming,https://www.frandroid.com/produits-android/3163911_angleterre-rd-congo-comment-voir-le-match-des-16es-de-finale-de-la-coupe-du-monde-2026-en-streaming,0,www.frandroid.com,Angleterre – RD Congo : comment voir le match des 16es de finale de la Coupe du monde 2026 en streaming ?,"Les 16es de finale de la Coupe du monde 2026 s'enchaînent, et l'Angleterre entre dans la phase à élimination directe face à la RD Congo ce mercredi 1er juillet. Voici à quelle heure, sur quelle chaîne et comment regarder le match en direct, gratuitement sur M…","https://c0.lestechnophiles.com/images.frandroid.com/wp-content/uploads/2026/07/angleterre-vs-republique-democratique-du-congo.jpg?resize=1600,900&key=58d6a806",2026-07-01T10:00:00Z,,"Les 16es de finale de la Coupe du monde 2026 s’enchaînent, et l’Angleterre entre dans la phase à élimination directe face à la RD Congo ce mercredi 1er juillet. Voici à quelle heure, sur quelle chaîn… [+4105 chars]",,fr,'Angleterre'
https://www.ledauphine.com/faits-divers-justice/2026/07/01/leurs-filles-de-cinq-ans-avaient-subi-des-agressions-sexuelles-au-periscolaire,https://www.ledauphine.com/faits-divers-justice/2026/07/01/leurs-filles-de-cinq-ans-avaient-subi-des-agressions-sexuelles-au-periscolaire,0,www.ledauphine.com,Savoie. Leurs filles de cinq ans avaient subi des agressions sexuelles au périscolaire,"Trois mois après qu’un stagiaire mineur a été reconnu coupable d’agressions sexuelles sur leurs enfants dans un accueil périscolaire de Grésy-sur-Aix, trois familles ont choisi de témoigner pour sensibiliser les autres parents.",https://cdn-s-www.ledauphine.com/images/FDDC0669-5589-45ED-8CDD-EDD053B26839/FB1200/photo-1782900551.jpg,2026-07-01T10:19:00Z,http://web.archive.org/web/20260702070009/https://www.ledauphine.com/faits-divers-justice/2026/07/01/leurs-filles-de-cinq-ans-avaient-subi-des-agressions-sexuelles-au-periscolaire,"Un an et demi après les faits, trois mois après laudience du tribunal pour enfants, ces trois familles ont voulu prendre la parole « pour que nos histoires servent à dautres parents, pour quils soien… [+627 chars]",,fr,'Savoie'
https://france3-regions.franceinfo.fr/auvergne-rhone-alpes/haute-savoie/deux-enfants-de-8-et-13-ans-disparaissent-aux-abords-de-l-hopital-d-annecy-la-gendarmerie-particulierement-inquiete-lance-des-appels-a-temoins-3379120.html,https://france3-regions.franceinfo.fr/auvergne-rhone-alpes/haute-savoie/deux-enfants-de-8-et-13-ans-disparaissent-aux-abords-de-l-hopital-d-annecy-la-gendarmerie-particulierement-inquiete-lance-des-appels-a-temoins-3379120.html,0,france3-regions.franceinfo.fr,"Deux enfants de 8 et 13 ans disparaissent aux abords de l'hôpital d'Annecy : la gendarmerie, ""particulièrement inquiète"", lance des appels à témoins","La gendarmerie de la Haute-Savoie a diffusé ce mercredi 1er juillet, deux appels à témoins. Deux mineurs, l’un âgé de 8 ans, l’autre de 13 ans sont activement recherchés, après une fugue survenue à Épagny Metz-Tessy (Haute-Savoie) aux abords du centre hospita…",https://france3-regions.franceinfo.fr/image/Ew0MCb4kaTKCm6ApmIHJvySOIDU/930x620/regions/2026/07/01/6a44ef4ddee0f946319792.jpg,2026-07-01T10:57:26Z,http://web.archive.org/web/20260701130637/https://france3-regions.franceinfo.fr/auvergne-rhone-alpes/haute-savoie/deux-enfants-de-8-et-13-ans-disparaissent-aux-abords-de-l-hopital-d-annecy-la-gendarmerie-particulierement-inquiete-lance-des-appels-a-temoins-3379120.html,"La gendarmerie de la Haute-Savoie a diffusé ce mercredi 1er juillet, deux appels à témoins. Deux mineurs, lun âgé de 8 ans, lautre de 13 ans sont activement recherchés, après une fugue survenue à Épa… [+1037 chars]",,fr,'Annecy'
https://www.ledauphine.com/faits-divers-justice/2026/07/01/disparition-inquietante-de-deux-mineurs-de-8-et-13-ans-en-fugue-un-double-appel-a-temoins-lance,https://www.ledauphine.com/faits-divers-justice/2026/07/01/disparition-inquietante-de-deux-mineurs-de-8-et-13-ans-en-fugue-un-double-appel-a-temoins-lance,0,www.ledauphine.com,Haute-Savoie. Disparition inquiétante de deux mineurs de 8 et 13 ans en fugue : un double appel à témoins lancé,"Vive inquiétude, à Épagny Metz-Tessy, après la disparition de deux mineurs âgés de 8 et 13 ans. En fugue, les deux jeunes garçons prénommés Even ...",https://cdn-s-www.ledauphine.com/images/FBED8F57-FC6C-4C50-BC7F-318029CFC871/FB1200/photo-1782906552.jpg,2026-07-01T11:51:00Z,,"Vive inquiétude, à Épagny Metz-Tessy, après la disparition de deux mineurs âgés de 8 et 13 ans. En fugue, les deux jeunes garçons prénommés Even et Logan ont été aperçus ensemble aux abords du centre… [+1475 chars]",,fr,'Annecy'
https://www.courrierinternational.com/article/opinion-l-accord-israel-liban-contredit-celui-sur-lequel-planchent-les-etats-unis-et-l-iran_245786,https://www.courrierinternational.com/article/opinion-l-accord-israel-liban-contredit-celui-sur-lequel-planchent-les-etats-unis-et-l-iran_245786,0,www.courrierinternational.com,L’accord Israël-Liban contredit celui sur lequel planchent les États-Unis et l’Iran,"Sous l’impulsion de Washington, Tel-Aviv et Beyrouth ont conclu le 26 juin un accord inédit visant à instaurer une “paix durable” entre les deux pays. Mais son succès se heurte à des obstacles de taille, explique ce journaliste du quotidien israélien “Ha’Aret…",https://focus.courrierinternational.com/2026/06/27/1/0/5500/3666/1200/630/60/0/815e115_ftp-1-0cemqr85urx7-2026-06-27t114812z-1691087554-rc2b2macfewj-rtrmadp-3-iran-crisis-lebanon-israel.JPG,2026-07-01T12:30:01Z,,"Premier quotidien (1919) publié en hébreu en Palestine sous occupation britannique, Le Pays est le journal de référence chez les politiques et les intellectuels israéliens. Il appartient au groupe Sc… [+1371 chars]",,fr,'Palestine'
https://korben.info/kim-dotcom-extradition-etats-unis.html,https://korben.info/kim-dotcom-extradition-etats-unis.html,0,korben.info,Kim Dotcom - Son extradition aux USA se rapproche,"Le 20 janvier 2012, 76 policiers et deux hélicoptères débarquent sur le manoir de Coatesville, en Nouvelle-Zélande, pour coffrer un gros bonhomme allemand la veille de ses 38 ans. Ce bonhomme, c'est 
Kim Dotcom
, le patron de Megaupload.
Et quatorze ans plus …",https://korben.info/kim-dotcom-extradition-etats-unis/kim-dotcom-extradition-etats-unis-1.png,2026-07-01T12:34:04Z,http://web.archive.org/web/20260701225748/https://korben.info/kim-dotcom-extradition-etats-unis.html,"Le 20 janvier 2012, 76 policiers et deux hélicoptères débarquent sur le manoir de Coatesville, en Nouvelle-Zélande, pour coffrer un gros bonhomme allemand la veille de ses 38 ans. Ce bonhomme, c'est … [+2924 chars]",,fr,'USA'
https://www.ledauphine.com/environnement/2026/07/01/on-a-entendu-un-drole-de-bruit-comme-un-grondement-une-coulee-de-boue-coupe-la-route-de-beffay-a-glieres-val-de-borne,https://www.ledauphine.com/environnement/2026/07/01/on-a-entendu-un-drole-de-bruit-comme-un-grondement-une-coulee-de-boue-coupe-la-route-de-beffay-a-glieres-val-de-borne,0,www.ledauphine.com,"Haute-Savoie. « On a entendu un drôle de bruit, comme un grondement » : une coulée de boue coupe la route de Beffay à Glières-Val-de-Borne",Le violent orage et les pluies diluviennes de ce mercredi 1er  juillet en journée n’ont pas été sans conséquences à Glières-Val-de-Borne : le torrent a débordé sur la route de Beffay aux alentours de 12 h 30.,https://cdn-s-www.ledauphine.com/images/4F105BAD-FB3B-4CC0-BD9D-EF9D9FF9CFE5/FB1200/photo-1782910398.jpg,2026-07-01T12:41:00Z,http://web.archive.org/web/20260702051108/https://www.ledauphine.com/environnement/2026/07/01/on-a-entendu-un-drole-de-bruit-comme-un-grondement-une-coulee-de-boue-coupe-la-route-de-beffay-a-glieres-val-de-borne,Le violent orage et les pluies diluviennes de ce mercredi 1er  juillet en journée n’ont pas été sans conséquences à Glières-Val-de-Borne : le torrent a débordé sur la route de Beffay aux alentours de… [+1421 chars],,fr,'Savoie'
https://www.20minutes.fr/sport/football/4232259-20260701-direct-angleterre-rd-congo-three-lions-face-menace-fimbu-suivez-match,https://www.20minutes.fr/sport/football/4232259-20260701-direct-angleterre-rd-congo-three-lions-face-menace-fimbu-suivez-match,0,www.20minutes.fr,EN DIRECT : Angleterre - RD Congo : Harry Kane sauveur de la nation avec un doublé... Les Léopards dans les cordes... Suivez le match avec nous,"Harry Kane vient d'égaliser et de retirer une belle épine du pied de l'Angleterre. Et maintenant, les Three Lions vont-ils s'éviter une prolongation ?",https://img.20mn.fr/kac8GT2KRMe1HCLo2RFbMik/1444x920_credit-obligatoire-photo-de-jon-olav-nesvold-bildbyran-shutterstock-16972553bz-harry-kane-et-jude-bellingham-celebrent-leur-match-apres-1-1-lors-du-match-de-football-des-8es-de-finale-de-la-coupe-du-monde-de-la-fifa-2026-entre-l-angleterre-et-la-rd-congo-le-1er-juillet-2026-a-atlanta-football-coupe-du-monde-de-la-fifa-2026-21e-journee-16es-de-finale-angleterre-comte-atlanta-etats-unis-01-juillet-2026-shutterstock-editorial-football-fifa-world-cup-2026-16972553bz-2607012005,2026-07-01T14:02:24Z,http://web.archive.org/web/20260701224103/https://www.20minutes.fr/sport/football/4232259-20260701-direct-angleterre-rd-congo-three-lions-face-menace-fimbu-suivez-match,"Quentin Ballue
Publié le 01/07/2026 à 16h02 Mis à jour le 01/07/2026 à 20h08",,fr,'Angleterre'
https://www.courrierinternational.com/article/coupe-du-monde-face-a-la-belgique-les-lions-prets-a-rugir-s-enthousiasme-la-presse-senegalaise_245941,https://www.courrierinternational.com/article/coupe-du-monde-face-a-la-belgique-les-lions-prets-a-rugir-s-enthousiasme-la-presse-senegalaise_245941,0,www.courrierinternational.com,"Face à la Belgique, “les Lions prêts à rugir”, s’enthousiasme la presse sénégalaise","Tout en saluant la qualité de la sélection belge, la presse sénégalaise exhorte les Lions à offrir du rêve et à continuer d’écrire l’histoire, après avoir décroché une 2e étoile en Coupe d'Afrique des nations en janvier.",https://focus.courrierinternational.com/2026/07/01/1/0/1280/853/1200/630/60/0/0f530f2_upload-1-fyrafmw0eq1q-unes-se-ne-gal-coupedumonde.jpg,2026-07-01T14:58:41Z,,"Il est des affiches qui sentent la peur. Dautres qui sentent loccasion. Belgique-Sénégal appartient aux deux catégories, écrit le quotidien sénégalais LObservateur mercredi 1er juillet, quelques heur… [+1698 chars]",,fr,'Belge'
https://www.ledauphine.com/economie/2026/07/01/francois-excoffier-quitte-son-poste-de-pdg-d-excoffier-recyclage,https://www.ledauphine.com/economie/2026/07/01/francois-excoffier-quitte-son-poste-de-pdg-d-excoffier-recyclage,0,www.ledauphine.com,Haute-Savoie. François Excoffier quitte son poste de PDG d’Excoffier Recyclage,"C’est une entreprise 100 % familiale qui l’est restée depuis sa création en 1971 à Groisy. Leader du recyclage en Haute-Savoie, Excoffier ...",https://cdn-s-www.ledauphine.com/images/4DB1592F-F11C-44CE-A5EA-D82D3B03AE73/FB1200/photo-1782919122.jpg,2026-07-01T15:23:00Z,,"Le Dauphiné Libéré, en tant que responsable de traitement, recueille dans ce formulaire des informations qui sont enregistrées dans un fichier informatisé par son Service Relations Clients, la finali… [+854 chars]",,fr,'Savoie'
https://www.mediapart.fr/journal/ecologie/010726/jo-2030-est-ce-qu-veut-gaspiller-toutes-les-ressources-ou-participer-la-transition,https://www.mediapart.fr/journal/ecologie/010726/jo-2030-est-ce-qu-veut-gaspiller-toutes-les-ressources-ou-participer-la-transition,0,www.mediapart.fr,JO 2030: «Est-ce qu’on veut gaspiller toutes les ressources ou participer à la transition?»,"Alors même que plusieurs sites en Savoie disposent déjà de pistes de ski acrobatique, le comité d’organisation des JO 2030 projette de sacrifier des zones naturelles pour en aménager dans le Briançonnais. Des athlètes déplorent ces choix.",https://static.mediapart.fr/etmagine/og/journal/files/2026/07/01/jo-2030-est-ce-qu-veut-gaspiller-toutes-les-ressources-ou-participer-la-transition.jpg,2026-07-01T15:37:59Z,http://web.archive.org/web/20260701221331/https://www.mediapart.fr/journal/ecologie/010726/jo-2030-est-ce-qu-veut-gaspiller-toutes-les-ressources-ou-participer-la-transition,"Les cookies et technologies similaires que nous utilisons sur Mediapart sont de différentes natures et nous permettent de poursuivre différentes finalités. 
Certains sont nécessaires au fonctionneme… [+3291 chars]",,fr,'Savoie'
https://www.lejournaldesentreprises.com/article/la-maison-de-luxe-alsacienne-norki-etend-son-reseau-de-boutiques-de-deco-et-dameublement-en-suisse-2145965,https://www.lejournaldesentreprises.com/article/la-maison-de-luxe-alsacienne-norki-etend-son-reseau-de-boutiques-de-deco-et-dameublement-en-suisse-2145965,0,www.lejournaldesentreprises.com,La maison de luxe alsacienne Norki étend son réseau de boutiques de déco et d’ameublement en Suisse,"Créée il y a 15 ans, la maison Norki s’est imposée sur le secteur du luxe en créant divers objets de décoration et d’ameublement à base de peaux et de fourrures animales. Un développement et une visibilité qui doit beaucoup au positionnement de la PME alsacie…",https://www.lejournaldesentreprises.com/sites/lejournaldesentreprises.com/files/styles/landscape_web_lg_2x/public/2026-07/tablie--Molsheim-dans-le-Bas-Rhin-la-Maison-N-22349479.jpeg?h=22744819&itok=JumojBVk,2026-07-01T16:09:41Z,,"Comment transposer un savoir-faire familial et artisanal vers une marque faisant désormais office de référence dans les secteurs du luxe et de la décoration dintérieur ? Établie à Molsheim, dans le B… [+3118 chars]",,fr,'Suisse'
https://france3-regions.franceinfo.fr/auvergne-rhone-alpes/haute-savoie/des-habitants-de-scionzier-prives-d-eau-potable-apres-un-violent-orage-une-citerne-mise-en-place-pour-approvisionner-la-population-3379339.html,https://france3-regions.franceinfo.fr/auvergne-rhone-alpes/haute-savoie/des-habitants-de-scionzier-prives-d-eau-potable-apres-un-violent-orage-une-citerne-mise-en-place-pour-approvisionner-la-population-3379339.html,0,france3-regions.franceinfo.fr,Des habitants de Scionzier privés d'eau potable après un violent orage : une citerne mise en place pour approvisionner la population,"Un violent orage a touché la source d'eau potable de Scionzier, en Haute-Savoie, rendant l'eau potable impropre à la consommation depuis cinq jours dans une partie de la commune. La mairie va installer une citerne pour permettre aux habitants de s'approvision…",https://france3-regions.franceinfo.fr/image/CYvJKSwPoZnyuzfCONBd9uaax0o/930x620/regions/2026/07/01/6a4537a1367b4016454103.jpg,2026-07-01T16:17:58Z,,"Un violent orage a touché la source d'eau potable de Scionzier, en Haute-Savoie, rendant l'eau potable impropre à la consommation depuis cinq jours dans une partie de la commune. La mairie va install… [+2170 chars]",,fr,'Savoie'
https://www.ledauphine.com/economie/2026/07/01/quand-l-eau-potable-se-fait-rare-ce-village-s-impose-des-restrictions,https://www.ledauphine.com/economie/2026/07/01/quand-l-eau-potable-se-fait-rare-ce-village-s-impose-des-restrictions,0,www.ledauphine.com,"Haute-Savoie. « Pas d’autres choix que de procéder à une coupure d’eau en urgence » : quand l’eau potable se fait rare, ce village s’impose des restrictions","En pleine canicule, la mairie de Contamine-Sarzin a informé ses habitants d’une coupure d’eau générale, en raison d’une consommation trop importante compte tenu des restrictions en vigueur. Une situation qui tendra à se reproduire sans une prise de conscience…",https://cdn-s-www.ledauphine.com/images/60B9410B-936F-4F2A-A538-1E2C0244B08F/FB1200/photo-1782923696.jpg,2026-07-01T17:40:00Z,http://web.archive.org/web/20260702030104/https://www.ledauphine.com/economie/2026/07/01/quand-l-eau-potable-se-fait-rare-ce-village-s-impose-des-restrictions,"“La situation est critique. Malgré les restrictions préfectorales, de nombreux abus ont été constatés toute la semaine. La commune n’a plus d’autres choix que de procéder à une coupure d’eau en urgen… [+571 chars]",,fr,'Savoie'
https://www.ledauphine.com/culture-loisirs/2026/07/01/987-metres-de-long-pour-120-metres-de-denivele-la-plus-longue-tyrolienne-a-virages-d-europe-ouvre-samedi-en-savoie,https://www.ledauphine.com/culture-loisirs/2026/07/01/987-metres-de-long-pour-120-metres-de-denivele-la-plus-longue-tyrolienne-a-virages-d-europe-ouvre-samedi-en-savoie,0,www.ledauphine.com,Loisirs. 987 mètres de long pour 120 mètres de dénivelé : la plus longue tyrolienne à virages d’Europe ouvre samedi en Savoie,"C’est un équipement de loisirs relativement rare en France. Une tyrolienne à virages ouvre, ce samedi, à Saint-Sorlin-d’Arves, en Maurienne. Une activité originale, accessible à (presque) toute la famille et qui procure des sensations uniques. La SlalomFly, c…",https://cdn-s-www.ledauphine.com/images/42D34D66-5FAD-431F-9FA1-D5C7DC160FAB/FB1200/photo-1782931371.jpg,2026-07-01T17:52:00Z,http://web.archive.org/web/20260702050124/https://www.ledauphine.com/culture-loisirs/2026/07/01/987-metres-de-long-pour-120-metres-de-denivele-la-plus-longue-tyrolienne-a-virages-d-europe-ouvre-samedi-en-savoie,"À la sortie de Saint-Sorlin-dArves, au bord des premiers virages du col de la Croix de Fer se dressent détranges pylônes de métal. Il ne sagit pas là dune nouvelle remontée mécanique, mais dune infra… [+595 chars]",,fr,'France'
https://www.20minutes.fr/sport/football/4232351-20260702-direct-coupe-monde-2026-devant-public-etats-unis-jouent-contre-bosnie-place-8es,https://www.20minutes.fr/sport/football/4232351-20260702-direct-coupe-monde-2026-devant-public-etats-unis-jouent-contre-bosnie-place-8es,0,www.20minutes.fr,"EN DIRECT Coupe du monde 2026 : Réduite à 10, Team USA domine la Bosnie et rejoint la Belgique en 8es…","Suivez avec nous le Mondial-2026 aux Etats-Unis, au Mexique et au Canada",https://img.20mn.fr/DbT3aDPjRgihpPyUjotNBSk/1444x920_l-americain-malik-tillman-17-ans-celebre-avec-l-americain-giovanni-reyna-7-apres-avoir-marque-sur-un-coup-franc-lors-du-match-des-16es-de-finale-de-la-coupe-du-monde-de-football-entre-les-etats-unis-et-la-bosnie-a-santa-clara-en-californie-pres-de-san-francisco-le-mercredi-1er-juillet-2026-ap-photo-martin-meissner-wcmt152-26183069720595-2607020357,2026-07-01T23:58:47Z,http://web.archive.org/web/20260702000514/https://www.20minutes.fr/sport/football/4232351-20260702-direct-coupe-monde-2026-devant-public-etats-unis-jouent-contre-bosnie-place-8es,"04h19
Comme les deux autres pays organisateurs (Mexique et Canada), les Etats-Unis se sont donc qualifiés pour les 8es de finale. Team USA affrontera lundi la Belgique (mardi 02 heures à Paris), mai… [+3366 chars]",,fr,'Canada'
https://www.courrierinternational.com/article/football-entre-disneyland-et-la-rome-antique-le-sofi-stadium-est-l-eldorado-du-divertissement-americain_245711,https://www.courrierinternational.com/article/football-entre-disneyland-et-la-rome-antique-le-sofi-stadium-est-l-eldorado-du-divertissement-americain_245711,0,www.courrierinternational.com,"Entre Disneyland et la Rome antique, le SoFi Stadium est l’eldorado du divertissement américain","Le stade situé à Inglewood, dans le comté de Los Angeles, en Californie, est indéniablement le plus beau de la Coupe du monde 2026 aux États-Unis. Il accueillera Espagne-Autriche en seizièmes de finale, ce jeudi 2 juillet. “11 Freunde”, magazine allemand cons…",https://focus.courrierinternational.com/2026/07/01/0/0/5565/3710/1200/630/60/0/bdb2a9d_ftp-1-2ytrlesqbbsx-2284103660.jpg,2026-07-02T03:00:18Z,,"Alignées comme à la parade au bord du lac artificiel, à lendroit précis où une petite cascade de 50 centimètres de haut anime le bassin, des mouettes accueillent le visiteur qui pénètre dans lenceint… [+1085 chars]",,fr,'Espagne'
https://france3-regions.franceinfo.fr/auvergne-rhone-alpes/savoie/video-ca-a-change-la-vie-de-ma-famille-en-savoie-la-plus-grande-experience-francaise-de-securite-sociale-alimentaire-remet-le-couvert-3379192.html,https://france3-regions.franceinfo.fr/auvergne-rhone-alpes/savoie/video-ca-a-change-la-vie-de-ma-famille-en-savoie-la-plus-grande-experience-francaise-de-securite-sociale-alimentaire-remet-le-couvert-3379192.html,0,france3-regions.franceinfo.fr,"VIDÉO. “Ça a changé la vie de ma famille” : en Savoie, la plus grande expérience française de ""sécurité sociale alimentaire"" remet le couvert","Ils étaient près de 500 l’an dernier et seront le double cette année à profiter de la ""sécurité sociale alimentaire"". Dans le cadre de cette expérimentation menée en Savoie, ils bénéficient tous d'une aide financière libellée en monnaie locale pour manger plu…",https://france3-regions.franceinfo.fr/image/MPJ2G-tSG8tQi8FPWGa4VLyYZkc/930x620/regions/2026/07/01/6a451a6e12fed087438485.jpg,2026-07-02T04:05:03Z,,"Ils étaient près de 500 lan dernier et seront le double cette année à profiter de la ""sécurité sociale alimentaire"". Dans le cadre de cette expérimentation menée en Savoie, ils bénéficient tous d'une… [+5850 chars]",,fr,'Savoie'
https://www.huffingtonpost.fr/sport/article/la-fin-du-match-qui-a-permis-aux-belges-de-battre-le-senegal-etait-simplement-miraculeuse_281954.html,https://www.huffingtonpost.fr/sport/article/la-fin-du-match-qui-a-permis-aux-belges-de-battre-le-senegal-etait-simplement-miraculeuse_281954.html,0,www.huffingtonpost.fr,La fin du match qui a permis aux Belges de battre le Sénégal était simplement miraculeuse,"Après avoir longtemps été menée 2-0, la Belgique a remonté un retard de deux buts pour s’imposer face au Sénégal au terme de la prolongation et se hisser en huitièmes de finale.",https://focus.huffingtonpost.fr/2026/07/02/277/0/5329/2997/1820/1023/75/0/a0291e4_upload-1-vl6t0yu59e9k-afp-20260701-2284228651-v1-highres-belgiumvsenegalroundof32fifaworldcup2026-2.jpg,2026-07-02T05:18:07Z,,"In extremis. La Belgique a arraché mercredi 1er juillet sa qualification pour les 8e de finale du Mondial en battant le Sénégal grâce à un pénalty transformé en toute fin de prolongation (3-2).
Alor… [+3253 chars]",,fr,'Belge'
https://www.20minutes.fr/sport/football/4232240-20260702-coupe-monde-2026-connaissait-deja-marseillaise-quand-michael-olise-choisi-bleus-17-ans,https://www.20minutes.fr/sport/football/4232240-20260702-coupe-monde-2026-connaissait-deja-marseillaise-quand-michael-olise-choisi-bleus-17-ans,0,www.20minutes.fr,Coupe du monde 2026 : « Il connaissait déjà la Marseillaise »… Quand Michael Olise a choisi les Bleus à 17 ans,"Si le natif de Londres brille cet été au Mondial avec le maillot de l’équipe de France, ses débuts méconnus avec les sélections jeunes tricolores remontent au tournoi Maurice Revello de juin 2019, avec la catégorie U18",https://img.20mn.fr/wDCuU4aoQKu6MvnNid6Kdik/1444x920_usage-editorial-uniquement-credit-obligatoire-photo-de-paul-dennis-tgs-photo-rex-10266545f-michael-olise-du-reading-fc-et-de-la-france-en-action-lors-du-tournoi-maurice-revello-football-organise-au-stade-de-lattre-de-tassigny-le-2-juin-2019-france-des-moins-de-18-ans-contre-le-qatar-des-moins-de-23-ans-tournoi-maurice-revello-football-stade-de-lattre-de-tassigny-aubagne-bouches-du-rhone-france-02-juin-2019-rex-france-under18-v-qatar-under23-10266545f-usage-editorial-seulement-1906021751,2026-07-02T05:47:36Z,http://web.archive.org/web/20260702215117/https://www.20minutes.fr/sport/football/4232240-20260702-coupe-monde-2026-connaissait-deja-marseillaise-quand-michael-olise-choisi-bleus-17-ans,"Dans lemballement de son divin récital contre la Suède (3-0) mardi, le storytelling en France pousse à croire que Michael Olise a attendu le prestige des JO de Paris 2024, quil a privilégiés à un Eur… [+6493 chars]",,fr,'Rhône'
https://www.franceinfo.fr/societe/prisons/reguler-les-places-amenager-les-peines-la-controleure-generale-des-prisons-formule-trois-recommandations-pour-les-prisons-de-fresnes-et-grenoble_8089361.html,https://www.franceinfo.fr/societe/prisons/reguler-les-places-amenager-les-peines-la-controleure-generale-des-prisons-formule-trois-recommandations-pour-les-prisons-de-fresnes-et-grenoble_8089361.html,0,www.franceinfo.fr,"Réguler les places, aménager les peines...La contrôleure générale des prisons formule trois recommandations pour les prisons de Fresnes et Grenoble","Dominique Simonnot alerte sur la ""gravité de la situation"" dans les établissements pénitentiaires français certaines déjà exprimées les années précédentes devant la surpopulation carcérale en hausse constante.",https://www.franceinfo.fr/pictures/H9AXZI5v4Er_yhrumbx0nF0thak/0x0:1280x720/1500x843/2022/08/24/php5a2q8n.jpg,2026-07-02T05:56:49Z,,"La sonnette d'alarme est tirée. ""Aucune mesure d'envergure nationale n'a été prise"" en près de trois ans afin de freiner la surpopulation carcérale en France, qui ne cesse de battre des records, aler… [+4037 chars]",,fr,'Isère'
https://www.journaldugeek.com/2026/07/02/moustique-tigre-voici-les-endroits-en-france-a-bannir-pour-eviter-les-piqures/,https://www.journaldugeek.com/2026/07/02/moustique-tigre-voici-les-endroits-en-france-a-bannir-pour-eviter-les-piqures/,0,www.journaldugeek.com,Moustique tigre : voici les endroits en France à bannir pour éviter les piqûres,"Le cauchemar de vos étés est de retour, et il ne s'agit pas de la canicule.",https://www.journaldugeek.com/app/uploads/2026/07/moustique-tigre-1600x900.jpg,2026-07-02T06:00:35Z,,"En 2004, les moustiques tigres ne s’étaient implantés que dans un seul département français. Vingt-deux ans plus tard, il en occupe 81, soit 84 % du territoire métropolitain. La progression a été rap… [+2389 chars]",,fr,'France'
https://www.telerama.fr/arts-expositions/les-meilleures-expos-gratuites-a-voir-a-paris-en-juillet-2026-4242-7029217.php,https://www.telerama.fr/arts-expositions/les-meilleures-expos-gratuites-a-voir-a-paris-en-juillet-2026-4242-7029217.php,0,www.telerama.fr,Les meilleures expos gratuites à voir à Paris en juillet 2026,"La peinture par points de l’artiste aborigène Konstantina, les toiles débordantes de vie d’Emmanuel Awuni, un campement de fortune dans le désert californien photographié par Laura Henno… Notre sélection d’expos en accès libre, mise à jour chaque semaine.",https://focus.telerama.fr/2026/06/29/48/0/3196/2130/1200/800/60/0/e42f9c8_upload-1-2ubytaxq7l3d-4951-konstantina-arts-d-australie-ste-phane-jacob.jpg,2026-07-02T07:42:42Z,,"Pour soutenir le travail de toute une rédaction, abonnez-vousPourquoi voyez-vous ce message ?
 Vous avez choisi de ne pas accepter le dépôt de ""cookies"" sur votre navigateur, qui permettent notammen… [+616 chars]",,fr,'Paris'
https://www.globenewswire.com/news-release/2026/07/02/3321129/0/fr/D%C3%A9claration-du-nombre-total-de-droits-de-vote-et-d-actions-composant-le-capital-social-de-74Software-au-30-juin-2026.html,https://www.globenewswire.com/news-release/2026/07/02/3321129/0/fr/D%C3%A9claration-du-nombre-total-de-droits-de-vote-et-d-actions-composant-le-capital-social-de-74Software-au-30-juin-2026.html,0,www.globenewswire.com,Déclaration du nombre total de droits de vote et d’actions composant le capital social de 74Software au 30 juin 2026,"Communiqué de presse  Déclaration du nombre total de droits de vote et d’actions composant le capital social de 74Software au 30 juin 2026  Paris, le 2...",https://ml-eu.globenewswire.com/Resource/Download/d76686e2-b26d-4fc8-8254-0edf1213c6a7,2026-07-02T08:00:00Z,,"Communiqué de presse
Déclaration du nombre total de droits de vote et dactions composant le capital social de 74Software au 30 juin 2026
Paris, le 2 juillet 2026 Conformément aux articles L.233-8 I… [+1951 chars]",,fr,'Paris'
https://www.telerama.fr/musique/enrique-mazzola-a-l-opera-de-paris-un-chef-lyrique-doit-avoir-les-yeux-et-les-oreilles-partout-7031884.php,https://www.telerama.fr/musique/enrique-mazzola-a-l-opera-de-paris-un-chef-lyrique-doit-avoir-les-yeux-et-les-oreilles-partout-7031884.php,0,www.telerama.fr,Enrique Mazzola à l’Opéra de Paris : “Un chef lyrique doit avoir les yeux et les oreilles partout ”,"Le plus français des chefs italiens revient à Paris après sept ans d’absence pour diriger “La Cenerentola”, le fascinant opéra de Rossini, à Garnier. Une première dans la fosse de l’institution parisienne. À voir les 2, 8 et 11 juillet.",https://focus.telerama.fr/2026/06/19/181/304/2484/1656/1200/800/60/0/e14ae9f_upload-1-ienfo0j0ajhx-telerama-005882-010.jpg,2026-07-02T08:00:16Z,,"Le plus français des chefs italiens revient à Paris après sept ans dabsence pour diriger La Cenerentola, le fascinant opéra de Rossini, à Garnier. Une première dans la fosse de linstitution parisienn… [+7409 chars]",,fr,'Paris'
https://www.bfmtv.com/culture/musique/invites-chansons-surprises-les-temps-forts-du-concert-de-bad-bunny-a-marseille_AN-202607020401.html,https://www.bfmtv.com/culture/musique/invites-chansons-surprises-les-temps-forts-du-concert-de-bad-bunny-a-marseille_AN-202607020401.html,0,www.bfmtv.com,"Invités, chansons surprises,... Les temps forts du concert de Bad Bunny à Marseille","Pour le premier de ses trois concerts en France, ce mercredi 1er juillet, la star portoricaine a fait danser les 65.000 spectateurs du stade Vélodrome de Marseille au rythme de ses plus grands tubes.",https://images.bfmtv.com/KjtGFPQ-hKuAq3VTz-f_rJJDSnk=/0x8:2048x1160/2048x0/images/Le-chanteur-portoricain-Bad-Bunny-en-concert-au-velodrome-de-Marseille-le-1er-juillet-2026-2313815.jpg,2026-07-02T08:09:29Z,http://web.archive.org/web/20260702090709/https://www.bfmtv.com/culture/musique/invites-chansons-surprises-les-temps-forts-du-concert-de-bad-bunny-a-marseille_AN-202607020401.html,"Pour le premier de ses trois concerts en France, ce mercredi 1er juillet, la star portoricaine a fait danser les 65.000 spectateurs du stade Vélodrome de Marseille au rythme de ses plus grands tubes.… [+2370 chars]",,fr,'France'
https://www.lavenir.net/regions/luxembourg/sports/2026/07/02/le-messanceen-fabrice-poncelet-a-suivi-les-trois-premieres-rencontres-des-diables-aux-usa-le-cout-entre-2500-et-3000-BLERVT65OFDX5NRIB5TBGQEZUI/,https://www.lavenir.net/regions/luxembourg/sports/2026/07/02/le-messanceen-fabrice-poncelet-a-suivi-les-trois-premieres-rencontres-des-diables-aux-usa-le-cout-entre-2500-et-3000-BLERVT65OFDX5NRIB5TBGQEZUI/,0,www.lavenir.net,"Le Messancéen Fabrice Poncelet a suivi les trois premières rencontres des Diables aux USA: ""Le coût? Entre 2500 et 3000€""","Fabrice Poncelet a traversé l’Atlantique avec des amis des Reds Messancy et Diabolux pour encourager Meunier, Castagne et consorts. ...",https://www.lavenir.net/resizer/v2/O5IHLZWXPBH4RFTI4KATVBNFWY.jpg?auth=1531b670331239deb63337fa3f4a33b7d6b61f58e0be4827bec1707307ffae5d&width=1200&height=630&quality=85&focal=550%2C412,2026-07-02T08:29:00Z,,"""C'est ma cinquième Coupe du Monde, le football et visiter des villes, c'est ma passion, avance""Ponpon"". J'adore les États-Unis. Je m'y étais déjà rendu lors du Mondial 1994 et j'avais effectué le dé… [+2375 chars]",,fr,'Paris'
https://www.globenewswire.com/news-release/2026/07/02/3321135/0/fr/Bilan-semestriel-du-contrat-de-liquidit%C3%A9-Du-1er-janvier-au-30-juin-2026.html,https://www.globenewswire.com/news-release/2026/07/02/3321135/0/fr/Bilan-semestriel-du-contrat-de-liquidit%C3%A9-Du-1er-janvier-au-30-juin-2026.html,0,www.globenewswire.com,Bilan semestriel du contrat de liquidité - Du 1er janvier au 30 juin 2026,"BILAN SEMESTRIEL DU CONTRAT DE LIQUIDITE DE LA SOCIETE NEXANS  _COMMUNIQUÉ DE PRESSE_  Paris, le 2 juillet 2026 – Au titre du contrat de liquidité...",https://ml-eu.globenewswire.com/Resource/Download/6992f746-d04a-47c1-ab56-c4f47722dd9a,2026-07-02T08:40:00Z,,"BILAN SEMESTRIEL DU CONTRAT DE LIQUIDITE DE LA SOCIETE NEXANS
_COMMUNIQUÉ DE PRESSE_
Paris, le 2 juillet 2026 Au titre du contrat de liquidité confié par NEXANS SA à NATIXIS ODDO BHF, les ressource… [+2834 chars]",,fr,'Paris'
https://www.journaldugeek.com/2026/07/02/discretement-canal-retire-trois-chaines-tf1-de-son-offre-en-france/,https://www.journaldugeek.com/2026/07/02/discretement-canal-retire-trois-chaines-tf1-de-son-offre-en-france/,0,www.journaldugeek.com,"Discrètement, Canal+ retire trois chaînes TF1 de son offre en France","Depuis le 1er juillet, trois chaînes du groupe TF1 ont disparu des offres Canal+ en France et en Suisse. En Afrique, ce sont les sept antennes qui s'éteignent d'un coup.",https://www.journaldugeek.com/app/uploads/2026/07/TV-1600x900.jpg,2026-07-02T09:00:46Z,http://web.archive.org/web/20260702121003/https://www.journaldugeek.com/2026/07/02/discretement-canal-retire-trois-chaines-tf1-de-son-offre-en-france/,"Cette semaine, certains abonnés Canal+ ont allumé leur télé, et sont tombés sur du vide. Cette fois, il ne s’agit ni d’une panne, ni d’un bug de décodeur, mais bien d’une décision commerciale, prise … [+3196 chars]",,fr,'Suisse'
https://www.franceinfo.fr/faits-divers/police/le-parquet-annonce-saisir-l-igpn-d-une-enquete-pour-violences-ayant-entraine-la-mort-apres-le-deces-d-une-femme-survenant-apres-des-tirs-policiers-a-paris_8089841.html,https://www.franceinfo.fr/faits-divers/police/le-parquet-annonce-saisir-l-igpn-d-une-enquete-pour-violences-ayant-entraine-la-mort-apres-le-deces-d-une-femme-survenant-apres-des-tirs-policiers-a-paris_8089841.html,0,www.franceinfo.fr,Une enquête pour violences ayant entraîné la mort confiée à l'IGPN après le décès d'une femme à la suite de tirs policiers à Paris,"Selon les premiers éléments transmis au parquet, la victime a ""subitement agressé"" une policière en ""effectuant de grands gestes avec un couteau de boucher"" et un fonctionnaire a alors ""fait usage de son arme à feu"".",https://www.franceinfo.fr/pictures/obhOpA76wZDZRmN3gtJGmK2NZlw/0x53:1024x629/1500x843/2026/07/02/6a46272c92828440351524.jpg,2026-07-02T09:11:41Z,,"Le parquet de Paris a annoncé, jeudi 2 juillet à l'AFP, l'ouverture d'une enquête pour violences ayant entraîné la mort, confiée à l'Inspection générale de la police nationale (IGPN), après le décès … [+1288 chars]",,fr,'Paris'
https://www.ledauphine.com/coupe-du-monde-de-football/2026/07/02/un-selectionneur-francais-encore-endeuille-debut-de-mutinerie-au-senegal-suivez-la-22e-journee-du-mondial,https://www.ledauphine.com/coupe-du-monde-de-football/2026/07/02/un-selectionneur-francais-encore-endeuille-debut-de-mutinerie-au-senegal-suivez-la-22e-journee-du-mondial,0,www.ledauphine.com,"Coupe du monde 2026. Un sélectionneur français encore endeuillé, Pape Gueye critique le staff sénégalais... Suivez la 22e journée du Mondial","Suite des seizièmes de finale de la Coupe du monde ce jeudi, avec notamment l'affiche Espagne-Autriche (21h). En attendant, la nuit dernière a été riche en émotions, notamment au sein des sélections africaines éliminées, la République démocratique du Congo et…",https://cdn-s-www.ledauphine.com/images/EDB417B3-A52A-4400-90A8-2A1C02A82391/FB1200/photo-1782980666.jpg,2026-07-02T09:15:00Z,,"<li>12:08
Joyeux anniversaire Neil El Aynaoui
Le milieu marocain de l'AS Roma, né à Nancy, fête ce jeudi ses 25 ans. Les Lions de l'Atlas ont rendez-vous en huitièmes de finale avec le Canada, ce s… [+9207 chars]",,fr,'Paris'
https://www.bfmtv.com/international/ce-qui-est-perdu-est-perdu-serge-atlaoui-ex-condamne-a-mort-en-indonesie-raconte-l-enfer-qu-il-a-vecu_AN-202607020466.html,https://www.bfmtv.com/international/ce-qui-est-perdu-est-perdu-serge-atlaoui-ex-condamne-a-mort-en-indonesie-raconte-l-enfer-qu-il-a-vecu_AN-202607020466.html,0,www.bfmtv.com,"""Ce qui est perdu est perdu"": Serge Atlaoui, ex-condamné à mort en Indonésie, raconte ""l'enfer"" qu'il a vécu","Serge Atlaoui a passé près de 20 ans dans les geôles indonésiennes, avant d'être rapatrié en France. Celui qui était condamné à mort raconte comment il a ""tenu"".",https://images.bfmtv.com/7x77o39bKOrCC5MWgo_j58FfCTA=/0x40:768x472/768x0/images/Le-Francais-Serge-Atlaoui-a-sa-sortie-de-la-prison-de-Meaux-Chauconin-le-18-juillet-2025-2113168.jpg,2026-07-02T09:28:29Z,http://web.archive.org/web/20260703020024/https://www.bfmtv.com/international/ce-qui-est-perdu-est-perdu-serge-atlaoui-ex-condamne-a-mort-en-indonesie-raconte-l-enfer-qu-il-a-vecu_AN-202607020466.html,"Serge Atlaoui a passé près de 20 ans dans les geôles indonésiennes, avant d'être rapatrié en France. Celui qui était condamné à mort raconte comment il a ""tenu"".
Il assure vivre ""normalement"", même … [+3867 chars]",,fr,'Indonésie'
https://www.ledauphine.com/faits-divers-justice/2026/07/02/alexis-kohler-poursuivi-pour-prise-illegale-d-interets-une-partie-des-faits-juges-prescrits,https://www.ledauphine.com/faits-divers-justice/2026/07/02/alexis-kohler-poursuivi-pour-prise-illegale-d-interets-une-partie-des-faits-juges-prescrits,0,www.ledauphine.com,Paris. Alexis Kohler poursuivi pour prise illégale d'intérêts : une partie des faits jugés prescrits,L'ancien secrétaire général de l'Elysée était soupçonné de prise illégale d'intérêts dans l’enquête sur ses liens familiaux avec l’armateur MSC.,https://cdn-s-www.ledauphine.com/images/38B2575B-38B1-496C-B2EA-5F8118792565/FB1200/photo-1782987874.jpg,2026-07-02T10:25:00Z,http://web.archive.org/web/20260703020234/https://www.ledauphine.com/faits-divers-justice/2026/07/02/alexis-kohler-poursuivi-pour-prise-illegale-d-interets-une-partie-des-faits-juges-prescrits,"Le Dauphiné Libéré, en tant que responsable de traitement, recueille dans ce formulaire des informations qui sont enregistrées dans un fichier informatisé par son Service Relations Clients, la finali… [+854 chars]",,fr,'Paris'
https://france3-regions.franceinfo.fr/provence-alpes-cote-d-azur/var/toulon/paris-truques-gardes-a-vue-jugement-en-2027-six-questions-sur-l-affaire-qui-secoue-dylan-rocher-et-la-petanque-francaise-3379831.html,https://france3-regions.franceinfo.fr/provence-alpes-cote-d-azur/var/toulon/paris-truques-gardes-a-vue-jugement-en-2027-six-questions-sur-l-affaire-qui-secoue-dylan-rocher-et-la-petanque-francaise-3379831.html,0,france3-regions.franceinfo.fr,"Paris truqués, gardes à vue, jugement en 2027 : quatre questions sur l’affaire qui secoue Dylan Rocher et la pétanque française","À deux jours du Mondial La Marseillaise à pétanque, plusieurs stars du circuit français sont mises en cause dans une enquête pour soupçons de match truqué et de paris sportifs frauduleux. Jugés en 2027, ils contestent les accusations tandis que la justice pou…",https://france3-regions.franceinfo.fr/image/Q9A4-rIGptCG2sjNkX_cToSKztA/930x620/regions/2026/07/02/6a4638909b370595348545.jpg,2026-07-02T10:28:32Z,,"À deux jours du Mondial La Marseillaise à pétanque, plusieurs stars du circuit français sont mises en cause dans une enquête pour soupçons de match truqué et de paris sportifs frauduleux. Jugés en 20… [+7587 chars]",,fr,'Paris'
https://www.franceinfo.fr/culture/reportage-je-suis-fiere-de-lui-a-marseille-bad-bunny-enflamme-le-velodrome-et-confirme-son-statut-d-icone-latino_8089877.html,https://www.franceinfo.fr/culture/reportage-je-suis-fiere-de-lui-a-marseille-bad-bunny-enflamme-le-velodrome-et-confirme-son-statut-d-icone-latino_8089877.html,0,www.franceinfo.fr,"REPORTAGE. ""Je suis fière de lui !"" : à Marseille, Bad Bunny enflamme le Vélodrome et confirme son statut d'icône latino","Show à l'américaine, engagement et célébration de la culture ""reggaeton""... Pour sa première date en France, l'artiste de 32 ans a marqué les spectateurs.",https://www.franceinfo.fr/pictures/abqgz-nfMQDOWYv2rbqTeqFX1EQ/0x288:5532x3400/1500x843/2026/07/02/6a46413fe59ee617410612.jpg,2026-07-02T10:46:21Z,,"Ce n'était pas le Super Bowl, mais Bad Bunny a enflammé la scène du Vélodrome à Marseille. La cité phocéenne a accueilli dans la soirée de mercredi 1er juillet l'une des stars de la musique les plus … [+1982 chars]",,fr,'France'
https://www.lalibre.be/planete/sciences-espace/2026/07/02/nez-barbie-ou-kate-middleton-se-faire-refaire-le-nez-une-tres-vieille-histoire-UBCOPWCN6BB5TIHQSU76W24IQ4/,https://www.lalibre.be/planete/sciences-espace/2026/07/02/nez-barbie-ou-kate-middleton-se-faire-refaire-le-nez-une-tres-vieille-histoire-UBCOPWCN6BB5TIHQSU76W24IQ4/,0,www.lalibre.be,"Nez ""Barbie"" ou ""Kate Middleton"" ? Se faire refaire le nez, une très vieille histoire","Les premiers traitements des déformations nasales remontent à l’Égypte ancienne. Le père de la chirurgie esthétique a pour sa part vécu en Inde, il y a 2 600 ans. Deuxième épisode de notre série : “Ces actes chirurgicaux qui remontent à la nuit des temps”. ...",https://www.lalibre.be/resizer/v2/3AUVD27OY5EWBKT742FVNRXARE.jpg?auth=0a6afe3c71edf2f0d4f4743b8484cbb4e4e32f702f520491de72efedc98dc65f&width=1200&height=630&quality=85&focal=500%2C309,2026-07-02T11:33:58Z,http://web.archive.org/web/20260703064943/https://www.lalibre.be/planete/sciences-espace/2026/07/02/nez-barbie-ou-kate-middleton-se-faire-refaire-le-nez-une-tres-vieille-histoire-UBCOPWCN6BB5TIHQSU76W24IQ4/,"En Ukraine, la chirurgie reconstructrice offre une nouvelle vie aux vétérans : ""Tu as changé à l'extérieur, mais tu es toujours mon papa""Le traité médical décrit 48 blessures, de la fracture du crâne… [+6147 chars]",,fr,'Népal'
https://www.journaldugeek.com/2026/07/02/une-partie-des-transports-en-commun-parisiens-passe-au-prive-ca-change-quoi/,https://www.journaldugeek.com/2026/07/02/une-partie-des-transports-en-commun-parisiens-passe-au-prive-ca-change-quoi/,0,www.journaldugeek.com,"Une partie des transports en commun parisiens passe au privé, ça change quoi ?","Quatre lignes de train, sept de tramway, cinq lots mis sur le marché. L'Île-de-France s'attaque au dernier bastion de la RATP et de la SNCF, mais pour quoi faire ?",https://www.journaldugeek.com/app/uploads/2026/05/metro-automatique-1600x900.jpg,2026-07-02T11:34:45Z,,"Plus de deux millions de voyageurs quotidiens, cinq contrats et un monopole vieux de plusieurs décennies qui commence à se fissurer. Le 2 juillet, le conseil d’administration d’Île-de-France Mobilité… [+2789 chars]",,fr,'France'
https://www.sofoot.com/breves/un-gardien-palestinien-tue-a-gaza-apres-des-frappes-israeliennes,https://www.sofoot.com/breves/un-gardien-palestinien-tue-a-gaza-apres-des-frappes-israeliennes,0,www.sofoot.com,Un gardien palestinien tué à Gaza après des frappes israéliennes,"La Fédération palestinienne de football (PFA) a annoncé la mort de Saleem Khader Al-Ashqar, le gardien de but du…",https://sofoot.s3.eu-central-1.amazonaws.com/wp-content/uploads/2026/07/02144438/ICONSPORT_261406_1801-1400x933.jpg,2026-07-02T11:55:06Z,http://web.archive.org/web/20260702170912/https://www.sofoot.com/breves/un-gardien-palestinien-tue-a-gaza-apres-des-frappes-israeliennes,"La Fédération palestinienne de football (PFA) a annoncé la mort de Saleem Khader Al-Ashqar, le gardien de but du club Khadamat Khan Younis, dans la bande de Gaza. Ce lundi 29 juin, il aurait été frap… [+696 chars]",,fr,'Palestine'
https://www.huffingtonpost.fr/culture/video/le-concert-de-bad-bunny-au-velodrome-a-flatte-l-ego-des-marseillais-avec-ces-surprises_282232.html,https://www.huffingtonpost.fr/culture/video/le-concert-de-bad-bunny-au-velodrome-a-flatte-l-ego-des-marseillais-avec-ces-surprises_282232.html,0,www.huffingtonpost.fr,Le concert de Bad Bunny au Vélodrome a flatté l’ego des Marseillais avec ces surprises,"L’artiste portoricain a fait un stop à Marseille avant ses deux dates à Paris. Tenue Jacquemus, duo surprise et reprise de la Marseillaise, il a conquis le public.",https://focus.huffingtonpost.fr/2026/07/02/0/0/1920/1080/1820/1023/75/0/281face_upload-1-w4p8omrg7h6v-bb.jpg,2026-07-02T13:31:30Z,,"La lecture de ce contenu est susceptible dentraîner un dépôt de cookies de la part de lopérateur tiers qui lhéberge. Compte-tenu des choix que vous avez exprimés en matière de dépôt de cookies, nous … [+2226 chars]",,fr,'Rhône'
https://www.ledauphine.com/economie/2026/07/02/le-velo-cargo-teste-par-les-artisans-une-experience-positive-mais,https://www.ledauphine.com/economie/2026/07/02/le-velo-cargo-teste-par-les-artisans-une-experience-positive-mais,0,www.ledauphine.com,Chambéry. Le vélo-cargo testé par les artisans : une expérience positive mais…,"Durant le mois de juin, cinq entreprises artisanales de Savoie ont testé le vélo-cargo pour leurs déplacements professionnels urbains avec pour objectif d’évaluer la pertinence de cette alternative à la voiture.",https://cdn-s-www.ledauphine.com/images/0B0D8EE4-F215-49D7-B65B-9A9C04542592/FB1200/photo-1782998982.jpg,2026-07-02T13:37:00Z,http://web.archive.org/web/20260702145227/https://www.ledauphine.com/economie/2026/07/02/le-velo-cargo-teste-par-les-artisans-une-experience-positive-mais,"Le Dauphiné Libéré, en tant que responsable de traitement, recueille dans ce formulaire des informations qui sont enregistrées dans un fichier informatisé par son Service Relations Clients, la finali… [+854 chars]",,fr,'Savoie'
https://www.presse-citron.net/un-clic-et-tout-est-perdu-cest-quoi-larnaque-leboncoin-qui-fait-un-carnage-en-france/,https://www.presse-citron.net/un-clic-et-tout-est-perdu-cest-quoi-larnaque-leboncoin-qui-fait-un-carnage-en-france/,0,www.presse-citron.net,Un clic et tout est perdu : c’est quoi l’arnaque Leboncoin qui fait un carnage en France ?,Il vaut mieux éviter de se procurer cet appareil sur le site de petites annonces.,https://www.presse-citron.net/app/uploads/2025/07/leboncoin-france-justice-1600x900.jpg,2026-07-02T13:52:39Z,http://web.archive.org/web/20260702175456/https://www.presse-citron.net/un-clic-et-tout-est-perdu-cest-quoi-larnaque-leboncoin-qui-fait-un-carnage-en-france/,"Au fil des années, Leboncoin est devenu le géant incontesté des petites annonces et de la vente dobjets doccasion entre particuliers en France. Très prisé des Français, ce site a logiquement attiré l… [+3144 chars]",,fr,'France'
https://www.sofoot.com/breves/pronostic-portugal-croatie-analyse-cotes-et-prono-coupe-du-monde,https://www.sofoot.com/breves/pronostic-portugal-croatie-analyse-cotes-et-prono-coupe-du-monde,0,www.sofoot.com,"Pronostic Portugal Croatie : analyse, cotes et prono Coupe du Monde","Pronostic Portugal Croatie : analyse complète, cotes et notre pari Portugal vainqueur pour ce seizième de finale de Coupe du Monde. Découvrez nos conseils.",https://sofoot.s3.eu-central-1.amazonaws.com/wp-content/uploads/2026/07/02111632/derby-1065527-1782983792.png,2026-07-02T14:10:41Z,,"Pronostic Portugal Croatie : analyse complète, cotes et notre pari Portugal vainqueur pour ce seizième de finale de Coupe du Monde. Découvrez nos conseils.
Informations clés
<ul><li>Portugal invain… [+7462 chars]",,fr,'Nigeria'
https://www.ledauphine.com/economie/2026/07/02/leger-mieux-pour-la-metallurgie-les-entreprises-ont-besoin-de-stabilite,https://www.ledauphine.com/economie/2026/07/02/leger-mieux-pour-la-metallurgie-les-entreprises-ont-besoin-de-stabilite,0,www.ledauphine.com,Haute-Savoie. Léger mieux pour la métallurgie : « Les entreprises ont besoin de stabilité »,"L’activité dans la métallurgie s’est améliorée début 2026 même si la situation est contrastée selon les secteurs. Mais les dirigeants des entreprises industrielles se disent inquiets de la situation économique du pays, et réclament de la stabilité et de la vi…",https://cdn-s-www.ledauphine.com/images/CC293F07-1242-4DCC-A3BF-5D70D2A7068D/FB1200/photo-1783001764.jpg,2026-07-02T14:17:00Z,http://web.archive.org/web/20260702143621/https://www.ledauphine.com/economie/2026/07/02/leger-mieux-pour-la-metallurgie-les-entreprises-ont-besoin-de-stabilite,"Lannée 2026 a commencé sur une note bien plus positive que 2025. Une amélioration, fragile et contrastée selon les secteurs, mais qui se poursuit au deuxième trimestre, relève Gilles Mollard, préside… [+417 chars]",,fr,'Savoie'
https://www.monde-diplomatique.fr/2026/07/JOUSNI/69721,https://www.monde-diplomatique.fr/2026/07/JOUSNI/69721,0,www.monde-diplomatique.fr,"Marseille, les prolos, les bobos","La cité phocéenne aurait-elle définitivement basculé du côté de la « ville-spectacle » ? Plusieurs travaux révèlent qu'au sein du Marseille populaire le mistral de la résistance souffle encore. Dans une somme impressionnante, l'essayiste Alèssi Dell'Umbria re…",https://www.monde-diplomatique.fr/IMG/jpg/lesfilsquisetouchent.jpg,2026-07-02T14:26:30Z,http://web.archive.org/web/20260702175641/https://www.monde-diplomatique.fr/2026/07/JOUSNI/69721,"La cité phocéenne aurait-elle définitivement basculé du côté de la « ville-spectacle » ? Plusieurs travaux révèlent quau sein du Marseille populaire le mistral de la résistance souffle encore.
Dans … [+3735 chars]",,fr,'Marseille'
https://www.huffingtonpost.fr/france/video/deja-7-000-departs-de-feu-en-france-annonce-lecornu-le-point-sur-les-incendies-en-cours_282243.html,https://www.huffingtonpost.fr/france/video/deja-7-000-departs-de-feu-en-france-annonce-lecornu-le-point-sur-les-incendies-en-cours_282243.html,0,www.huffingtonpost.fr,"« Déjà 7 000 départs de feu » en France annonce Lecornu, le point sur les incendies en cours","En raison du vent et des fortes chaleurs, d’importants incendies se sont déclarés dans le sud du pays. Sébastien Lecornu évoque une situation « tendue ».",https://focus.huffingtonpost.fr/2026/07/02/163/323/760/428/1820/1023/75/0/35fa8d7_upload-1-dasr4tqvda7r-afp-20260702-b93734p-v1-midres-francefire.jpg,2026-07-02T15:57:11Z,,"La lecture de ce contenu est susceptible dentraîner un dépôt de cookies de la part de lopérateur tiers qui lhéberge. Compte-tenu des choix que vous avez exprimés en matière de dépôt de cookies, nous … [+5408 chars]",,fr,'France'
https://www.ledauphine.com/faits-divers-justice/2026/07/02/une-femme-a-tente-de-s-immoler-par-le-feu-dans-le-palais-de-justice-pour-une-histoire-d-heritage,https://www.ledauphine.com/faits-divers-justice/2026/07/02/une-femme-a-tente-de-s-immoler-par-le-feu-dans-le-palais-de-justice-pour-une-histoire-d-heritage,0,www.ledauphine.com,Chambéry. Une femme a tenté de s’immoler par le feu dans le palais de justice pour une histoire d’héritage,"S’estimant lésée par la justice dans une affaire d’héritage, une femme de 67 ans est entrée dans le palais de justice de Chambéry avec un bidon d’essence et un briquet en mai dernier. Elle avait aussi menacé de mort des magistrats par courrier.",https://cdn-s-www.ledauphine.com/images/0407278E-1B0B-48B2-A1F4-7B7F95F50246/FB1200/photo-1783012934.jpg,2026-07-02T17:50:00Z,http://web.archive.org/web/20260703034132/https://www.ledauphine.com/faits-divers-justice/2026/07/02/une-femme-a-tente-de-s-immoler-par-le-feu-dans-le-palais-de-justice-pour-une-histoire-d-heritage,"Le Dauphiné Libéré, en tant que responsable de traitement, recueille dans ce formulaire des informations qui sont enregistrées dans un fichier informatisé par son Service Relations Clients, la finali… [+854 chars]",,fr,'Chambéry'
https://france3-regions.franceinfo.fr/auvergne-rhone-alpes/ain/689-kilometres-a-velo-en-moins-de-48-heures-quatre-ans-apres-avoir-frole-la-mort-ilse-lance-le-plus-gros-defi-de-sa-vie-3380002.html,https://france3-regions.franceinfo.fr/auvergne-rhone-alpes/ain/689-kilometres-a-velo-en-moins-de-48-heures-quatre-ans-apres-avoir-frole-la-mort-ilse-lance-le-plus-gros-defi-de-sa-vie-3380002.html,0,france3-regions.franceinfo.fr,"689 kilomètres à vélo en moins de 48 heures : quatre ans après avoir frôlé la mort, ilse lance le ""plus gros défi"" de sa vie","En juillet 2022, le jeune homme de 23 ans a subi un grave traumatisme crânien qui aurait pu lui coûter la vie. Le 26 juillet, il s'élancera à vélo sur les routes des Alpes pour rallier Thonon-les-Bains à Nice en moins de deux jours.",https://france3-regions.franceinfo.fr/image/6mBLlPeHG8ezESKjrVeWlDkxuRg/930x620/regions/2026/07/02/6a4671ccd982c121563864.jpg,2026-07-03T03:45:01Z,,"En juillet 2022, le jeune homme de 23 ans a subi un grave traumatisme crânien qui aurait pu lui coûter la vie. Le 26 juillet, il s'élancera à vélo sur les routes des Alpes pour rallier Thonon-les-Bai… [+3752 chars]",,fr,'Thonon-les-Bains'
https://www.franceinfo.fr/economie/automobile/airbags-takata/info-radio-france-un-nouvel-accident-mortel-lie-a-un-airbag-takata-en-haute-savoie_8090987.html,https://www.franceinfo.fr/economie/automobile/airbags-takata/info-radio-france-un-nouvel-accident-mortel-lie-a-un-airbag-takata-en-haute-savoie_8090987.html,0,www.franceinfo.fr,Un nouvel accident mortel lié à un airbag Takata en Haute-Savoie,"Selon une information de la cellule investigation de Radio France, un automobiliste a été tué par son airbag Takata en janvier dernier dans l’agglomération d’Annemasse en Haute-Savoie. Ces airbags sont mis en cause dans une cinquantaine d’accidents dont 22 mo…",https://www.franceinfo.fr/pictures/EBhK6OXk3i9ZrVmI4rG31HvXcTs/0x254:4898x3010/1500x843/2026/07/02/6a46d9e148676128953342.jpg,2026-07-03T04:27:36Z,http://web.archive.org/web/20260703062310/https://www.franceinfo.fr/economie/automobile/airbags-takata/info-radio-france-un-nouvel-accident-mortel-lie-a-un-airbag-takata-en-haute-savoie_8090987.html,"Le troisième accident mortel dans l'Hexagone. Un automobiliste a été tué par lairbag Takata de sa Citroën C3 sur une route de Haute-Savoie en janvier dernier, selon les informations de la cellule inv… [+2429 chars]",,fr,'Savoie'
https://www.ledauphine.com/economie/2026/07/03/le-laboratoire-lcis-fete-ses-30-ans-hrs-securise-six-stations-hydrogene-l-actu-en-bref,https://www.ledauphine.com/economie/2026/07/03/le-laboratoire-lcis-fete-ses-30-ans-hrs-securise-six-stations-hydrogene-l-actu-en-bref,0,www.ledauphine.com,"Entreprises. le laboratoire LCIS fête ses 30 ans, HRS sécurise six stations hydrogène... : l'actu en bref","Drôme / Isère : le laboratoire LCIS célèbre 30 ans d'innovations au service du numériqueInstallé à Valence depuis 1996, le Laboratoire de conception et d'intégration des systèmes (LCIS) a célébré ses 30 ans en présence de chercheurs, industriels et élus.",https://cdn-s-www.ledauphine.com/images/72AC68E1-949C-471C-8D97-7DC89B550BB0/FB1200/photo-1783003275.jpg,2026-07-03T04:30:00Z,http://web.archive.org/web/20260704085120/https://www.ledauphine.com/economie/2026/07/03/le-laboratoire-lcis-fete-ses-30-ans-hrs-securise-six-stations-hydrogene-l-actu-en-bref,"Les invités aux 30 ans du LCIS en présence des personnalités suivantes : Véronique Pugeat première adjointe au Maire de Valence, Vice-présidente enseignement supérieur du Conseil départemental de la … [+4866 chars]",,fr,'Chambéry'
https://www.ledauphine.com/faits-divers-justice/2026/07/03/un-camion-s-encastre-dans-une-grange-qui-s-embrase,https://www.ledauphine.com/faits-divers-justice/2026/07/03/un-camion-s-encastre-dans-une-grange-qui-s-embrase,0,www.ledauphine.com,Isère. Un camion s'encastre dans une grange qui s'embrase entièrement,"Le conducteur d'un poids lourd a perdu le contrôle de son véhicule, pour une raison indéterminée, ce vendredi 3 juillet peu après 6h30 alors qu'il circulait sur la route de Chamrousse, à Saint-Martin-d'Uriage.",https://cdn-s-www.ledauphine.com/images/B46F6B3C-BA43-4006-8DE8-265D7CA6FFC0/FB1200/photo-1783062888.jpg,2026-07-03T07:04:00Z,http://web.archive.org/web/20260704083858/https://www.ledauphine.com/faits-divers-justice/2026/07/03/un-camion-s-encastre-dans-une-grange-qui-s-embrase,"Le Dauphiné Libéré, en tant que responsable de traitement, recueille dans ce formulaire des informations qui sont enregistrées dans un fichier informatisé par son Service Relations Clients, la finali… [+854 chars]",,fr,'Isère'
https://www.lejournaldesentreprises.com/breve/les-cci-de-region-paca-restent-mobilisees-pour-maximiser-les-retombees-economiques-des-jeux-2146018,https://www.lejournaldesentreprises.com/breve/les-cci-de-region-paca-restent-mobilisees-pour-maximiser-les-retombees-economiques-des-jeux-2146018,0,www.lejournaldesentreprises.com,Les CCI de région Paca restent mobilisées pour maximiser les retombées économiques des Jeux Olympiques 2030,"La carte des sites de compétition des Jeux Olympiques et Paralympiques Alpes 2030 a été dévoilée avec quatre grands pôles retenus : Savoie, Haute-Savoie, le Briançonnais et Lyon, qui décroche la glace au détriment de Nice.",https://www.lejournaldesentreprises.com/sites/lejournaldesentreprises.com/files/styles/landscape_web_lg_2x/public/2026-07/Daniel-Margit-prsident-de-la-CCI-Paca-et-Frd-585929.jpeg?h=a186a10f&itok=q_tlSeFC,2026-07-03T07:05:02Z,,"Daniel Margit, président de la CCI Paca et Frédéric Cavallino, vice-président de la CCI Paca et président de la CCI des Hautes-Alpes
 — Photo : CCI PACA
La carte des sites de compétition des Jeux O… [+912 chars]",,fr,'Lyon'
https://france3-regions.franceinfo.fr/auvergne-rhone-alpes/savoie/une-jeune-fille-de-16-ans-recherchee-par-la-gendarmerie-de-la-savoie-elle-aurait-fugue-et-pris-un-bus-vers-montpellier-3380461.html,https://france3-regions.franceinfo.fr/auvergne-rhone-alpes/savoie/une-jeune-fille-de-16-ans-recherchee-par-la-gendarmerie-de-la-savoie-elle-aurait-fugue-et-pris-un-bus-vers-montpellier-3380461.html,0,france3-regions.franceinfo.fr,Une jeune fille de 16 ans recherchée par la gendarmerie de la Savoie : elle aurait fugué et pris un bus vers Montpellier,"Une jeune fille de 16 ans, atteinte d'un autisme léger, est portée disparue depuis ce jeudi 2 juillet au soir à Challes-les-Eaux, en Savoie. Il est possible qu'elle se trouve, ce vendredi, dans la région de Montpellier. Un appel à témoins a été lancé.",https://france3-regions.franceinfo.fr/image/uzWFmWpvc7o1pvtIlSLvSil4Eh4/930x620/regions/2026/07/03/6a475fe877126137617717.png,2026-07-03T07:18:17Z,,"Une jeune fille de 16 ans, atteinte d'un autisme léger, est portée disparue depuis ce jeudi 2 juillet au soir à Challes-les-Eaux, en Savoie. Il est possible qu'elle se trouve, ce vendredi, dans la ré… [+767 chars]",,fr,'Savoie'
https://www.lejournaldesentreprises.com/breve/samuel-carret-prend-la-direction-du-bureau-chamberien-de-rsm-france-2146090,https://www.lejournaldesentreprises.com/breve/samuel-carret-prend-la-direction-du-bureau-chamberien-de-rsm-france-2146090,0,www.lejournaldesentreprises.com,Samuel Carret prend la direction du bureau chambérien de RSM France,"Le cabinet d’audit, de conseil et d’expertise-comptable RSM France a annoncé la nomination de Samuel Carret à la direction de son bureau de Chambéry, en Savoie.",https://www.lejournaldesentreprises.com/sites/lejournaldesentreprises.com/files/styles/landscape_web_lg_2x/public/2026-07/Samuel-Carret-752072.jpeg?h=d5bf291d&itok=aMPOHjqD,2026-07-03T07:48:00Z,,"Samuel Carret
 — Photo : RSM France
Le cabinet daudit, de conseil et dexpertise-comptable RSM France a annoncé la nomination de Samuel Carret à la direction de son bureau de Chambéry, en Savoie. As… [+730 chars]",,fr,'Savoie'
https://www.frandroid.com/marques/byd/3166957_tres-prochainement-surprise-byd-pourrait-installer-une-usine-en-france,https://www.frandroid.com/marques/byd/3166957_tres-prochainement-surprise-byd-pourrait-installer-une-usine-en-france,0,www.frandroid.com,"« Très prochainement » : surprise, BYD pourrait installer une usine en France","Après des mois de spéculation, nous allons bientôt savoir où BYD va installer sa deuxième usine en Europe. Le géant chinois de la voiture électrique serait enfin prêt à prendre sa décision. Surprise : l'Espagne et la France seraient les deux finalistes.","https://c0.lestechnophiles.com/images.frandroid.com/wp-content/uploads/2025/06/byd-usine.jpeg?resize=1600,900&key=42f2ddc6",2026-07-03T07:56:36Z,,"Après des mois de spéculation, nous allons bientôt savoir où BYD va installer sa deuxième usine en Europe. Le géant chinois de la voiture électrique serait enfin prêt à prendre sa décision. Surprise … [+3390 chars]",,fr,'Angleterre'
https://www.ledauphine.com/faits-divers-justice/2026/07/03/disparition-d-un-homme-de-75-ans-un-appel-a-temoins-lance-sur-le-secteur-la-lechere-grand-aigueblanche,https://www.ledauphine.com/faits-divers-justice/2026/07/03/disparition-d-un-homme-de-75-ans-un-appel-a-temoins-lance-sur-le-secteur-la-lechere-grand-aigueblanche,0,www.ledauphine.com,Savoie. Disparition d’un homme de 75 ans : un appel à témoins lancé sur le secteur La Léchère/Grand-Aigueblanche,"Ce vendredi 3 juillet, la gendarmerie de la Savoie lance un appel à témoins suite à la disparition d’un homme de 75 ans. Raymond Carbo, cheveux ...",https://cdn-s-www.ledauphine.com/images/D3ABA3B4-3CE8-4410-840D-BB98569CF049/FB1200/photo-1783066439.jpg,2026-07-03T08:14:00Z,http://web.archive.org/web/20260704040432/https://www.ledauphine.com/faits-divers-justice/2026/07/03/disparition-d-un-homme-de-75-ans-un-appel-a-temoins-lance-sur-le-secteur-la-lechere-grand-aigueblanche,"Le Dauphiné Libéré, en tant que responsable de traitement, recueille dans ce formulaire des informations qui sont enregistrées dans un fichier informatisé par son Service Relations Clients, la finali… [+854 chars]",,fr,'Savoie'
https://www.courrierinternational.com/article/blog-voyages-nepal-patan-dans-l-ame-newar-4-7_246118,https://www.courrierinternational.com/article/blog-voyages-nepal-patan-dans-l-ame-newar-4-7_246118,0,www.courrierinternational.com,"Népal : Patan, dans l’âme newar (4/7)","Aux portes de Katmandou, Patan concentre tout le raffinement de la civilisation newar : temples de briques rouges, palais sculptés, cours cachées et ateliers où se transmettent encore des savoir-faire séculaires.",https://focus.courrierinternational.com/2026/07/02/85/0/2048/1365/1200/630/60/0/c89b0ba_upload-1-hd843zuutzbh-4-patan-1.JPEG,2026-07-03T08:58:10Z,,"Souvent méconnus, les Newar ont pourtant façonné lun des grands foyers urbains, artistiques et religieux de lHimalaya. Artisans, commerçants et bâtisseurs hors pair, ils ont laissé dans la vallée de … [+4003 chars]",,fr,'Katmandou'
https://www.frandroid.com/produits-android/maison-connectee/climatiseur/3160069_la-clim-est-elle-vraiment-un-desastre-ecologique-les-experts-et-etudes-qui-retablissent-la-verite,https://www.frandroid.com/produits-android/maison-connectee/climatiseur/3160069_la-clim-est-elle-vraiment-un-desastre-ecologique-les-experts-et-etudes-qui-retablissent-la-verite,0,www.frandroid.com,La clim est-elle vraiment un désastre écologique ? Les experts et études qui rétablissent la vérité,"La climatisation est de plus en plus utilisée en France, surtout lors des vagues de chaleur en plein été. Mais est-ce que leur consommation électrique et leur effet sur l'environnement sont-ils si mauvais que ça ? Voici ce que disent réellement les études et …","https://c0.lestechnophiles.com/images.frandroid.com/wp-content/uploads/2026/06/external-units-of-air-conditioners-in-singapore.jpg?resize=1600,900&key=502f9cf3",2026-07-03T09:27:36Z,http://web.archive.org/web/20260705144414/https://www.frandroid.com/produits-android/maison-connectee/climatiseur/3160069_la-clim-est-elle-vraiment-un-desastre-ecologique-les-experts-et-etudes-qui-retablissent-la-verite,"La climatisation est de plus en plus utilisée en France, surtout lors des vagues de chaleur en plein été. Mais est-ce que leur consommation électrique et leur effet sur l’environnement sont-ils si ma… [+10917 chars]",,fr,'France'
https://www.presse-citron.net/subaru-revient-en-france-avec-suv-electrique-premier-contact-uncharted/,https://www.presse-citron.net/subaru-revient-en-france-avec-suv-electrique-premier-contact-uncharted/,0,www.presse-citron.net,Subaru revient en France avec un SUV électrique : notre premier contact avec l’Uncharted,"Subaru est de retour en France ! Exit cependant les moteurs à plat pour des machines électriques. L’âme légendaire du constructeur japonais demeure, nous promet-on. Voici notre premier contact avec le SUV compact Uncharted avant l’essai complet.",https://www.presse-citron.net/app/uploads/2026/06/subaru-uncharted-1-1600x900.jpg,2026-07-03T10:00:46Z,http://web.archive.org/web/20260703122448/https://www.presse-citron.net/subaru-revient-en-france-avec-suv-electrique-premier-contact-uncharted/,"« Jai failli être en retard. Pourtant, ça ne marrive jamais ! », lance mon collègue encore à moitié essoufflé. Pour Subaru, la question ne se pose même pas au sujet de lélectrification. Les modèles à… [+3265 chars]",,fr,'France'
https://www.techno-science.net/actualite/decouverte-nouvelle-espece-requin-se-deplace-marchant-N28985.html,https://www.techno-science.net/actualite/decouverte-nouvelle-espece-requin-se-deplace-marchant-N28985.html,0,www.techno-science.net,Découverte d'une nouvelle espèce de requin qui se déplace en marchant,"Dans les eaux peu profondes de Papouasie-Nouvelle-Guinée, des chercheurs ont déniché un requin qui se déplace en marchant sur le fond marin, jamais observé auparavant.

Ce spécimen est une...",https://static.techno-science.net/illustration/Source/LS/2026/07/01/dPSkokkNffLAExPAvkv5b7-1920-80.jpg,2026-07-03T11:00:03Z,,"Dans les eaux peu profondes de Papouasie-Nouvelle-Guinée, des chercheurs ont déniché un requin qui se déplace en marchant sur le fond marin, jamais observé auparavant.Ce spécimen est une espèce de re… [+4049 chars]",,fr,'Guinée'
https://www.presse-citron.net/fete-finie-pour-airbnb-paris-justice-valide-arme-fatale-mairie-contre-logements-touristiques/,https://www.presse-citron.net/fete-finie-pour-airbnb-paris-justice-valide-arme-fatale-mairie-contre-logements-touristiques/,0,www.presse-citron.net,La fête est finie pour Airbnb à Paris : la justice valide l’arme fatale de la mairie contre les logements touristiques,Louer son appartement sur Airbnb à Paris va devenir un immense casse-tête juridique pour de nombreux propriétaires. La Cour de cassation vient de valider un nouvel arsenal réglementaire qui permet à la municipalité de traquer efficacement les meublés touristi…,https://www.presse-citron.net/app/uploads/2026/07/airbnb-paris-1600x900.jpg,2026-07-03T13:00:18Z,http://web.archive.org/web/20260703172259/https://www.presse-citron.net/fete-finie-pour-airbnb-paris-justice-valide-arme-fatale-mairie-contre-logements-touristiques/,"Si vous comptiez réserver un grand appartement parisien sur Airbnb pour vos prochaines vacances, le choix risque de s’amenuiser drastiquement dans les mois à venir. Une bataille juridique invisible m… [+3363 chars]",,fr,'Paris'
https://www.courrierinternational.com/article/demographie-en-belgique-un-quart-des-femmes-pourrait-n-avoir-jamais-d-enfant_246500,https://www.courrierinternational.com/article/demographie-en-belgique-un-quart-des-femmes-pourrait-n-avoir-jamais-d-enfant_246500,0,www.courrierinternational.com,"En Belgique, un quart des femmes pourrait n’avoir jamais d’enfant","Pour mesurer la baisse de la natalité, une équipe de chercheurs propose un indicateur plus parlant que l’habituel taux de fécondité. Plutôt que de calculer le nombre d’enfants moyen par femme, ils formulent une projection du taux de non-passage à la parentali…",https://focus.courrierinternational.com/2026/07/03/0/0/3081/2054/1200/630/60/0/d43168d_upload-1-j7qqv4tzkmch-043-121495896.jpg,2026-07-03T14:08:45Z,,"Un peu partout dans le monde, à lexception de lAfrique subsaharienne, on est confronté à une inquiétante baisse de la natalité. Un sujet qui devient de plus en plus un enjeu politique, explique le jo… [+1050 chars]",,fr,'Belge'
https://www.courrierinternational.com/article/adaptation-au-kenya-les-agriculteurs-apprennent-a-vivre-en-bons-amis-avec-les-elephants_246546,https://www.courrierinternational.com/article/adaptation-au-kenya-les-agriculteurs-apprennent-a-vivre-en-bons-amis-avec-les-elephants_246546,0,www.courrierinternational.com,"Au Kenya, les agriculteurs apprennent à vivre en bons amis avec les éléphants","Alors que les conflits entre les hommes et les éléphants s’intensifient, au Kenya, une association apprend aux agriculteurs à coexister avec leurs encombrants voisins, raconte le quotidien kényan “Daily Nation”, qui souligne leur utilité pour les écosystèmes …",https://focus.courrierinternational.com/2026/07/03/0/474/5052/3368/1200/630/60/0/efbd7ad_upload-1-rct2uf4bvwcd-058-2615786.jpg,2026-07-03T14:29:42Z,,"Comme beaucoup à la lisière du parc national Tsavo, Henritta fait face à une double menace : le changement climatique et de larges voisins qui peuvent ruiner le travail dune saison en une nuit, résum… [+3464 chars]",,fr,'Kenya'
https://www.courrierinternational.com/article/guerre-en-ukraine-en-russie-et-en-chine-la-diplomatie-a-huis-clos-d-alexandre-loukachenko_246480,https://www.courrierinternational.com/article/guerre-en-ukraine-en-russie-et-en-chine-la-diplomatie-a-huis-clos-d-alexandre-loukachenko_246480,0,www.courrierinternational.com,"En Russie et en Chine, la diplomatie “à huis clos” d’Alexandre Loukachenko","Alexandre Loukachenko a entrepris une tournée diplomatique en Asie après une rencontre aussi scrutée que confidentielle avec Vladimir Poutine. Un agenda officiel qui retient l’attention de la presse en Russie et en Biélorussie, dans un contexte tendu pour le …",https://focus.courrierinternational.com/2026/06/29/0/0/4549/3033/1200/630/60/0/6ce15c4_ftp-1-abbxzapcmvn2-2026-06-29t043642z-1465842911-rc2g3mawf6iq-rtrmadp-3-china-belarus.JPG,2026-07-03T15:19:13Z,,"Lagenda professionnel du président de Biélorussie est toujours très chargé, soulignait, le 28 juin, lagence dÉtat Belta, en préambule de son Bilan de la semaine du président, rubrique détaillant cons… [+1072 chars]",,fr,'Asie'
https://www.ledauphine.com/faits-divers-justice/2026/07/03/corruption-de-mineurs-a-la-cite-des-arts-la-chambre-de-l-instruction-rejette-la-demande-de-remise-en-liberte-de-l-ancien-professeur,https://www.ledauphine.com/faits-divers-justice/2026/07/03/corruption-de-mineurs-a-la-cite-des-arts-la-chambre-de-l-instruction-rejette-la-demande-de-remise-en-liberte-de-l-ancien-professeur,0,www.ledauphine.com,Chambéry. Corruption de mineurs à la Cité des Arts : la chambre de l’instruction rejette la demande de remise en liberté de l’ancien professeur,"L’ancien professeur de trompette de la Cité des Arts a demandé sa remise en liberté devant la chambre de l’instruction. Lors de l’audience ce jeudi 2 juillet, l’avocate générale a indiqué que deux nouvelles victimes potentielles s’étaient signalées à la justi…",https://cdn-s-www.ledauphine.com/images/127B701E-2ACE-44B4-A3AF-1273304FD6AE/FB1200/photo-1783098426.jpg,2026-07-03T17:07:00Z,http://web.archive.org/web/20260703180815/https://www.ledauphine.com/faits-divers-justice/2026/07/03/corruption-de-mineurs-a-la-cite-des-arts-la-chambre-de-l-instruction-rejette-la-demande-de-remise-en-liberte-de-l-ancien-professeur,"Le Dauphiné Libéré, en tant que responsable de traitement, recueille dans ce formulaire des informations qui sont enregistrées dans un fichier informatisé par son Service Relations Clients, la finali… [+854 chars]",,fr,'Chambéry'
https://www.prnewswire.com/news-releases/le-groupe-saoudien-mabani-aljazeera-investit-dans-le-projet-immobilier--jabali-towers--de-tatu-city-302817796.html,https://www.prnewswire.com/news-releases/le-groupe-saoudien-mabani-aljazeera-investit-dans-le-projet-immobilier--jabali-towers--de-tatu-city-302817796.html,0,www.prnewswire.com,Le groupe saoudien Mabani Aljazeera investit dans le projet immobilier « Jabali Towers » de Tatu City,"TATU CITY, Kenya, 3 juillet 2026 /PRNewswire/ -- Mabani Aljazeera Holding Group, une société privée saoudienne de premier plan spécialisée dans la construction et l'investissement, va investir dans Jabali Towers, le prestigieux complexe à usage mixte situé au…",https://mmx.prnewswire.com/media/MS1877554/PIC-2-jpg-1.jpg?id=OA2750075&p=facebook,2026-07-03T19:34:00Z,http://web.archive.org/web/20260703211022/https://www.prnewswire.com/news-releases/le-groupe-saoudien-mabani-aljazeera-investit-dans-le-projet-immobilier--jabali-towers--de-tatu-city-302817796.html,"TATU CITY, Kenya, 3 juillet 2026 /PRNewswire/ -- Mabani Aljazeera Holding Group, une société privée saoudienne de premier plan spécialisée dans la construction et l'investissement, va investir dans J… [+4489 chars]",,fr,'Wellington'
https://www.20minutes.fr/sport/football/4232779-20260703-direct-argentine-cap-vert-champions-titre-grands-favoris-messi-peut-affoler-compteurs-suivez-match,https://www.20minutes.fr/sport/football/4232779-20260703-direct-argentine-cap-vert-champions-titre-grands-favoris-messi-peut-affoler-compteurs-suivez-match,0,www.20minutes.fr,EN DIRECT Argentine - Cap-Vert : Les champions en titre grands favoris… Messi peut affoler les compteurs… Suivez le match avec nous,"Suivez en direct avec nous le 16e de finale de l’Argentine, opposée au Cap-Vert, à Miami à minuit",https://img.20mn.fr/GUiM13BwR6uWDqsZypL_Iik/1444x920_lionel-messi-fait-la-course-en-tete-au-classement-des-buteurs,2026-07-03T20:02:36Z,http://web.archive.org/web/20260703232248/https://www.20minutes.fr/sport/football/4232779-20260703-direct-argentine-cap-vert-champions-titre-grands-favoris-messi-peut-affoler-compteurs-suivez-match,"Lionel Messi starts for Argentina, and will make his 30th World Cup appearance, the first man to reach that landmark.
With an average age of 31 years and 197 days, Cape Verde have named the oldest s… [+149 chars]",,fr,'Miami'
https://www.courrierinternational.com/article/football-le-cap-vert-sort-de-la-coupe-du-monde-par-la-grande-porte_246581,https://www.courrierinternational.com/article/football-le-cap-vert-sort-de-la-coupe-du-monde-par-la-grande-porte_246581,0,www.courrierinternational.com,Le Cap-Vert sort de la Coupe du monde “par la grande porte”,"Le Cap-Vert, qui disputait la première Coupe du monde de son histoire, a été éliminé (3-2) par l’Argentine, vendredi en 16es de finale. Mais en tenant tête aux champions du monde en titre jusqu’à la prolongation et en parvenant à égaliser à deux reprises avan…",https://focus.courrierinternational.com/2026/07/04/6/0/3249/2166/1200/630/60/0/ce15aca_ftp-1-pan3vyzodkm7-2284555346.jpg,2026-07-04T02:17:46Z,,"Rarement un perdant aura-t-il quitté le terrain aussi satisfait, et un vainqueur aussi inquiet, observe El País. Après sa victoire éprouvante 3-2 contre le Cap-Vert à Miami, lArgentine reste certes d… [+1348 chars]",,fr,'Miami'
https://www.ledauphine.com/economie/2026/07/04/prix-deep-impact-l-ecosysteme-grenoblois-encourage-ses-champions,https://www.ledauphine.com/economie/2026/07/04/prix-deep-impact-l-ecosysteme-grenoblois-encourage-ses-champions,0,www.ledauphine.com,Isère. Prix Deep Impact : l’écosystème grenoblois encourage ses champions,Le prix Deep Impact est en train de s'ancrer dans le territoire. La troisième remise de prix s'est déroulée jeudi 2 juillet à la Casemate de Grenoble.,https://cdn-s-www.ledauphine.com/images/E384433D-464B-49C1-B0E2-A0C8F3AA5A9D/FB1200/photo-1783087025.jpg,2026-07-04T04:30:00Z,,Les sociétés d’accélération du transfert de technologies (Satt) financent le développement d'innovations issues de la recherche publique française en vue de leur déploiement dans la société et l'écon… [+4824 chars],,fr,'Isère'
https://www.20minutes.fr/sport/football/4232793-20260704-coupe-monde-2026-comment-folle-equipe-cap-verdienne-failli-humilier-argentine-mondovision,https://www.20minutes.fr/sport/football/4232793-20260704-coupe-monde-2026-comment-folle-equipe-cap-verdienne-failli-humilier-argentine-mondovision,0,www.20minutes.fr,Coupe du monde 2026 : Comment la folle équipe cap-verdienne a failli humilier l’Argentine en mondovision,L’Argentine championne du monde en titre s’est fait la peur de sa vie après avoir été poussée en prolongation et remontée deux fois au score par des Cap-Verdiens (67e nation au classement Fifa) formidables de générosité et de grinta,https://img.20mn.fr/mh5nU54-QLubtKlNj2uxJSk/1444x920_le-cap-vert-a-failli-realiser-l-exploit-d-une-vie-en-poussant-l-argentine-championne-du-monde-en-titre-aux-tirs-au-but,2026-07-04T05:32:36Z,,"De notre envoyé spécial à Buenos (Miami) Aires,
Foutue pause fraîcheur qui nous a matrixés lesprit. Devant le spectacle aaaaaaffligeant proposé par lArgentine dans le premier quart-temps de ce 16e d… [+5364 chars]",,fr,'Argentine'
https://fr.sputniknews.africa/20260704/le-cameroun-renforce-la-riposte-contre-le-cholera--1087194300.html,https://fr.sputniknews.africa/20260704/le-cameroun-renforce-la-riposte-contre-le-cholera--1087194300.html,0,fr.sputniknews.africa,Le Cameroun renforce la riposte contre le choléra,Les autorités camerounaises ont renforcé les mesures de lutte contre le choléra dans la région de l'Extrême-Nord suite à la confirmation de dix décès liés à une épidémie dans le département du Logone-et-Chari.,https://cdn1.img.sputniknews.africa/images/sharing/article/fra/1087194300.jpg?10661093271783144563,2026-07-04T05:56:02Z,http://web.archive.org/web/20260705053352/https://fr.sputniknews.africa/20260704/le-cameroun-renforce-la-riposte-contre-le-cholera--1087194300.html,"https://fr.sputniknews.africa/20260704/le-cameroun-renforce-la-riposte-contre-le-cholera--1087194300.html
Le Cameroun renforce la riposte contre le choléra 
Le Cameroun renforce la riposte contre l… [+3535 chars]",,fr,'Tchad'
https://www.20minutes.fr/sport/football/4232811-20260704-coupe-monde-2026-colombie-passe-facilement-huitieme-tchouameni-out-paraguay-recap-nuit,https://www.20minutes.fr/sport/football/4232811-20260704-coupe-monde-2026-colombie-passe-facilement-huitieme-tchouameni-out-paraguay-recap-nuit,0,www.20minutes.fr,"Coupe du monde 2026 : La Colombie passe facilement en huitième, Tchouameni out pour le Paraguay… Le récap de la nuit","L’Egypte passe aux tirs au but face à l’Australie, la Colombie triomphe sans difficulté ni gloire face au Ghana, le Cap-Vert à deux doigts d’un exploit historique",https://img.20mn.fr/lKMxSFJiSzeNgSlwKOBcxCk/1444x920_le-colombien-daniel-munoz-2-reagit-contre-le-ghana-lors-du-match-des-16es-de-finale-de-la-coupe-du-monde-de-football-entre-la-colombie-et-le-ghana-a-kansas-city-au-missouri-le-vendredi-3-juillet-2026-ap-photo-ed-zurga-wcps137-26185130053637-2607040538,2026-07-04T07:24:19Z,http://web.archive.org/web/20260704211156/https://www.20minutes.fr/sport/football/4232811-20260704-coupe-monde-2026-colombie-passe-facilement-huitieme-tchouameni-out-paraguay-recap-nuit,"Le Cap-Vert, 67° nation au classement Fifa, sort de sa première Coupe du Monde la tête haute. Cette nuit, des Requins bleus héroïques ont poussé lArgentine, championne du monde en titre, jusquà la pr… [+4968 chars]",,fr,'Colombie'
https://www.20minutes.fr/sport/football/4232738-20260704-paraguay-france-mondiale-comment-kylian-mbappe-devenu-capitaine-peuple,https://www.20minutes.fr/sport/football/4232738-20260704-paraguay-france-mondiale-comment-kylian-mbappe-devenu-capitaine-peuple,0,www.20minutes.fr,Paraguay - France : « Il a une aura mondiale »… Comment Kylian Mbappé est devenu le capitaine du peuple,"Déjà auteur de six buts dans cette Coupe du monde, Kylian Mbappé rayonne. Mais son influence ne se voit pas que dans le jeu",https://img.20mn.fr/hhXeRuSVSJq9cFZc6eUU0ik/1444x920_le-francais-kylian-mbappe-en-plein-aura-farming-lors-du-match-de-coupe-du-monde-contre-la-suede-au-cours-duquel-il-a-inscrit-un-double,2026-07-04T07:32:36Z,http://web.archive.org/web/20260704092026/https://www.20minutes.fr/sport/football/4232738-20260704-paraguay-france-mondiale-comment-kylian-mbappe-devenu-capitaine-peuple,"De notre envoyé spécial à Philadelphie,
Kylian Mbappé le savait, sans doute. En savançant dans la zone mixte chaotique du Metlife Stadium, au terme de France-Suède mardi, le capitaine des Bleus se d… [+5759 chars]",,fr,'Paraguay'
https://www.numerama.com/vroom/2290865-tesla-deploie-ses-premiers-taxis-autonomes-a-miami-en-evitant-soigneusement-le-centre-ville.html,https://www.numerama.com/vroom/2290865-tesla-deploie-ses-premiers-taxis-autonomes-a-miami-en-evitant-soigneusement-le-centre-ville.html,0,www.numerama.com,Tesla déploie ses premiers taxis autonomes à Miami en évitant soigneusement le centre-ville,"Tesla franchit une nouvelle étape dans sa stratégie de conduite autonome en lançant son service Robotaxi à Miami, marquant son entrée dans un troisième État américain après le Texas et la Californie. Toutefois, la zone de service initiale reste strictement li…","https://c0.lestechnophiles.com/www.numerama.com/wp-content/uploads/2026/07/tesla-robotaxi-miami-1.jpg?resize=1600,900&key=f3644c3e",2026-07-04T09:21:00Z,,"Tesla franchit une nouvelle étape dans sa stratégie de conduite autonome en lançant son service Robotaxi à Miami, marquant son entrée dans un troisième État américain après le Texas et la Californie.… [+4011 chars]",,fr,'Miami'
https://www.huffingtonpost.fr/france/article/la-baignade-dans-la-seine-a-paris-c-est-reparti-voici-ce-qu-il-faut-savoir-avant-de-se-jeter-a-l-eau-clx1_280404.html,https://www.huffingtonpost.fr/france/article/la-baignade-dans-la-seine-a-paris-c-est-reparti-voici-ce-qu-il-faut-savoir-avant-de-se-jeter-a-l-eau-clx1_280404.html,0,www.huffingtonpost.fr,"La baignade dans la Seine à Paris, c’est reparti, voici ce qu’il faut savoir avant de se jeter à l’eau",Envie de piquer une tête ? Trois sites de baignade dans la Seine sont ouverts à partir de ce samedi 4 juillet et jusqu’au 30 août.,https://focus.huffingtonpost.fr/2025/08/21/312/0/6000/3375/1820/1023/75/0/d8bb092_upload-1-7i0tv7ypfxrt-afp-20250812-69ck2cq-v1-highres-franceweatherenvironmentleisureheat.jpg,2026-07-04T10:27:05Z,,"EN BREFTrois sites de baignade dans la Seine rouvrent du 4 juillet au 30 août : le bras Marie, Grenelle et Bercy.Les sites sont accessibles et sécurisés avec des équipements comme douches et vestiair… [+4055 chars]",,fr,'Paris'
https://www.courrierinternational.com/article/analyse-en-afrique-russie-et-ukraine-s-affrontent-aussi-sur-le-marche-des-drones_245919,https://www.courrierinternational.com/article/analyse-en-afrique-russie-et-ukraine-s-affrontent-aussi-sur-le-marche-des-drones_245919,0,www.courrierinternational.com,"En Afrique, Russie et Ukraine s’affrontent aussi sur le marché des drones","L’industrie ukrainienne de fabrication de drones est en pleine expansion. Si la Russie demeure l’un des principaux fournisseurs d’armes à l’Afrique, Kiev s’impose désormais comme un concurrent sérieux. Les liens entre l’Ukraine et les pays africains en matièr…",https://focus.courrierinternational.com/2026/07/01/0/0/6436/4290/1200/630/60/0/364fee6_ftp-1-sbxzhldaoegg-afp-b8rh9t3.jpg,2026-07-04T10:58:47Z,,"Le continent est devenu un nouveau champ de bataille, technologique et économique celui-là, entre Moscou et Kiev. En effet, alors que lUkraine étend son industrie de larmement à de nouveaux marchés i… [+1066 chars]",,fr,'Russie'
https://www.20minutes.fr/societe/4232831-20260704-departs-vacances-trafic-charge-noir-autoroutes-jusqu-660-km-bouchons-recenses,https://www.20minutes.fr/societe/4232831-20260704-departs-vacances-trafic-charge-noir-autoroutes-jusqu-660-km-bouchons-recenses,0,www.20minutes.fr,"Départs en vacances : Trafic chargé mais pas noir sur les autoroutes, jusqu’à 660 km de bouchons recensés","Sur les grands axes habituels, le trafic est ralenti par des bouchons épars, notamment sur l’axe Paris-Lyon-Marseille, pour ce premier samedi de départs en vacances",https://img.20mn.fr/tB9pybFiSNCgSSeNixbrUSk/1444x920_bouchon-sur-l-autoroute-a8-suite-a-la-greve-sncf-l-autoroute-est-saturee-antibes-france-10-06-2026-syspeo-sys-d009-credit-syspeo-sipa-2606101735,2026-07-04T11:33:29Z,http://web.archive.org/web/20260704115200/https://www.20minutes.fr/societe/4232831-20260704-departs-vacances-trafic-charge-noir-autoroutes-jusqu-660-km-bouchons-recenses,"Cest un premier samedi de départs en vacances qui roule plutôt bien. Le trafic est chargé mais sans points noirs à la mi-journée sur les autoroutes dans le sens des départs, notamment dans le quart n… [+1338 chars]",,fr,'Alpes'
https://www.presse-citron.net/canicule-a-partir-de-quelle-temperature-peut-on-vraiment-mourir-de-chaud/,https://www.presse-citron.net/canicule-a-partir-de-quelle-temperature-peut-on-vraiment-mourir-de-chaud/,0,www.presse-citron.net,Canicule : à partir de quelle température peut-on vraiment mourir de chaud ?,"Alors qu'une nouvelle canicule frappe le sud de la France, à partir de quelle température peut-elle devenir dangereuse pour la santé.",https://www.presse-citron.net/app/uploads/2022/11/temperature-rechauffement-climatique.jpg,2026-07-04T12:21:06Z,,"Il faudrait habiter dans une grotte (littéralement) pour ne pas sen être rendu compte, la France est touchée depuis quelques semaines par une canicule historique avec des records de chaleur dans de t… [+3160 chars]",,fr,'France'
https://www.ledauphine.com/faits-divers-justice/2026/07/04/enleve-dans-un-fourgon-avec-un-pistolet-dans-la-bouche-il-avait-ete-relache-nu-dans-la-foret-il-a-cru-son-dernier-jour-arriver-quand-il-a-vu-l-arme,https://www.ledauphine.com/faits-divers-justice/2026/07/04/enleve-dans-un-fourgon-avec-un-pistolet-dans-la-bouche-il-avait-ete-relache-nu-dans-la-foret-il-a-cru-son-dernier-jour-arriver-quand-il-a-vu-l-arme,0,www.ledauphine.com,"Savoie. « Ce garçon a cru son dernier jour arriver » : enlevé dans un fourgon avec un pistolet dans la bouche, il avait été relâché nu dans la forêt","Sept personnes dont la mère d’un des prévenus, ont comparu devant le tribunal de correctionnel de Chambéry pour l’enlèvement d’un jeune homme dans l’avant-pays savoyard en 2024. Ils voulaient venger la sœur de l’un d’eux qui affirmait avoir été violée.",https://cdn-s-www.ledauphine.com/images/C6BC2617-4C19-4981-81FF-BF64A879FA8D/FB1200/photo-1783160538.jpg,2026-07-04T12:52:00Z,http://web.archive.org/web/20260705052500/https://www.ledauphine.com/faits-divers-justice/2026/07/04/enleve-dans-un-fourgon-avec-un-pistolet-dans-la-bouche-il-avait-ete-relache-nu-dans-la-foret-il-a-cru-son-dernier-jour-arriver-quand-il-a-vu-l-arme,"C’est une expédition punitive, une véritable vendetta privée qu’a jugée le tribunal correctionnel de Chambéry ce vendredi 3 juillet.
Six jeunes hommes et la mère de l’un d’eux ont comparu pour leur … [+490 chars]",,fr,'Chambéry'
https://www.courrierinternational.com/stories/histoire-pickles-le-chien-qui-a-sauve-la-coupe-du-monde-1966_245407,https://www.courrierinternational.com/stories/histoire-pickles-le-chien-qui-a-sauve-la-coupe-du-monde-1966_245407,0,www.courrierinternational.com,"Pickles, le chien qui a sauvé la Coupe du monde 1966","Stupeur en Angleterre avant la Coupe du monde de football 1966 : le trophée qui doit être remis aux vainqueurs a été volé. Tous les services de police du royaume sont mobilisés, mais c’est un fin limier appelé Pickles (“Cornichon”) qui va le retrouver, racont…",https://focus.courrierinternational.com/2026/07/03/0/0/5800/3866/1200/630/60/0/df8d040_upload-1-wv8gr5aq7b9r-epf83p-copie.jpg,2026-07-04T13:02:27Z,,"En mars 1966, trois mois avant le début de la Coupe du monde en Angleterre, la coupe Jules Rimet, la statuette en vermeil promise au vainqueur, est volée alors quelle est présentée au public en marge… [+351 chars]",,fr,'Angleterre'
https://www.frandroid.com/produits-android/3169309_paraguay-france-a-quelle-heure-et-sur-quelle-chaine-regarder-le-8e-de-finale,https://www.frandroid.com/produits-android/3169309_paraguay-france-a-quelle-heure-et-sur-quelle-chaine-regarder-le-8e-de-finale,0,www.frandroid.com,Paraguay – France : à quelle heure et sur quelle chaîne regarder le 8e de finale ?,"La France entre dans le tableau final de la Coupe du monde 2026 : les Bleus affrontent le Paraguay en 8e de finale dans la nuit du samedi 4 juillet. M6 diffuse le match gratuitement, beIN Sports 1 le propose également, voici tout ce qu'il faut savoir pour ne …","https://c0.lestechnophiles.com/images.frandroid.com/wp-content/uploads/2026/07/france-vs-paraguay.jpg?resize=1600,900&key=874684f3",2026-07-04T14:30:00Z,http://web.archive.org/web/20260705132859/https://www.frandroid.com/produits-android/3169309_paraguay-france-a-quelle-heure-et-sur-quelle-chaine-regarder-le-8e-de-finale,"La France entre dans le tableau final de la Coupe du monde 2026 : les Bleus affrontent le Paraguay en 8e de finale dans la nuit du samedi 4 juillet. M6 diffuse le match gratuitement, beIN Sports 1 le… [+4089 chars]",,fr,'Paraguay'
https://france3-regions.franceinfo.fr/auvergne-rhone-alpes/savoie/chambery/affaire-lyhanna-200-personnes-reunies-a-chambery-pour-reclamer-une-loi-integrale-pour-la-protection-de-l-enfance-3381469.html,https://france3-regions.franceinfo.fr/auvergne-rhone-alpes/savoie/chambery/affaire-lyhanna-200-personnes-reunies-a-chambery-pour-reclamer-une-loi-integrale-pour-la-protection-de-l-enfance-3381469.html,0,france3-regions.franceinfo.fr,Affaire Lyhanna : 200 personnes réunies à Chambéry pour réclamer une loi intégrale pour la protection de l'enfance,"Une mobilisation citoyenne en faveur de la loi intégrale pour la protection de l’enfance a réuni près de 200 personnes ce samedi à Chambéry. Portée par le groupe ""Protection de l’enfance -Chambéry"", cette initiative vise à sensibiliser le public près d’un moi…",https://france3-regions.franceinfo.fr/image/buo8dKL4cb9gel1XxxOykaDC_Og/930x620/regions/2026/07/04/6a4934b0649c1902723221.jpg,2026-07-04T16:42:19Z,,"Une mobilisation citoyenne en faveur de la loi intégrale pour la protection de lenfance a réuni près de 200 personnes ce samedi à Chambéry. Portée par le groupe ""Protection de lenfance -Chambéry"", ce… [+2502 chars]",,fr,'Chambéry'
https://www.ledauphine.com/environnement/2026/07/04/un-bateau-en-feu-sur-le-lac-du-bourget-quatre-adultes-et-un-enfant-se-jettent-a-l-eau-pour-echapper-aux-flammes,https://www.ledauphine.com/environnement/2026/07/04/un-bateau-en-feu-sur-le-lac-du-bourget-quatre-adultes-et-un-enfant-se-jettent-a-l-eau-pour-echapper-aux-flammes,0,www.ledauphine.com,Savoie. Un bateau en feu sur le lac du Bourget : quatre adultes et un enfant se jettent à l’eau pour échapper aux flammes,"Il est aux environs de 17 heures, lorsque les sapeurs-pompiers de Savoie sont alertés d’un incendie en cours sur un bateau.",https://cdn-s-www.ledauphine.com/images/9F60035A-6135-4880-BFAA-A94B36DF8FEC/FB1200/photo-1783183408.jpg,2026-07-04T16:43:00Z,http://web.archive.org/web/20260705052436/https://www.ledauphine.com/environnement/2026/07/04/un-bateau-en-feu-sur-le-lac-du-bourget-quatre-adultes-et-un-enfant-se-jettent-a-l-eau-pour-echapper-aux-flammes,"Scène aussi rare quimpressionnante ce samedi après-midi sur le lac du Bourget. Il est aux environs de 17 heures, lorsque les sapeurs-pompiers de Savoie sont alertés dun incendie en cours sur un batea… [+1323 chars]",,fr,'Savoie'
https://www.ledauphine.com/economie/2026/07/03/dans-le-sud-est-une-hausse-des-prix-a-geometrie-variable,https://www.ledauphine.com/economie/2026/07/03/dans-le-sud-est-une-hausse-des-prix-a-geometrie-variable,0,www.ledauphine.com,Notre enquête. Vacances au camping : une hausse des prix à géométrie variable dans le Sud-Est de la France,"Paca et Auvergne-Rhône-Alpes sont respectivement les troisième et quatrième régions en volume de nuitées dans les campings, derrière l’Aquitaine et l’Occitanie.",https://cdn-s-www.ledauphine.com/images/675ED8CE-E35C-44DB-AB50-1CB1BAEF5174/FB1200/photo-1783067786.jpg,2026-07-04T17:00:00Z,,"Le Dauphiné Libéré, en tant que responsable de traitement, recueille dans ce formulaire des informations qui sont enregistrées dans un fichier informatisé par son Service Relations Clients, la finali… [+854 chars]",,fr,'Auvergne'
https://www.ledauphine.com/faits-divers-justice/2026/07/04/onze-voitures-detruites-par-un-incendie-sur-le-parking-d-une-concession,https://www.ledauphine.com/faits-divers-justice/2026/07/04/onze-voitures-detruites-par-un-incendie-sur-le-parking-d-une-concession,0,www.ledauphine.com,Annecy. Onze voitures détruites par un incendie sur le parking d'une concession,"Ce samedi 4 juillet à 21h20, les pompiers sont intervenus avenue du Pont-Neuf à Annecy, pour un feu concernant plusieurs véhicules.",https://cdn-s-www.ledauphine.com/images/992AA4E2-88A2-419A-8833-B19A02EE3ADB/FB1200/photo-1783198462.jpg,2026-07-04T20:50:00Z,http://web.archive.org/web/20260704210926/https://www.ledauphine.com/faits-divers-justice/2026/07/04/onze-voitures-detruites-par-un-incendie-sur-le-parking-d-une-concession,"Le Dauphiné Libéré, en tant que responsable de traitement, recueille dans ce formulaire des informations qui sont enregistrées dans un fichier informatisé par son Service Relations Clients, la finali… [+854 chars]",,fr,'Annecy'
https://theconversation.com/les-tours-saint-jacques-un-prodige-dequilibre-au-coeur-des-alpes-284259,https://theconversation.com/les-tours-saint-jacques-un-prodige-dequilibre-au-coeur-des-alpes-284259,0,theconversation.com,"Les tours Saint-Jacques, un prodige d’équilibre au cœur des Alpes","Dans le massif des Bauges, les coureurs du Tour de France passeront à côté de trois monolithes légendaires dont la formation géologique demeure mystérieuse.",https://images.theconversation.com/files/740701/original/file-20260609-57-cw1yop.jpg?ixlib=rb-4.1.0&rect=0%2C324%2C2592%2C1296&q=45&auto=format&w=1356&h=668&fit=crop,2026-07-04T21:55:35Z,http://web.archive.org/web/20260705012727/https://theconversation.com/les-tours-saint-jacques-un-prodige-dequilibre-au-coeur-des-alpes-284259,"Les tours Saint-Jacques, vues depuis le pont de l’Abîme. Pierre Reneau, Fourni par l'auteur
Au-delà du sport, le Tour de France donne aussi l’occasion de (re)découvrir nos paysages et parfois leurs … [+6936 chars]",,fr,'Alpes'
https://france3-regions.franceinfo.fr/auvergne-rhone-alpes/haute-savoie/annecy/onze-vehicules-detruits-dans-un-incendie-sur-le-parking-d-une-concession-a-annecy-3381523.html,https://france3-regions.franceinfo.fr/auvergne-rhone-alpes/haute-savoie/annecy/onze-vehicules-detruits-dans-un-incendie-sur-le-parking-d-une-concession-a-annecy-3381523.html,0,france3-regions.franceinfo.fr,Onze véhicules détruits dans un incendie sur le parking d'une concession à Annecy,"Un important incendie s'est déclaré ce samedi soir sur le parking d'une concession automobile à Annecy. Aucun blessé n’est à déplorer, onze véhicules ont été entièrement détruits par les flammes.",https://france3-regions.franceinfo.fr/image/R1rank_zcnwlvtd6V8kXewtxbfQ/930x620/regions/2026/07/05/6a4a07a9e61e2717040048.jpg,2026-07-05T07:57:11Z,,"Un important incendie s'est déclaré ce samedi soir sur le parking d'une concession automobile à Annecy. Aucun blessé nest à déplorer, onze véhicules ont été entièrement détruits par les flammes.
Ce … [+624 chars]",,fr,'Annecy'
https://www.20minutes.fr/sport/football/4232862-20260705-paraguay-france-presque-trop-facile-donnez-enfin-bleus-vrai-adversaire-coupe-monde,https://www.20minutes.fr/sport/football/4232862-20260705-paraguay-france-presque-trop-facile-donnez-enfin-bleus-vrai-adversaire-coupe-monde,0,www.20minutes.fr,"Paraguay - France : C’est (presque) trop facile, donnez enfin aux Bleus un vrai adversaire à la Coupe du monde","L’équipe de France s’est qualifiée facilement pour les quarts de finale de la Coupe du monde en s’imposant devant le Paraguay, samedi à Philadelphie",https://img.20mn.fr/cSuq7DibQdCH99-OwEejEik/1444x920_04-juillet-2026-le-defenseur-francais-dayot-upamecano-4-ans-dirige-le-ballon-lors-de-la-seconde-moitie-d-un-match-de-coupe-du-monde-contre-le-paraguay-au-stade-de-philadelphie-en-pennsylvanie-kyle-rodden-csm-sipa-etats-unis-image-de-credit-kyle-rodden-cal-sport-media-sipa-etats-unis-71542830-zeus-2607050214,2026-07-05T08:02:36Z,http://web.archive.org/web/20260705085042/https://www.20minutes.fr/sport/football/4232862-20260705-paraguay-france-presque-trop-facile-donnez-enfin-bleus-vrai-adversaire-coupe-monde,"De notre envoyé spécial à Philadelphie,
Après une soirée à avoir tenté darracher tous les ligaments et les os du moindre joueur qui portait un maillot bleu, les joueurs paraguayens ont eu, quand mêm… [+4660 chars]",,fr,'France'
https://www.20minutes.fr/diaporama/diaporama-4232449-canicule-plus-belles-photos-piscines-monde-vues-ciel-allez-voir-ca-rafraichit,https://www.20minutes.fr/diaporama/diaporama-4232449-canicule-plus-belles-photos-piscines-monde-vues-ciel-allez-voir-ca-rafraichit,0,www.20minutes.fr,"Canicule : Les plus belles photos de piscines du monde vues du ciel (vous allez voir, ça rafraîchit)","Alors que les températures remontent sérieusement en France, les plus chanceux iront se rafraîchir à la piscine. Mais il y a piscine et piscine",https://img.20mn.fr/C8asaCa1SIqwWUdV4t4NCyk/1444x920_une-piscine-de-dingue-entouree-de-sable-a-split-en-croatie,2026-07-05T09:02:36Z,http://web.archive.org/web/20260706014335/https://www.20minutes.fr/diaporama/diaporama-4232449-canicule-plus-belles-photos-piscines-monde-vues-ciel-allez-voir-ca-rafraichit,"J.B.
Publié le 05/07/2026 à 11h02 Mis à jour le 05/07/2026 à 11h02
«Il y a une piscine sur place. » Sept mots qui deviennent très vite magiques quand on évoque son prochain séjour des vacances dété… [+5151 chars]",,fr,'Savoie'
https://www.futura-sciences.com/planete/questions-reponses/meteorologie-mistral-tramontane-sirocco-connaissez-vous-vraiment-vents-soufflent-france-25546/,https://www.futura-sciences.com/planete/questions-reponses/meteorologie-mistral-tramontane-sirocco-connaissez-vous-vraiment-vents-soufflent-france-25546/,0,www.futura-sciences.com,"Mistral, tramontane, sirocco… connaissez-vous vraiment les vents qui soufflent en France ?","Si certains sont très connus, comme le mistral, au sud, d’autres, sur la moitié nord en particulier, soufflent aussi régulièrement mais ne font pas autant la Une de l’actualité. Connaissez-vous tous les vents qui soufflent en France ?",https://cdn8.futura-sciences.com/a1920/images/vent%20manche.jpeg,2026-07-05T10:00:06Z,,"Quatre grands types de vent soufflent en France :
<ul><li>le vent de nord-ouest, en provenance de l'océan atlantique : il apporte fraîcheur et humidité ;</li><li>le vent de nord-est, en provenance d… [+2576 chars]",,fr,'Alpes'
https://www.courrierinternational.com/article/temoignages-ce-que-l-expatriation-fait-aux-enfants-et-aux-parents_245567,https://www.courrierinternational.com/article/temoignages-ce-que-l-expatriation-fait-aux-enfants-et-aux-parents_245567,0,www.courrierinternational.com,Ce que l’expatriation fait aux enfants (et aux parents),Beaucoup de parents qui vivent à l’étranger en famille espèrent que l’exposition à une autre culture sera enrichissante et positive. “Business Insider” et “The Times of India” publient les témoignages de deux mères sur leurs expériences en Asie.,https://focus.courrierinternational.com/2026/06/23/0/0/3120/2080/1200/630/60/0/7460402_upload-1-f3wdkfu3hfr3-pexels-grace-2159277687-37375313.jpg,2026-07-05T10:59:29Z,,Erica Garza ne sattendait pas à cela après avoir élevé sa fille en Chine puis au Cambodge. Cette mère américaine a vécu deux ans en Asie quand son enfant avait entre 3 et 5 ans. Elle raconte au site … [+2178 chars],,fr,'Asie'
https://france3-regions.franceinfo.fr/provence-alpes-cote-d-azur/bouches-du-rhone/feux-de-foret-plusieurs-massifs-interdits-d-acces-dans-les-bouches-du-rhone-et-le-vaucluse-le-risque-d-incendie-tres-eleve-3381586.html,https://france3-regions.franceinfo.fr/provence-alpes-cote-d-azur/bouches-du-rhone/feux-de-foret-plusieurs-massifs-interdits-d-acces-dans-les-bouches-du-rhone-et-le-vaucluse-le-risque-d-incendie-tres-eleve-3381586.html,0,france3-regions.franceinfo.fr,"Feux de forêt : plusieurs massifs interdits d'accès dans les Bouches-du-Rhône et le Vaucluse, le risque d'incendie ""très élevé""","Selon Météo-France, le risque de départ de feu est très élevé dans les deux départements, à cause des conditions météorologiques. L'accès à plusieurs forêts a été interdit pour réduire les risques.",https://france3-regions.franceinfo.fr/image/Psapm9JxjOopqqtM_zva63hboig/930x620/regions/2026/07/05/6a4a33dc6c6ae220645978.jpg,2026-07-05T11:51:53Z,,"Selon Météo-France, le risque de départ de feu est très élevé dans les deux départements, à cause des conditions météorologiques. L'accès à plusieurs forêts a été interdit pour réduire les risques.
… [+1490 chars]",,fr,'Alpes'
https://www.mediapart.fr/journal/international/050726/la-slovenie-lache-brutalement-la-palestine,https://www.mediapart.fr/journal/international/050726/la-slovenie-lache-brutalement-la-palestine,0,www.mediapart.fr,La Slovénie lâche brutalement la Palestine,"Depuis le retour au pouvoir du national-conservateur Janez Janša début juin, le pays d’Europe centrale s’est aligné sur Israël. Une rupture avec la coalition de centre-gauche précédente, qui entendait « donner l’exemple » au sein de l’UE contre les abus du go…",https://static.mediapart.fr/etmagine/og/journal/files/2026/07/03/260703-img-la-slovenie-lache-brutalement-la-palestine.jpg,2026-07-05T12:18:32Z,http://web.archive.org/web/20260705191325/https://www.mediapart.fr/journal/international/050726/la-slovenie-lache-brutalement-la-palestine,"Les cookies et technologies similaires que nous utilisons sur Mediapart sont de différentes natures et nous permettent de poursuivre différentes finalités. 
Certains sont nécessaires au fonctionneme… [+3291 chars]",,fr,'Israël'
https://www.frandroid.com/produits-android/3169325_mexique-angleterre-comment-voir-le-8e-de-finale-de-la-coupe-du-monde-2026-en-streaming,https://www.frandroid.com/produits-android/3169325_mexique-angleterre-comment-voir-le-8e-de-finale-de-la-coupe-du-monde-2026-en-streaming,0,www.frandroid.com,Mexique-Angleterre : comment voir le 8e de finale de la Coupe du monde 2026 en streaming ?,"Les 8es de finale de la Coupe du monde 2026 montent en intensité : dans la nuit du dimanche au lundi, Mexique et Angleterre s'affrontent pour une place en quarts. Voici tout ce qu'il faut savoir sur l'horaire, la chaîne de diffusion et les solutions pour rega…","https://c0.lestechnophiles.com/images.frandroid.com/wp-content/uploads/2026/07/mexique-vs-angleterre.jpg?resize=1600,900&key=4aa6c0b0",2026-07-05T12:30:00Z,,"Les 8es de finale de la Coupe du monde 2026 montent en intensité : dans la nuit du dimanche au lundi, Mexique et Angleterre s’affrontent pour une place en quarts. Voici tout ce qu’il faut savoir sur … [+3963 chars]",,fr,'Angleterre'
https://www.ledauphine.com/economie/2026/07/05/annecy-eldorado-des-enterrements-de-vie-de-jeune-fille-certains-samedis-on-a-que-des-evjf-de-9-h-a-23-h,https://www.ledauphine.com/economie/2026/07/05/annecy-eldorado-des-enterrements-de-vie-de-jeune-fille-certains-samedis-on-a-que-des-evjf-de-9-h-a-23-h,0,www.ledauphine.com,"Insolite. « Certains samedis, on a que des EVJF de 9 h à 23 h » : pourquoi Annecy est l'eldorado des enterrements de vie de jeune fille",Annecy est une destination très prisée par les témoins pour les enterrements de vie de jeune fille des futures mariées. Un vrai business s’est développé. Mais quels en sont les enjeux ?,https://cdn-s-www.ledauphine.com/images/F79FC936-EE9C-4DF7-BF6B-B89A1733489D/FB1200/photo-1783247050.jpg,2026-07-05T12:36:00Z,,"Quelques semaines avant de se dire “oui” pour le reste de leur vie, les futurs mariés vont retrouver leurs amis respectifs pour un week-end festif avant la grande cérémonie. Annecy est une destinatio… [+433 chars]",,fr,'Annecy'
https://www.20minutes.fr/sport/4232908-20260705-paraguay-france-plus-12-millions-telespectateurs-devant-match-record-audience-23-heures,https://www.20minutes.fr/sport/4232908-20260705-paraguay-france-plus-12-millions-telespectateurs-devant-match-record-audience-23-heures,0,www.20minutes.fr,"Paraguay - France : Plus de 12 millions de téléspectateurs devant le match, un « record » d’audience à 23 heures","M6, seul diffuseur non payant du Mondial en France, a atteint 76 % de parts d’audience pendant ce match, qui a permis aux Bleus de rejoindre les quarts de finale du tournoi",https://img.20mn.fr/S45VJEGERCaYbTGgPyEK8Sk/1444x920_des-supporters-francais-regardent-le-match-des-8es-de-finale-de-la-coupe-du-monde-de-la-fifa-2026-entre-la-france-et-la-suede-sur-des-ecrans-geants-au-bar-la-felicita-a-paris-ile-de-france-france-le-30-juin-2026-photo-de-stephane-mouchmouche-hans-lucas-via-afp,2026-07-05T12:53:35Z,http://web.archive.org/web/20260705141136/https://www.20minutes.fr/sport/4232908-20260705-paraguay-france-plus-12-millions-telespectateurs-devant-match-record-audience-23-heures,"Carton plein pour les Bleus (à défaut davoir vu des cartons côté paraguayen). Quelque 12,2 millions de téléspectateurs en moyenne ont regardé sur M6 la victoire de léquipe de France contre le Paragua… [+1406 chars]",,fr,'Paraguay'
https://www.presse-citron.net/auto-a-quoi-correspond-la-plaque-dimmatriculation-noire-df-sur-les-voitures-en-france/,https://www.presse-citron.net/auto-a-quoi-correspond-la-plaque-dimmatriculation-noire-df-sur-les-voitures-en-france/,0,www.presse-citron.net,Auto : à quoi correspond la plaque d’immatriculation noire « DF » sur les voitures en France ?,Elle a une signification bien précise.,https://www.presse-citron.net/app/uploads/2026/07/plaque-DF-1600x900.jpg,2026-07-05T13:34:53Z,http://web.archive.org/web/20260705173652/https://www.presse-citron.net/auto-a-quoi-correspond-la-plaque-dimmatriculation-noire-df-sur-les-voitures-en-france/,"Peut-être les avez-vous déjà vues sur la route ? Des véhicules arborant des plaques dimmatriculation noires DF avec des caractères blancs ou argentés, et une bande bleue à gauche avec le “F” français… [+2581 chars]",,fr,'France'
https://www.ledauphine.com/environnement/2026/07/05/la-vigilance-orange-canicule-s-etend-a-16-departements-lundi-des-incendies-toujours-en-cours,https://www.ledauphine.com/environnement/2026/07/05/la-vigilance-orange-canicule-s-etend-a-16-departements-lundi-des-incendies-toujours-en-cours,0,www.ledauphine.com,"Climat. La vigilance orange canicule s'étend à 16 départements lundi, des incendies toujours en cours","Alors que plusieurs feux de forêts font actuellement rage dans le sud de la France, 16 départements seront en vigilance orange canicule lundi.",https://cdn-s-www.ledauphine.com/images/8EACD03E-0363-456E-ACE8-57CBFADCD579/FB1200/photo-1783261433.jpg,2026-07-05T14:27:00Z,http://web.archive.org/web/20260706054952/https://www.ledauphine.com/environnement/2026/07/05/la-vigilance-orange-canicule-s-etend-a-16-departements-lundi-des-incendies-toujours-en-cours,"Seize départements du sud et de l'ouest de la France passeront en vigilance orange canicule lundi, contre sept dimanche uniquement dans le Sud, a annoncé Météo-France. L'Ardèche, l'Aude, la Drôme, le… [+2878 chars]",,fr,'France'
https://www.lavenir.net/regions/brabantwallon/braine-l-alleud/2026/07/05/la-brainoise-sonia-deteste-marcher-mais-va-se-rendre-a-rome-a-pied-900-km-pour-les-victimes-de-violences-3UAQIQO6SNCNRB7YTVSYCBD3HE/,https://www.lavenir.net/regions/brabantwallon/braine-l-alleud/2026/07/05/la-brainoise-sonia-deteste-marcher-mais-va-se-rendre-a-rome-a-pied-900-km-pour-les-victimes-de-violences-3UAQIQO6SNCNRB7YTVSYCBD3HE/,0,www.lavenir.net,La Brainoise Sonia “déteste marcher”… mais va se rendre à Rome à pied (900 km) pour les victimes de violences,"900 kilomètres, 38 étapes, en pleine chaleur estivale : Sonia, habitante de Braine-l’Alleud âgée de 60 ans, se lance un défi de taille entre le Val d’Aoste et Rome, pour soutenir une cause qui lui tient à cœur. ...",https://www.lavenir.net/resizer/v2/5PB5TKI42FA6FOL7JWNHJMWK3A.jpeg?auth=7e84077d071f84b055e36ad2a7471fae58c0934399ea66ab9a102cbd01fefc6d&width=1200&height=630&quality=85&fitfill=true,2026-07-05T15:42:03Z,http://web.archive.org/web/20260705185114/https://www.lavenir.net/regions/brabantwallon/braine-l-alleud/2026/07/05/la-brainoise-sonia-deteste-marcher-mais-va-se-rendre-a-rome-a-pied-900-km-pour-les-victimes-de-violences-3UAQIQO6SNCNRB7YTVSYCBD3HE/,"Derrière cette initiative, il y a une motivation personnelle forte. Sonia a grandi dans un environnement familial marqué par des violences. ""C'est une cause qui me parle"", résume-t-elle. Pendant long… [+4633 chars]",,fr,'Rome'
https://www.journaldugeek.com/2026/07/05/paris-tokyo-en-3-heures-un-avion-hypersonique-reussit-un-premier-test-a-mach-5-5-400-km-h/,https://www.journaldugeek.com/2026/07/05/paris-tokyo-en-3-heures-un-avion-hypersonique-reussit-un-premier-test-a-mach-5-5-400-km-h/,0,www.journaldugeek.com,Paris-Tokyo en 3 heures : un avion hypersonique réussit un premier test à Mach 5 (5 400 km/h) !,"En avril 2026, la JAXA et trois universités japonaises ont réussi un test au sol d'un statoreacteur à Mach 5. Pas un vol, mais une démonstration technique sérieuse. Ce que ça dit de l'avion hypersonique et de l'objectif 2040.",https://www.journaldugeek.com/app/uploads/2026/05/jaxa-mach-5-avion-hypersonique-test-1600x900.jpeg,2026-07-05T16:18:38Z,http://web.archive.org/web/20260705200921/https://www.journaldugeek.com/2026/07/05/paris-tokyo-en-3-heures-un-avion-hypersonique-reussit-un-premier-test-a-mach-5-5-400-km-h/,"Le 16 avril 2026, la JAXA, l’université Waseda, l’université de Tokyo et l’université Keio ont annoncé un test réussi au Kakuda Space Center, dans la préfecture de Miyagi. Un appareil expérimental de… [+3515 chars]",,fr,'Tokyo'
https://www.20minutes.fr/sport/football/4232888-20260705-direct-bresil-norvege-endrick-mange-feuille-gardien-norvegien-chaleur-suivez-match,https://www.20minutes.fr/sport/football/4232888-20260705-direct-bresil-norvege-endrick-mange-feuille-gardien-norvegien-chaleur-suivez-match,0,www.20minutes.fr,Brésil - Norvège : Haaland fait pleurer le peuple brésilien malgré Neymar… Revivre le match avec nous…,Suivez avec nous en direct le 8e de finale de la Coupe du monde 2026 entre le Brésil et la Norvège ce dimanche au MetLife Stadium d’East Rutherford,https://img.20mn.fr/_LS43C5JTcSJhLJ_NI7M0Ck/1444x920_erling-haaland-a-inscrit-son-sixieme-but-de-la-competition-face-au-bresil,2026-07-05T18:02:36Z,http://web.archive.org/web/20260705223443/https://www.20minutes.fr/sport/football/4232888-20260705-direct-bresil-norvege-endrick-mange-feuille-gardien-norvegien-chaleur-suivez-match,"00h12:
Enfin pas tout à fait puisque mon collègue Xavier prendra le relais pour vous liver l'autre match de la nuit entre le Mexique et l'Angleterre au stade Azteca, dont le vainqueur retrouvera la … [+3717 chars]",,fr,'Miami'
https://www.ledauphine.com/faits-divers-justice/2026/07/05/annecy-quatorze-vehicules-brules-en-une-nuit,https://www.ledauphine.com/faits-divers-justice/2026/07/05/annecy-quatorze-vehicules-brules-en-une-nuit,0,www.ledauphine.com,Haute-Savoie. Annecy : quatorze véhicules brûlés en une nuit,"Une hécatombe dans les rues annéciennes ce samedi 4 juillet. En une nuit, 14 véhicules ont été incendiés dans quatre rues différentes : avenue du ...",https://cdn-s-www.ledauphine.com/images/EF11812F-553F-4B65-884D-0E99F66C87DB/FB1200/photo-1783274821.jpg,2026-07-05T18:06:00Z,http://web.archive.org/web/20260705190639/https://www.ledauphine.com/faits-divers-justice/2026/07/05/annecy-quatorze-vehicules-brules-en-une-nuit,"Une hécatombe dans les rues annéciennes ce samedi 4 juillet. En une nuit, 14 véhicules ont été incendiés dans quatre rues différentes : avenue du Pont-Neuf, avenue d’Aléry, rue de Chevennes et rue de… [+1402 chars]",,fr,'Annecy'
https://www.20minutes.fr/sport/4232928-20260705-coupe-monde-2026-annulation-carton-rouge-balogun-cadeau-infantino-trump,https://www.20minutes.fr/sport/4232928-20260705-coupe-monde-2026-annulation-carton-rouge-balogun-cadeau-infantino-trump,0,www.20minutes.fr,Coupe du monde 2026 : L’annulation du carton rouge de Balogun est-elle un « cadeau » d’Infantino à Trump ?,L’attaquant vedette des Etats-Unis pourra finalement jouer le 8e de finale face à la Belgique après un revirement de la FIFA dont les ressorts pourraient avoir un lien avec la Maison-Blanche,https://img.20mn.fr/m1FnqYTfQdaImmvoiWFUiSk/1444x920_gianni-infantino-et-donald-trump-meilleurs-amis-du-monde-dans-le-bureau-ovale-et-au-telephone-pendant-cette-coupe-du-monde,2026-07-05T18:44:02Z,http://web.archive.org/web/20260706014336/https://www.20minutes.fr/sport/4232928-20260705-coupe-monde-2026-annulation-carton-rouge-balogun-cadeau-infantino-trump,Et encore une bien belle trouvaille de Gianni-les-bons-tuyaux. La FIFA a annoncé ce dimanche quelle avait décidé de « gracier » Folarin Balogu en lui retirant le carton rouge infligé en 16e de finale… [+4126 chars],,fr,'Belgique'
https://www.dhnet.be/sports/omnisports/athletisme/2026/07/05/le-record-de-belgique-du-triple-saut-feminin-a-tremble-ilona-masson-retombe-a-1452-m-au-meeting-de-thonon-les-bains-IWJPQI23GFAN5G7ELIW6PVSBYY/,https://www.dhnet.be/sports/omnisports/athletisme/2026/07/05/le-record-de-belgique-du-triple-saut-feminin-a-tremble-ilona-masson-retombe-a-1452-m-au-meeting-de-thonon-les-bains-IWJPQI23GFAN5G7ELIW6PVSBYY/,0,www.dhnet.be,"Le record de Belgique du triple saut féminin a tremblé : Ilona Masson retombe à 14,52 m au meeting de Thonon-les-Bains !","La Hannutoise de 24 ans ne s'arrête plus : ce dimanche, elle a établi un nouveau record francophone, à 3 centimètres à peine de la marque de référence nationale détenue depuis 2010 par Svetlana Bolshakova. Masson détient désormais la meilleure performance eur…",https://www.dhnet.be/resizer/v2/NH7GOBJBL5AZRE4AGJYGU4BREM.jpg?auth=b43765663e1d7e909777c57d3947a8f6dcd4fc4549aa180c38f243852cce0c16&width=1200&height=630&quality=85&focal=747%2C471,2026-07-05T19:21:40Z,,"Mais elle avait déjà battu une première fois son record LBFA dès son premier essai, retombant alors à 14,43 m.
En pleine préparation pour les championnats d'Europe de Birmingham, l'athlète entraînée… [+1186 chars]",,fr,'Thonon-les-Bains'
https://www.huffingtonpost.fr/sport/article/donald-trump-applaudit-cette-decision-de-la-fifa-qui-stupefie-la-belgique_284066.html,https://www.huffingtonpost.fr/sport/article/donald-trump-applaudit-cette-decision-de-la-fifa-qui-stupefie-la-belgique_284066.html,0,www.huffingtonpost.fr,Donald Trump applaudit cette décision de la Fifa qui « stupéfie » la Belgique,"Avant le 8e de finale du Mondial entre les États-Unis et la Belgique, le carton rouge de l’attaquant américain Folarin Balogun a été suspendu.",https://focus.huffingtonpost.fr/2026/07/05/305/0/6877/3868/1820/1023/75/0/40f3916_upload-1-4agpt0kyclbb-afp-20251205-879q7y2-v1-highres-fblwc2026draw.jpg,2026-07-05T20:08:29Z,,Cest sans doute la décision la plus inattendue prise depuis le début de la Coupe du monde. La Fifa a en effet suspendu ce dimanche 5 juillet le carton rouge infligé à lAméricain Folarin Balogun en 16… [+2944 chars],,fr,'Belge'
https://www.data.gouv.fr/datasets/cap-sur-les-transitions-1-le-littoral,https://www.data.gouv.fr/datasets/cap-sur-les-transitions-1-le-littoral,0,www.data.gouv.fr,CAP SUR LES TRANSITIONS#1 - Le littoral,"Entre attractivité, biodiversité et adaptation au changement climatique, le littoral de Provence-Alpes-Côte d’Azur concentre des enjeux majeurs. 
Ce premier numéro de la collection *Cap sur les transitions* propose une lecture transversale des dynamiques qui …","https://www.data.gouv.fr/_og/d/c_ObjectPage.takumi,objectTitle_~Q0FQIFNVUiBMRVMgVFJBTlNJVElPTlMjMSAtIExlIGxpdHRvcmFs,orgName_~UsOpZ2lvbiBQcm92ZW5jZS1BbHBlcy1Dw7R0ZS1kJ0F6dXI,orgLogo_~aHR0cHM6Ly91ZGF0YS1hdmF0YXJzLnMzLnJieC5pby5jbG91ZC5vdmgubmV0L2RlL2JhZGQyZDI3NjE0YjY5OTk4OWIyODcwMWM3ZmEzMC0xMDAuanBn,views_0,downloads_0,reuses_0,followers_0,p_Ii9kYXRhc2V0cy9jYXAtc3VyLWxlcy10cmFuc2l0aW9ucy0xLWxlLWxpdHRvcmFsIg.png",2026-07-06T00:00:00Z,,"Entre attractivité, biodiversité et adaptation au changement climatique, le littoral de Provence-Alpes-Côte d’Azur concentre des enjeux majeurs.
Ce premier numéro de la collection Cap sur les transit… [+324 chars]",,fr,'Alpes'
https://www.franceinfo.fr/societe/violences-faites-aux-femmes/femme-demembree-des-buttes-chaumont-derriere-le-fait-divers-sordide-un-feminicide-au-c-ur-du-proces-du-mari-d-assia-matoug_8084696.html,https://www.franceinfo.fr/societe/violences-faites-aux-femmes/femme-demembree-des-buttes-chaumont-derriere-le-fait-divers-sordide-un-feminicide-au-c-ur-du-proces-du-mari-d-assia-matoug_8084696.html,0,www.franceinfo.fr,"Femme démembrée des Buttes-Chaumont : derrière le fait divers sordide, un féminicide au cœur du procès du mari d'Assia Matoug","Cet homme de 54 ans est jugé à partir de lundi devant la cour d’assises de Paris, pour avoir étranglé puis découpé la mère de ses trois enfants.",https://www.franceinfo.fr/pictures/kuLD-EqXv1Kql5A9l3AIrQLv7aU/0x106:1024x682/1500x843/2026/06/29/6a4236ab505a1744169970.jpg,2026-07-06T03:40:44Z,,"Il est 15h05, ce lundi 13 février 2023, quand un jardinier des Buttes-Chaumont, célèbre parc parisien du 19e arrondissement, tombe sur un sac-poubelle noir déposé sur un tas de branchages. Intrigué p… [+8954 chars]",,fr,'Saint-Jean'
https://france3-regions.franceinfo.fr/auvergne-rhone-alpes/savoie/jo-2030-dans-les-alpes-le-ski-alpinisme-reconduit-le-combine-nordique-sur-la-sellette-le-programme-sportif-officialise-ce-mardi-3380455.html,https://france3-regions.franceinfo.fr/auvergne-rhone-alpes/savoie/jo-2030-dans-les-alpes-le-ski-alpinisme-reconduit-le-combine-nordique-sur-la-sellette-le-programme-sportif-officialise-ce-mardi-3380455.html,0,france3-regions.franceinfo.fr,"JO 2030 dans les Alpes : le ski-alpinisme reconduit, le combiné nordique sur la sellette... Le programme sportif officialisé ce mardi","Le programme sportif des Jeux olympiques d'hiver 2030 prévus dans les Alpes françaises sera établi par le Comité international olympique, mardi 7 juillet. Le CIO décidera notamment des nouvelles épreuves ajoutées au calendrier.",https://france3-regions.franceinfo.fr/image/aV-r2uy-bmHsJEYZHgRlguaILd0/930x620/regions/2026/07/03/6a47799da351d788436484.jpg,2026-07-06T04:05:02Z,,"Le programme sportif des Jeux olympiques d'hiver 2030 prévus dans les Alpes françaises sera établi par le Comité international olympique, mardi 7 juillet. Le CIO décidera notamment des nouvelles épre… [+2116 chars]",,fr,'Alpes'
https://www.telerama.fr/television/ce-soir-a-la-tele-notre-selection-du-lundi-6-juillet-7031940.php,https://www.telerama.fr/television/ce-soir-a-la-tele-notre-selection-du-lundi-6-juillet-7031940.php,0,www.telerama.fr,Ce soir à la télé : notre sélection du lundi 6 juillet,"Ce lundi, on savoure un grand thriller chabrolien et la suite tant attendue de “Mektoub My Love”. Sinon, on découvre deux documentaires saisissants : l’un sur les violences sexuelles au Japon, l’autre sur un événement marquant de la Guadeloupe.",https://focus.telerama.fr/2026/06/30/49/192/3526/2351/1200/800/60/0/f4427cd_upload-1-ddtl97ynlw0s-boucher-1969-02.jpg,2026-07-06T04:55:09Z,http://web.archive.org/web/20260706172518/https://www.telerama.fr/television/ce-soir-a-la-tele-notre-selection-du-lundi-6-juillet-7031940.php,"Ce lundi, on savoure un grand thriller chabrolien et la suite tant attendue de Mektoub My Love. Sinon, on découvre deux documentaires saisissants : lun sur les violences sexuelles au Japon, lautre su… [+3702 chars]",,fr,'Japon'
https://www.huffingtonpost.fr/sport/article/le-bresil-surpris-par-la-norvege-un-match-fou-mexique-angleterre-le-recap-de-la-nuit_284099.html,https://www.huffingtonpost.fr/sport/article/le-bresil-surpris-par-la-norvege-un-match-fou-mexique-angleterre-le-recap-de-la-nuit_284099.html,0,www.huffingtonpost.fr,"Le Brésil surpris par la Norvège, un match fou Mexique-Angleterre : le recap de la nuit","Un exploit historique, la Norvège s’est qualifiée pour le premier quart de finale de son histoire en Coupe du monde face au Brésil. L’Angleterre, en infériorité numérique s’est imposé face au Mexique et rejoint la Norvège en quart de finale.",https://focus.huffingtonpost.fr/2026/07/06/284/0/5448/3064/1820/1023/75/0/3283ffc_upload-1-puwwndmqohmz-afp-20260705-b9bv4mx-v1-highres-fblwc2026match91branor.jpg,2026-07-06T04:55:14Z,,"Coup de tonnerre dans cette Coupe du monde 2026 avec lélimination du Brésil dès les 8es de finale, battu par les Vikings norvégiens (2-1) dimanche 5 juillet au soir. De leur côté, les Anglais, héroïq… [+3182 chars]",,fr,'Angleterre'
https://www.20minutes.fr/sport/football/4232935-20260706-coupe-monde-2026-three-lions-heroiques-scandale-balogun-prend-proportions-folles-recap-nuit,https://www.20minutes.fr/sport/football/4232935-20260706-coupe-monde-2026-three-lions-heroiques-scandale-balogun-prend-proportions-folles-recap-nuit,0,www.20minutes.fr,"Coupe du monde 2026 : Des Three Lions héroïques, le scandale Balogun prend des proportions folles… Le récap de la nuit","Comme le football ne s’arrête pas la nuit durant ce Mondial, « 20 Minutes » fait le point ce lundi matin sur tout ce que vous avez manqué. Au menu deux alléchants 8es de finale, Brésil-Norvège et Mexique-Angleterre, plus une polémique XXL côté Fifa",https://img.20mn.fr/25926mvgQleMXfQ9_ClqCCk/1444x920_l-anglais-harry-kane-9-celebre-avec-jude-bellingham-10-apres-avoir-marque-le-troisieme-but-de-son-equipe-sur-penalty-lors-du-match-des-huitiemes-de-finale-de-la-coupe-du-monde-de-football-entre-le-mexique-et-l-angleterre-a-mexico-le-dimanche-5-juillet-2026-ap-photo-eduardo-verdugo-wcth147-26187121889158-2607060528,2026-07-06T05:42:43Z,http://web.archive.org/web/20260706203326/https://www.20minutes.fr/sport/football/4232935-20260706-coupe-monde-2026-three-lions-heroiques-scandale-balogun-prend-proportions-folles-recap-nuit,"La Coupe du monde 2026 attaque déjà son 26e jour de compétition ce lundi, et ses histoires de la nuit sont toujours aussi nombreuses. Cest pourquoi 20 Minutes vous propose, durant tout le tournoi, un… [+8578 chars]",,fr,'Mexique'
https://www.huffingtonpost.fr/culture/video/bad-bunny-fait-venir-j-balvin-pour-son-dernier-concert-a-paris-et-on-a-ete-conquis_282588.html,https://www.huffingtonpost.fr/culture/video/bad-bunny-fait-venir-j-balvin-pour-son-dernier-concert-a-paris-et-on-a-ete-conquis_282588.html,0,www.huffingtonpost.fr,Bad Bunny fait venir J Balvin pour son dernier concert à Paris et on a été conquis,"L’artiste portoricain était en concert à Paris pour deux dates à la Plenitude Arena (ex-La Défense Arena). Le HuffPost a assisté à la deuxième, avec J Balvin en invité surprise.",https://focus.huffingtonpost.fr/2026/07/06/52/0/2982/1677/1820/1023/75/0/d985bc2_upload-1-brj9stvkzwuw-afp-20260701-b8ye369-v1-highres-francemusicentertainment.jpg,2026-07-06T06:02:37Z,,"Une soirée « inolvidable ». Nous étions au deuxième concert de Bad Bunny à Paris ce dimanche 5 juillet, et lartiste portoricain a livré un show inoubliable devant un public survolté. Après une date a… [+6621 chars]",,fr,'Palestine'
https://www.data.gouv.fr/datasets/donnees-essentielles-des-marches-publics-region-auvergne-rhone-alpes-1682,https://www.data.gouv.fr/datasets/donnees-essentielles-des-marches-publics-region-auvergne-rhone-alpes-1682,0,www.data.gouv.fr,Données essentielles des marchés publics - Région Auvergne Rhône-Alpes,"L'arrêté du 14 avril 2017 (https://www.legifrance.gouv.fr/eli/arrete/2017/4/14/ECFM1637256A/jo/texte), modifié par l'arrêté du 27 juillet 2018 (https://www.legifrance.gouv.fr/affichTexte.do?cidTexte=JORFTEXT000037282994&dateTexte=&categorieLien=id), impose à …","https://www.data.gouv.fr/_og/d/c_ObjectPage.takumi,objectTitle_~RG9ubsOpZXMgZXNzZW50aWVsbGVzIGRlcyBtYXJjaMOpcyBwdWJsaWNzIC0gUsOpZ2lvbiBBdXZlcmduZSBSaMO0bmUtQWxwZXM,orgName_~UsOpZ2lvbiBBdXZlcmduZS1SaMO0bmUtQWxwZXM,orgLogo_~aHR0cHM6Ly91ZGF0YS1hdmF0YXJzLnMzLnJieC5pby5jbG91ZC5vdmgubmV0LzZjLzJiZWE0NTU4NjU0ZTEyOGZhZmQ5ZTYyOTkxODE4Zi0xMDAuanBn,views_0,downloads_0,reuses_0,followers_0,p_Ii9kYXRhc2V0cy9kb25uZWVzLWVzc2VudGllbGxlcy1kZXMtbWFyY2hlcy1wdWJsaWNzLXJlZ2lvbi1hdXZlcmduZS1yaG9uZS1hbHBlcy0xNjgyIg.png",2026-07-06T06:16:04Z,,"L'arrêté du 14 avril 2017 (https://www.legifrance.gouv.fr/eli/arrete/2017/4/14/ECFM1637256A/jo/texte), modifié par l'arrêté du 27 juillet 2018 (https://www.legifrance.gouv.fr/affichTexte.do?cidTexte=… [+666 chars]",,fr,'Alpes'
https://www.lalibre.be/international/asie/2026/07/06/tir-de-missile-chinois-dans-le-pacifique-le-japon-hausse-le-ton-O3RSBDD5LNFXVJ4XHF5VREPJ5E/,https://www.lalibre.be/international/asie/2026/07/06/tir-de-missile-chinois-dans-le-pacifique-le-japon-hausse-le-ton-O3RSBDD5LNFXVJ4XHF5VREPJ5E/,0,www.lalibre.be,Tir de missile chinois dans le Pacifique : le Japon hausse le ton,Pékin assure avoir prévenu les pays concernés avant un tir de missile stratégique tombé dans une zone prédéfinie du Pacifique. ...,https://www.lalibre.be/resizer/v2/3MEC7BXHP5CK7LZ2UJYAHCD7NU.jpg?auth=8bfe2ada1fb374e6d5f42aece6f8d915dcc1fd043329ecc83840fb722c9f62bd&width=1200&height=630&quality=85&focal=1500%2C998,2026-07-06T06:40:36Z,,"Ce missile est ""tombé avec précision dans la zone maritime prédéfinie"", a-t-il souligné, sans fournir plus de détails sur la localisation exacte.
La nouvelle loi sur l'unité ethnique de la Chine sou… [+1523 chars]",,fr,'Papouasie-Nouvelle-Guinée'
https://www.frandroid.com/survoltes/voitures-electriques/3169467_google-sattaque-a-tesla-en-france-ses-voitures-autonomes-waymo-arrivent-mais-il-faudra-etre-patient,https://www.frandroid.com/survoltes/voitures-electriques/3169467_google-sattaque-a-tesla-en-france-ses-voitures-autonomes-waymo-arrivent-mais-il-faudra-etre-patient,0,www.frandroid.com,"Google s’attaque à Tesla en France : ses voitures autonomes Waymo arrivent, mais il faudra être patient","Alors que le FSD de Tesla se développe en Europe, Google vient de créer une nouvelle filiale française pour Waymo, sa société de taxis autonomes. Il faudra cependant encore attendre avant de commander un Waymo à Paris...","https://c0.lestechnophiles.com/images.frandroid.com/wp-content/uploads/2025/10/waymo-voiture-autonome-flotte-google-car-1-resized.jpeg?resize=1600,900&key=432b656f",2026-07-06T08:00:59Z,,"Alors que le FSD de Tesla se développe en Europe, Google vient de créer une nouvelle filiale française pour Waymo, sa société de taxis autonomes. Il faudra cependant encore attendre avant de commande… [+4452 chars]",,fr,'France'
https://www.huffingtonpost.fr/sport/article/apres-mexique-angleterre-a-la-coupe-du-monde-l-interview-geniale-d-harry-kane-j-ai-perdu-ma-voix_284266.html,https://www.huffingtonpost.fr/sport/article/apres-mexique-angleterre-a-la-coupe-du-monde-l-interview-geniale-d-harry-kane-j-ai-perdu-ma-voix_284266.html,0,www.huffingtonpost.fr,"Après Mexique-Angleterre à la Coupe du monde, l’interview géniale d’Harry Kane : « J’ai perdu ma voix »","La victoire de l’Angleterre contre le Mexique, arrachée de haute lutte, a laissé le capitaine anglais Harry Kane sans voix… au sens propre.",https://focus.huffingtonpost.fr/2026/07/06/0/0/6000/3375/1820/1023/75/0/fc05f54_upload-1-qvtziny0gq91-2026-07-05t202337z-300561697-mt1eyepix191211-rtrmadp-3-eyepix.JPG,2026-07-06T08:20:34Z,,"« Je suis sans voix » Dimanche 5 juillet au soir, à lissue dun huitième de finale de Coupe du monde où lAngleterre la emporté de haute lutte contre le Mexique (3-2), linterview du capitaine anglais d… [+2393 chars]",,fr,'Angleterre'
https://www.lejournaldesentreprises.com/breve/le-groupe-cheval-renforce-sa-presence-en-isere-2146168,https://www.lejournaldesentreprises.com/breve/le-groupe-cheval-renforce-sa-presence-en-isere-2146168,0,www.lejournaldesentreprises.com,Le groupe Cheval renforce sa présence en Isère,"Spécialiste des travaux publics, de l’aménagement des territoires et de l’environnement, le groupe drômois Cheval (1 300 salariés ; 300 M€ de chiffre d’affaires) poursuit son développement en Isère avec l’ouverture d’un nouveau site à Saint-Marcellin, dédié à…",,2026-07-06T08:58:50Z,,"Spécialiste des travaux publics, de laménagement des territoires et de lenvironnement, le groupe drômois Cheval (1 300 salariés ; 300 M de chiffre daffaires) poursuit son développement en Isère avec … [+736 chars]",,fr,'Isère'
https://france3-regions.franceinfo.fr/auvergne-rhone-alpes/haute-savoie/annecy/les-horaires-de-cinq-lignes-de-bus-prolonges-jusqu-a-1h30-du-matin-pendant-l-ete-a-annecy-3381982.html,https://france3-regions.franceinfo.fr/auvergne-rhone-alpes/haute-savoie/annecy/les-horaires-de-cinq-lignes-de-bus-prolonges-jusqu-a-1h30-du-matin-pendant-l-ete-a-annecy-3381982.html,0,france3-regions.franceinfo.fr,Les horaires de cinq lignes de bus prolongés jusqu'à 1h30 du matin pendant l'été à Annecy,"Les horaires de plusieurs lignes de bus de l'agglomération d'Annecy sont prolongés dans la nuit, à partir de ce jeudi 9 juillet et pour le reste de l'été. Sur cinq lignes, les transports en commun circuleront jusqu'à 1h30 du matin, toutes les semaines, du jeu…",https://france3-regions.franceinfo.fr/image/TrkxB48EWqJ9Y08cCKZuJUbixGY/930x620/regions/2026/07/06/6a4b6c7b47441717438558.jpg,2026-07-06T09:44:55Z,,"Les horaires de plusieurs lignes de bus de l'agglomération d'Annecy sont prolongés dans la nuit, à partir de ce jeudi 9 juillet et pour le reste de l'été. Sur cinq lignes, les transports en commun ci… [+1813 chars]",,fr,'Annecy'
https://www.20minutes.fr/sport/football/4233103-20260706-mexique-angleterre-jordan-henderson-victime-blessure-plus-bete-coupe-monde-apres-succes-anglais,https://www.20minutes.fr/sport/football/4233103-20260706-mexique-angleterre-jordan-henderson-victime-blessure-plus-bete-coupe-monde-apres-succes-anglais,0,www.20minutes.fr,Mexique - Angleterre : Jordan Henderson victime de la blessure la plus bête de la Coupe du monde après le succès anglais,"L’ex-capitaine de Liverpool, qui n’est une nouvelle fois pas entré en jeu dimanche contre le Mexique (2-3) en 8es de finale du Mondial, a trouvé le moyen de se blesser au poignet durant l’après-match… en sautant au-dessus d’un panneau publicitaire !",https://img.20mn.fr/2rpdwV_0TGidvWrGKNY5tSk/1444x920_l-anglais-jordan-henderson-14-ans-est-pris-en-charge-par-le-personnel-d-entrainement-a-la-suite-d-une-blessure-survenue-lors-de-la-celebration-d-apres-match-du-match-des-8es-de-finale-de-la-coupe-du-monde-de-football-entre-le-mexique-et-l-angleterre-a-mexico-le-dimanche-5-juillet-2026-ap-photo-eduardo-verdugo-wcdd320-26187200791478-2607060736,2026-07-06T09:53:31Z,,"Il nest déjà pas si fréquent de voir un joueur remplaçant recevoir un carton jaune, surtout durant le temps additionnel dune qualification épique de sa sélection. Mais alors provoquer en plus larrivé… [+2025 chars]",,fr,'Angleterre'
https://www.courrierinternational.com/article/football-la-norvege-se-met-a-rever-apres-sa-victoire-contre-le-bresil-tout-peut-arriver-tout_246909,https://www.courrierinternational.com/article/football-la-norvege-se-met-a-rever-apres-sa-victoire-contre-le-bresil-tout-peut-arriver-tout_246909,0,www.courrierinternational.com,"La Norvège se met à rêver après sa victoire contre le Brésil : “Tout peut arriver, tout !”","Emmenée par un Erling Haaland une nouvelle fois décisif, l’équipe de Norvège a éliminé le Brésil, dimanche 5 juin, pour se hisser en quarts de finale de la Coupe du monde 2026. Un exploit encensé au pays par une presse dithyrambique qui se prend déjà à rêver …",https://focus.courrierinternational.com/2026/07/05/0/0/3850/2567/1200/630/60/0/8905418_ftp-1-hos5vhm8xkyk-2284799576.jpg,2026-07-06T09:53:48Z,,"À linstar des autres journaux norvégiens, Dagbladet a du mal à y croire. Le Brésil compte plus de 200 millions dhabitants, la Norvège 5,5 millions. [] Et pourtant nous avons mieux joué queux. Plus im… [+2686 chars]",,fr,'Norvège'
https://www.frandroid.com/produits-android/3169667_portugal-espagne-en-8e-de-finale-a-quelle-heure-et-sur-quelle-chaine-ce-soir,https://www.frandroid.com/produits-android/3169667_portugal-espagne-en-8e-de-finale-a-quelle-heure-et-sur-quelle-chaine-ce-soir,0,www.frandroid.com,Portugal-Espagne en 8e de finale : à quelle heure et sur quelle chaîne ce soir ?,"Portugal contre Espagne en 8e de finale de la Coupe du monde 2026 : voilà une affiche qui mérite qu'on s'organise. Ce lundi 6 juillet à 21h00, les deux nations ibériques se retrouvent sur la pelouse pour une place en quarts de finale, sur M6 et beIN Sports 1,…","https://c0.lestechnophiles.com/images.frandroid.com/wp-content/uploads/2026/07/portugal-vs-espagne.jpg?resize=1600,900&key=52dd2f1e",2026-07-06T10:30:00Z,,"Portugal contre Espagne en 8e de finale de la Coupe du monde 2026 : voilà une affiche qui mérite qu’on s’organise. Ce lundi 6 juillet à 21h00, les deux nations ibériques se retrouvent sur la pelouse … [+3837 chars]",,fr,'Espagne'
https://www.ledauphine.com/faits-divers-justice/2026/07/06/qu-on-le-veuille-ou-non-le-secours-populaire-est-devenu-une-cible-le-secours-populaire-a-nouveau-victime-d-un-cambriolage,https://www.ledauphine.com/faits-divers-justice/2026/07/06/qu-on-le-veuille-ou-non-le-secours-populaire-est-devenu-une-cible-le-secours-populaire-a-nouveau-victime-d-un-cambriolage,0,www.ledauphine.com,"Isère. « On est devenu une cible » : le Secours populaire victime d’un cambriolage, le huitième en trois ans",Le local du comité voironnais du Secours populaire français a été cambriolé durant le week-end. C’est le huitième cambriolage en moins de trois ans qui touche le Secours populaire en Isère.,https://cdn-s-www.ledauphine.com/images/B38BB414-0EED-473F-B479-D1463A03D9EF/FB1200/photo-1783334876.jpg,2026-07-06T10:53:00Z,http://web.archive.org/web/20260707134014/https://www.ledauphine.com/faits-divers-justice/2026/07/06/qu-on-le-veuille-ou-non-le-secours-populaire-est-devenu-une-cible-le-secours-populaire-a-nouveau-victime-d-un-cambriolage,"Les bénévoles du comité du Secours populaire français de Voiron ont découvert, ce lundi 6 juillet au matin, que leur local situé rue Hector-Berlioz avait été cambriolé, vraisemblablement au cours du … [+376 chars]",,fr,'Voiron'
https://www.dhnet.be/sports/cyclisme/tour-de-france/2026/07/06/il-y-a-100-ans-en-1926-un-belge-remporte-letape-la-plus-apocalyptique-de-lhistoire-du-tour-de-france-et-va-gagner-la-grande-boucle-la-plus-longue-EBFYEDOG3BFLJBGVNRGSF6SNXY/,https://www.dhnet.be/sports/cyclisme/tour-de-france/2026/07/06/il-y-a-100-ans-en-1926-un-belge-remporte-letape-la-plus-apocalyptique-de-lhistoire-du-tour-de-france-et-va-gagner-la-grande-boucle-la-plus-longue-EBFYEDOG3BFLJBGVNRGSF6SNXY/,0,www.dhnet.be,"Il y a 100 ans, en 1926, un Belge remporte l’étape la plus apocalyptique de l’histoire du Tour de France, et va gagner la Grande Boucle la plus longue","Lucien Buysse survit à l'enfer le 6 juillet 1926, entre Bayonne et Luchon, et gagne une étape qui est entrée dans la légende du Tour de France. Le Belge triomphe ensuite à Paris après près de 239 heures sur son vélo pour parcourir 5 745 km. ...",https://www.dhnet.be/resizer/v2/ADXZEI4PWJDXLGCVVBGZQE6JNM.jpg?auth=2c8174bf5b759c601965a198ce842006965e4b661b53737b3e9dd28ea2faa69d&width=1200&height=630&quality=85&focal=1500%2C1000,2026-07-06T11:45:26Z,http://web.archive.org/web/20260706204543/https://www.dhnet.be/sports/cyclisme/tour-de-france/2026/07/06/il-y-a-100-ans-en-1926-un-belge-remporte-letape-la-plus-apocalyptique-de-lhistoire-du-tour-de-france-et-va-gagner-la-grande-boucle-la-plus-longue-EBFYEDOG3BFLJBGVNRGSF6SNXY/,"guillement
En 1926, je durcirai tellement les étapes dans les Alpes et les Pyrénées que personne ne réussira à frauder: seulement un vrai champion sera capable de gagner ce Tour!
Henri Desgrange
H… [+5727 chars]",,fr,'Paris'
https://www.frandroid.com/produits-android/tv-connectee-produits/3169719_etats-unis-belgique-a-quelle-heure-et-sur-quelle-chaine-voir-ce-8e-de-finale,https://www.frandroid.com/produits-android/tv-connectee-produits/3169719_etats-unis-belgique-a-quelle-heure-et-sur-quelle-chaine-voir-ce-8e-de-finale,0,www.frandroid.com,États-Unis – Belgique : à quelle heure et sur quelle chaîne voir ce 8e de finale ?,"Les huitièmes de finale de la Coupe du monde 2026 s'enchaînent, et cette nuit, États-Unis - Belgique promet une affiche sérieuse sur les terres du pays hôte. Voici tout ce qu'il faut savoir : l'heure exacte, la chaîne qui diffuse le match et les solutions pou…","https://c0.lestechnophiles.com/images.frandroid.com/wp-content/uploads/2026/07/etats-unis-vs-belgique.jpg?resize=1600,900&key=41ba4bc5",2026-07-06T12:00:00Z,http://web.archive.org/web/20260707104638/https://www.frandroid.com/produits-android/tv-connectee-produits/3169719_etats-unis-belgique-a-quelle-heure-et-sur-quelle-chaine-voir-ce-8e-de-finale,"Les huitièmes de finale de la Coupe du monde 2026 s’enchaînent, et cette nuit, États-Unis – Belgique promet une affiche sérieuse sur les terres du pays hôte. Voici tout ce qu’il faut savoir : l’heure… [+4341 chars]",,fr,'Belgique'
https://www.mediapart.fr/journal/france/060726/paris-une-manifestation-d-opposants-iraniens-interdite-la-derniere-minute,https://www.mediapart.fr/journal/france/060726/paris-une-manifestation-d-opposants-iraniens-interdite-la-derniere-minute,0,www.mediapart.fr,Paris: une manifestation d’opposants iraniens interdite à la dernière minute,"Le 20 juin, le Conseil national de la résistance iranienne, émanation de la très contestée Organisation des moudjahidines du peuple iranien, espérait réunir des milliers de manifestants à Paris. Le rassemblement a été interdit à la dernière minute et l’organi…",https://static.mediapart.fr/etmagine/og/journal/files/2026/07/03/260703-img-une-manifestation-dopposants-iraniens-reprimee-en-raison-dune-menace-dattentat.jpg,2026-07-06T12:03:10Z,http://web.archive.org/web/20260706131040/https://www.mediapart.fr/journal/france/060726/paris-une-manifestation-d-opposants-iraniens-interdite-la-derniere-minute,"Les cookies et technologies similaires que nous utilisons sur Mediapart sont de différentes natures et nous permettent de poursuivre différentes finalités. 
Certains sont nécessaires au fonctionneme… [+3291 chars]",,fr,'Paris'
https://www.mediapart.fr/journal/france/060726/derriere-rima-hassan-une-nouvelle-generation-militante-et-des-polemiques-douloureuses,https://www.mediapart.fr/journal/france/060726/derriere-rima-hassan-une-nouvelle-generation-militante-et-des-polemiques-douloureuses,0,www.mediapart.fr,"Derrière Rima Hassan, une nouvelle génération militante et des polémiques douloureuses","Depuis le 7 octobre 2023, une nouvelle génération s’est emparée du mouvement de solidarité avec la Palestine. Agile sur les réseaux sociaux et organisée dans les universités, la « génération génocide » bouscule, galvanise, exclut ou irrite, à l’image de son i…",https://static.mediapart.fr/etmagine/og/journal/files/2026/07/02/260702-img-rima-hassan-une-generation-qui-veut-passer-la-vitesse-superieure-sur-la-palestine.jpg,2026-07-06T12:03:14Z,http://web.archive.org/web/20260706124203/https://www.mediapart.fr/journal/france/060726/derriere-rima-hassan-une-nouvelle-generation-militante-et-des-polemiques-douloureuses,"Les cookies et technologies similaires que nous utilisons sur Mediapart sont de différentes natures et nous permettent de poursuivre différentes finalités. 
Certains sont nécessaires au fonctionneme… [+3291 chars]",,fr,'Palestine'
https://www.presse-citron.net/jeff-bezos-declare-que-lia-entrainera-une-penurie-de-main-doeuvre-pour-promouvoir-sa-nouvelle-start-up/,https://www.presse-citron.net/jeff-bezos-declare-que-lia-entrainera-une-penurie-de-main-doeuvre-pour-promouvoir-sa-nouvelle-start-up/,0,www.presse-citron.net,Jeff Bezos déclare que l’IA entraînera une pénurie de main-d’œuvre (pour promouvoir sa nouvelle start-up),"Jeff Bezos contredit ceux qui anticipent un chômage de masse à cause de l’IA. À Paris, celui-ci a affirmé que c’est plutôt le contraire qui va se passer.",https://www.presse-citron.net/app/uploads/2026/06/Jeff-Bezos-1-1-1600x900.jpg,2026-07-06T12:48:09Z,,"Jeff Bezos, le fondateur et ancien CEO dAmazon, ne pense pas que lintelligence artificielle va provoquer un chômage de masse. Bien au contraire, daprès celui-ci, cette technologie va plutôt causer un… [+2457 chars]",,fr,'Paris'
https://www.journaldugeek.com/2026/07/06/fini-le-permis-a-vie-ce-que-bruxelles-vous-prepare-va-surprendre-40-millions-de-conducteurs-francais/,https://www.journaldugeek.com/2026/07/06/fini-le-permis-a-vie-ce-que-bruxelles-vous-prepare-va-surprendre-40-millions-de-conducteurs-francais/,0,www.journaldugeek.com,Fini le permis à vie : ce que Bruxelles vous prépare va surprendre 40 millions de conducteurs français,"La fin du permis de conduire valable à vie a fait les gros titres, et un peu paniquer au passage. Pourtant, se focaliser sur la validité ramenée à quinze ans, c'est passer à côté de la transformation que la nouvelle directive européenne enclenche vraiment.",https://www.journaldugeek.com/app/uploads/2026/07/permis-conduire-numerique-reforme-europeenne-2028-1600x900.jpeg,2026-07-06T13:41:44Z,http://web.archive.org/web/20260707192828/https://www.journaldugeek.com/2026/07/06/fini-le-permis-a-vie-ce-que-bruxelles-vous-prepare-va-surprendre-40-millions-de-conducteurs-francais/,"Car ce qui vous attends vraiment en 2028, c’est la migration de votre permis de conduire dans le portefeuille d’identité numérique de l’Union Européenne et ça c’est aussi un gros morceau !
Non, vous… [+4835 chars]",,fr,'Bruxelles'
https://www.franceinfo.fr/environnement/biodiversite/animaux/veritables-nuisibles-pour-les-plantes-deux-scarabees-japonais-captures-dans-les-alpes-maritimes_8096330.html,https://www.franceinfo.fr/environnement/biodiversite/animaux/veritables-nuisibles-pour-les-plantes-deux-scarabees-japonais-captures-dans-les-alpes-maritimes_8096330.html,0,www.franceinfo.fr,"Véritables nuisibles pour les plantes, deux scarabées japonais capturés dans les Alpes-Maritimes","Le ""Popillia japonica"" est un petit scarabée classé comme organisme de quarantaine prioritaire au titre de la réglementation européenne, avec une obligation de surveillance et de lutte, en raison de sa nuisibilité importante.",https://www.franceinfo.fr/pictures/APermEq8-3su8r0lroJ6l2luwe4/0x380:7000x4317/1500x843/2026/07/06/6a4bb689b4016149337311.jpg,2026-07-06T14:07:41Z,,"Deux scarabées japonais (Popillia japonica) - menace pour les plantes - ont été capturés à Cannes (Alpes-Maritimes) le 18 juin, indique lundi 6 juillet la préfecture de la région Provence-Alpes-Côte … [+1661 chars]",,fr,'Alpes'
https://www.frandroid.com/survoltes/voitures-electriques/3168513_pourquoi-leurope-a-mis-50-ans-de-plus-que-les-usa-a-adopter-massivement-la-clim-en-voiture,https://www.frandroid.com/survoltes/voitures-electriques/3168513_pourquoi-leurope-a-mis-50-ans-de-plus-que-les-usa-a-adopter-massivement-la-clim-en-voiture,0,www.frandroid.com,Pourquoi l’Europe a mis 50 ans de plus que les USA à adopter massivement la clim en voiture,"La clim est née aux États-Unis à la veille de la guerre, avant de devenir un standard outre-Atlantique dans les années 1970. En Europe, elle a fallu attendre bien plus longtemps : en 1990, moins de 8 % des voitures neuves vendues sur le continent en étaient é…","https://c0.lestechnophiles.com/images.frandroid.com/wp-content/uploads/2026/07/tesla-model-3-clim.jpg?resize=1600,900&key=e72a3540",2026-07-06T14:09:45Z,,"La clim est née aux États-Unis à la veille de la guerre, avant de devenir un standard outre-Atlantique dans les années 1970. En Europe, elle a fallu attendre bien plus longtemps : en 1990, moins de 8… [+5545 chars]",,fr,'USA'
https://www.presse-citron.net/auchan-voici-liste-172-magasins-france-seront-transformes-intermarche/,https://www.presse-citron.net/auchan-voici-liste-172-magasins-france-seront-transformes-intermarche/,0,www.presse-citron.net,Auchan : voici la liste des 172 magasins en France qui seront transformés en Intermarché,"167 supermarchés et hypermarchés Auchan vont changer de nom dans toute la France, suite au feu vert donné par l'Autorité de la concurrence à un rapprochement inédit avec Intermarché. Votre magasin habituel fait-il partie de la liste ? On vous dit tout.",https://www.presse-citron.net/app/uploads/2024/11/intermarche-1500x900.jpg,2026-07-06T14:15:53Z,http://web.archive.org/web/20260708032406/https://www.presse-citron.net/auchan-voici-liste-172-magasins-france-seront-transformes-intermarche/,L’Autorité de la concurrence vient de donner son feu vert à un projet d’ampleur dans la grande distribution française. Intermarché et Auchan créent une entreprise commune qui reprendra 167 supermarch… [+9608 chars],,fr,'France'
https://www.huffingtonpost.fr/france/article/40-c-dans-l-aude-les-trois-quarts-du-pays-en-vigilance-orange-mardi-la-3e-canicule-gagne-du-terrain_284495.html,https://www.huffingtonpost.fr/france/article/40-c-dans-l-aude-les-trois-quarts-du-pays-en-vigilance-orange-mardi-la-3e-canicule-gagne-du-terrain_284495.html,0,www.huffingtonpost.fr,"40 °C dans l’Aude, les trois quarts du pays en vigilance orange mardi : la 3e canicule gagne du terrain","Météo-France place 61 départements en vigilance orange canicule pour la journée du mardi 7 juillet, à partir de midi.",https://focus.huffingtonpost.fr/2026/05/24/516/0/5000/2812/1820/1023/75/0/9671594_upload-1-wwhwmwxovffi-afp-20260523-hl-mthomasset-3171424-v1-highres-franceheatwavethermometershowing3.jpg,2026-07-06T14:33:38Z,,"La troisième canicule de lannée gagne du terrain. 61 départements sont placés en vigilance orange par Météo-France pour canicule mardi 7 juillet, à partir de 12 h. 16 départements étaient jusque-là c… [+860 chars]",,fr,'France'
https://france3-regions.franceinfo.fr/auvergne-rhone-alpes/isere/un-nouvel-episode-severe-et-durable-cinq-departements-de-rhone-alpes-passent-en-vigilance-orange-canicule-3382273.html,https://france3-regions.franceinfo.fr/auvergne-rhone-alpes/isere/un-nouvel-episode-severe-et-durable-cinq-departements-de-rhone-alpes-passent-en-vigilance-orange-canicule-3382273.html,0,france3-regions.franceinfo.fr,"""Un nouvel épisode sévère et durable"" : cinq départements de Rhône-Alpes passent en vigilance orange canicule","Les départements de la Savoie, de la Haute-Savoie, de l'Isère, du Rhône et de la Loire sont placés en vigilance orange canicule à partir de ce mardi 7 juillet. Les températures pourraient atteindre jusqu'à 38 °C localement.",https://france3-regions.franceinfo.fr/image/JNuh_rQx4DXM2pO-yck6seAat28/930x620/regions/2026/07/06/6a4bbe4be1032340619467.jpg,2026-07-06T14:46:59Z,,"Les départements de la Savoie, de la Haute-Savoie, de l'Isère, du Rhône et de la Loire sont placés en vigilance orange canicule à partir de ce mardi 7 juillet. Les températures pourraient atteindre j… [+1336 chars]",,fr,'Alpes'
https://www.journaldugeek.com/2026/07/06/recharger-sa-voiture-electrique-en-illimite-pour-4999-e-mois-est-ce-vraiment-rentable/,https://www.journaldugeek.com/2026/07/06/recharger-sa-voiture-electrique-en-illimite-pour-4999-e-mois-est-ce-vraiment-rentable/,0,www.journaldugeek.com,"Recharger sa voiture électrique en illimité pour 49,99 €/mois, est-ce vraiment rentable ?","Octopus Energy et Powerdot ont lancé en juin le Drive Pack, un forfait qui fusionne pour la première fois en France la recharge illimitée à domicile et l'accès illimité à un réseau de bornes publiques, le tout pour un montant fixe de 49,99 euros par mois.",https://www.journaldugeek.com/app/uploads/2026/07/recharge-voiture-electrique-borne-powerdot-domicile-1600x900.jpeg,2026-07-06T14:47:17Z,http://web.archive.org/web/20260710042918/https://www.journaldugeek.com/2026/07/06/recharger-sa-voiture-electrique-en-illimite-pour-4999-e-mois-est-ce-vraiment-rentable/,"L’argument massue mis en avant par les deux entreprises concerne une économie annuelle de 600 euros par rapport à un plein d’essence. Le calcul est juste, mais il compare l’offre à la mauvaise référe… [+5075 chars]",,fr,'France'
https://france3-regions.franceinfo.fr/auvergne-rhone-alpes/haute-savoie/annecy/c-est-bien-mieux-pas-tellement-justifie-cette-plage-emblematique-d-annecy-redevient-payante-le-cout-de-l-entree-ne-fait-pas-l-unanimite-3382045.html,https://france3-regions.franceinfo.fr/auvergne-rhone-alpes/haute-savoie/annecy/c-est-bien-mieux-pas-tellement-justifie-cette-plage-emblematique-d-annecy-redevient-payante-le-cout-de-l-entree-ne-fait-pas-l-unanimite-3382045.html,0,france3-regions.franceinfo.fr,"""C'est bien mieux"", ""pas tellement justifié"" : cette plage emblématique d'Annecy redevient payante, le coût de l'entrée ne fait pas l'unanimité","L'accès à la plage de l'Impérial, à Annecy, est redevenu payant depuis ce samedi 4 juillet. Une mesure prise par la municipalité pour renforcer la sécurité sur cette plage très populaire. Les premiers avis sont divisés au sein de la population.",https://france3-regions.franceinfo.fr/image/npSb5LjvcUSlxs8FM5Zg1lo0HOw/930x620/regions/2026/07/06/6a4bb0e0d4ca4694652107.jpg,2026-07-06T15:10:01Z,,"L'accès à la plage de l'Impérial, à Annecy, est redevenu payant depuis ce samedi 4 juillet. Une mesure prise par la municipalité pour renforcer la sécurité sur cette plage très populaire. Les premier… [+3221 chars]",,fr,'Annecy'
https://dailygeekshow.com/?p=1012143,https://dailygeekshow.com/?p=1012143,0,dailygeekshow.com,Les chiens ne mémorisent pas seulement des mots : ils comprennent aussi l’usage de leurs jouets,"Et si certains chiens faisaient bien plus que retenir des noms amusants ? Une étude menée à Budapest montre que quelques champions du vocabulaire canin peuvent aussi comprendre l’usage d’un jouet inconnu. Une découverte fascinante, entre science du langage, m…",https://dailygeekshow.com/wp-content/uploads/2026/07/les-chiens-ne-memorisent-pas-seulement-des-mots-ils-comprennent-aussi-lusage-de-leurs-jouets.webp,2026-07-06T16:31:00Z,,Et si certains chiens faisaient bien plus que retenir des noms amusants ? Une étude menée à Budapest montre que quelques champions du vocabulaire canin peuvent aussi comprendre lusage dun jouet incon… [+4343 chars],,fr,'Papouasie-Nouvelle-Guinée'
https://www.ledauphine.com/sport/2026/07/06/des-etoiles-plein-les-yeux-pour-les-haut-savoyards,https://www.ledauphine.com/sport/2026/07/06/des-etoiles-plein-les-yeux-pour-les-haut-savoyards,0,www.ledauphine.com,Sport-boules. « C’est une chose merveilleuse » : comment les Haut-Savoyards de Vieugy et Annecy sont devenus champions de France en doubles,"La formation de l’Espérance Boules de Vieugy, emmenée par Sarah Brémond, ainsi que celle de David Lafiandra d’Annecy ont marqué la compétition de leur empreinte en s’adjugeant le titre national le week-end dernier.",https://cdn-s-www.ledauphine.com/images/4093A033-3195-4192-95C9-5795FBC10C7B/FB1200/photo-1783363056.jpg,2026-07-06T18:45:00Z,,"Le Dauphiné Libéré, en tant que responsable de traitement, recueille dans ce formulaire des informations qui sont enregistrées dans un fichier informatisé par son Service Relations Clients, la finali… [+854 chars]",,fr,'Annecy'
https://www.20minutes.fr/sport/football/4233239-20260707-direct-coupe-monde-2026-macron-apporte-soutien-mbappe-climat-tension-avant-usa-belgique,https://www.20minutes.fr/sport/football/4233239-20260707-direct-coupe-monde-2026-macron-apporte-soutien-mbappe-climat-tension-avant-usa-belgique,0,www.20minutes.fr,"EN DIRECT Coupe du monde 2026 : Macron apporte son soutien à Mbappé, climat de tension avant USA-Belgique…","Suivez avec nous l’actualité du 7 juillet autour du Mondial 2026 aux Etats-Unis, au Mexique et au Canada",https://img.20mn.fr/e4hHDpToQkW4oNmaeIl9HSk/1444x920_dossier-le-president-francais-emmanuel-macron-a-droite-serre-la-main-du-footballeur-francais-kylian-mbappe-a-cote-de-l-entraineur-chef-didier-deschamps-alors-qu-il-arrive-pour-dejeuner-au-centre-d-entrainement-de-l-equipe-nationale-de-football-a-clairefontaine-a-l-ouest-de-paris-le-lundi-3-juin-2024-en-fin-de-compte-meme-le-president-francais-emmanuel-macron-n-a-pas-reussi-a-tirer-les-ficelles-necessaires-pour-permettre-au-meilleur-joueur-de-football-de-son-pays-de-participer-aux-jeux-de-paris-sarah-meyssonnier-photo-de-piscine-via-ap-dossier-soc102-24176452065657-file-photo-pool-photo-2406251406,2026-07-06T22:00:18Z,,Roberto Martinez a confirmé que la défaite du Portugal contre lEspagne (1-0) en huitième de finale de la Coupe du monde 2026 était son dernier match à la tête de la Seleção. « Cétait mon dernier matc… [+401 chars],,fr,'USA'
https://www.sofoot.com/breves/mondial-2026-le-selectionneur-egyptien-hossam-hassan-apporte-son-soutien-au-peuple-palestinien,https://www.sofoot.com/breves/mondial-2026-le-selectionneur-egyptien-hossam-hassan-apporte-son-soutien-au-peuple-palestinien,0,www.sofoot.com,"Mondial 2026 – Le sélectionneur égyptien, Hossam Hassan, apporte son soutien au peuple palestinien","Enfin un peu de bon sens. Avant le huitième de finale entre l’Argentine et l’Égypte, Hossam Hassan, le sélectionneur des…",https://sofoot.s3.eu-central-1.amazonaws.com/wp-content/uploads/2026/07/07005404/14244596-1400x933.jpg,2026-07-06T23:03:37Z,,"Enfin un peu de bon sens. Avant le huitième de finale entre lArgentine et lÉgypte, Hossam Hassan, le sélectionneur des Pharaons, a justifié son soutien à la Palestine en conférence de presse. Lors de… [+1385 chars]",,fr,'Argentine'
https://www.20minutes.fr/sante/4233264-20260707-mortalite-perinatale-encore-augmente-france-2024-plus-11-1-000,https://www.20minutes.fr/sante/4233264-20260707-mortalite-perinatale-encore-augmente-france-2024-plus-11-1-000,0,www.20minutes.fr,La mortalité périnatale a encore augmenté en France en 2024 à plus de 11 pour 1.000,La France a dégringolé dans le classement des pays de l’Union européenne en matière de mortalité périnatale,https://img.20mn.fr/Ai34dDEuTUqpGs7ym-KMvik/1444x920_un-nouveau-ne-avec-sa-maman-le-11-mars-2022-au-service-maternite-de-l-hopital-d-avignon-vaucluse-recoit-les-soins-de-la-part-d-une-infirmiere-benayacheadil-1904-00437-credit-adil-benayache-sipa-2404220904,2026-07-07T05:38:39Z,http://web.archive.org/web/20260708080828/https://www.20minutes.fr/sante/4233264-20260707-mortalite-perinatale-encore-augmente-france-2024-plus-11-1-000,"La mortalité périnatale continue de progresser. La part des enfants nés sans vie ou décédés au cours de leur première semaine de vie a encore augmenté en France en 2024, pour dépasser 11 décès pour 1… [+2100 chars]",,fr,'France'
https://www.20minutes.fr/sport/football/4233243-20260707-coupe-monde-2026-lukaku-chambre-trump-gardien-americain-signe-boulette-mondial-recap-nuit,https://www.20minutes.fr/sport/football/4233243-20260707-coupe-monde-2026-lukaku-chambre-trump-gardien-americain-signe-boulette-mondial-recap-nuit,0,www.20minutes.fr,Coupe du monde 2026 : Lukaku chambre Trump et le gardien américain signe LA boulette du Mondial… Le récap de la nuit,"Comme le football ne s’arrête pas la nuit durant ce Mondial, « 20 Minutes » fait le point ce mardi matin sur tout ce que vous avez manqué. Au menu évidemment le « Trump game » Etats-Unis - Belgique en 8e de finale, disputé à 2 heures à Seattle",https://img.20mn.fr/-oxNIGVWRvq6P-jgILldRyk/1444x920_seattle-washington-06-juillet-romelu-lukaku-9-de-belgique-celebre-avec-ses-coequipiers-apres-avoir-marque-le-quatrieme-but-de-l-equipe-lors-du-match-des-8es-de-finale-de-la-coupe-du-monde-de-la-fifa-2026-entre-les-etats-unis-et-la-belgique-au-seattle-stadium-le-6-juillet-2026-a-seattle-washington-jamie-squire-getty-images-afp-photo-de-jamie-squire-getty-images-amerique-du-nord-getty-images-via-afp,2026-07-07T05:48:38Z,,"La Coupe du monde 2026 attaque déjà son 27e jour de compétition ce mardi, et ses histoires de la nuit sont toujours aussi nombreuses. Cest pourquoi 20 Minutes vous propose, durant tout le tournoi, un… [+8803 chars]",,fr,'Belgique'
https://www.journaldugeek.com/2026/07/07/dents-de-dragon-cette-signalisation-qui-fait-ralentir-les-voitures-par-illusion-doptique-se-repand-en-europe/,https://www.journaldugeek.com/2026/07/07/dents-de-dragon-cette-signalisation-qui-fait-ralentir-les-voitures-par-illusion-doptique-se-repand-en-europe/,0,www.journaldugeek.com,Dents de dragon : cette signalisation qui fait ralentir les voitures par illusion d’optique se répand en Europe,"Des triangles blancs peints au sol, capables de faire ralentir un automobiliste sans radar, sans panneau et sans ralentisseur physique: le concept des ""dents de dragon"" continue de gagner du terrain en Espagne, où plusieurs grandes villes l'ont désormais adop…",https://www.journaldugeek.com/app/uploads/2026/07/dents-de-dragon-marquage-route-espagne-1400x900.jpeg,2026-07-07T08:03:56Z,,"Toujours dans les cartons du côté français, cette signalisation venue d’Espagne pourrait bien s’imposer comme la prochaine évidence des zones urbaines à risque.
Un marquage qui joue avec le cerveau … [+3389 chars]",,fr,'France'
https://www.lejournaldesentreprises.com/article/avec-hyliko-et-hyundai-hympulsion-veut-faire-decoller-la-mobilite-lourde-grace-aux-usages-2146251,https://www.lejournaldesentreprises.com/article/avec-hyliko-et-hyundai-hympulsion-veut-faire-decoller-la-mobilite-lourde-grace-aux-usages-2146251,0,www.lejournaldesentreprises.com,"Avec Hyliko et Hyundaï, Hympulsion veut faire décoller la mobilité lourde grâce aux usages","Après avoir investi dans un réseau de stations d'avitaillement, la filière hydrogène d’Auvergne-Rhône-Alpes entre dans une nouvelle phase : celle des usages. Avec douze stations déjà en service, Hympulsion s’allie à Hyundai et Hyliko pour multiplier les essai…",https://www.lejournaldesentreprises.com/sites/lejournaldesentreprises.com/files/styles/landscape_web_lg_2x/public/2026-07/Camion-de-la-flotte-Hyloki-en-ravitaillement-dans--337540.jpeg?h=b7756dce&itok=kIXKpA8O,2026-07-07T08:25:00Z,,"En Auvergne-Rhône-Alpes, le programme Zero Emission Valley dédié à la mobilité hydrogène franchit une nouvelle étape avec une série dexpérimentations destinées au transport routier de marchandises. L… [+3581 chars]",,fr,'Chambéry'
https://www.lavenir.net/regions/huy-waremme/sports/2026/07/07/nouveau-record-francophone-desormais-huitieme-au-ranking-mondial-et-seulement-a-trois-centimetres-du-record-de-belgique-ilona-masson-a-encore-repousse-ses-limites-ce-week-end-a-thonon-les-bains-CQAZIBBDSVFENKHUEPF3DSCFUU/,https://www.lavenir.net/regions/huy-waremme/sports/2026/07/07/nouveau-record-francophone-desormais-huitieme-au-ranking-mondial-et-seulement-a-trois-centimetres-du-record-de-belgique-ilona-masson-a-encore-repousse-ses-limites-ce-week-end-a-thonon-les-bains-CQAZIBBDSVFENKHUEPF3DSCFUU/,0,www.lavenir.net,"Nouveau record francophone, désormais huitième au ranking mondial et seulement à trois centimètres du record de Belgique: Ilona Masson a encore repoussé ses limites ce week-end à Thonon-les-Bains",L’athlète du FCHA a encore impressionné ce week-end en retombant à 14m52. De quoi la propulser 8e performeuse mondiale de l’année. ...,https://www.lavenir.net/resizer/v2/PZJEDIEQMFHPFBEBFNL2O355U4.jpg?auth=b089e9ca13bcc337f561caca5f68480c082284181436244ca8bb762dbde13302&width=1200&height=630&quality=85&focal=550%2C366,2026-07-07T08:45:00Z,,"Et la sociétaire du FCHA ne croyait pas si bien dire, elle qui a profité de son passage en Haute-Savoie pour mettre une nouvelle claque à son record LBFA. Et plutôt trois fois qu'une ! 14m43 dès sa p… [+3125 chars]",,fr,'Thonon-les-Bains'
https://www.slate.fr/monde/pirates-somaliens-retour-trump-guerre-moyen-orient-etats-unis-somalie-ormuz-navire-otage-pecheur-tsunami,https://www.slate.fr/monde/pirates-somaliens-retour-trump-guerre-moyen-orient-etats-unis-somalie-ormuz-navire-otage-pecheur-tsunami,0,www.slate.fr,Les pirates somaliens sont de retour en force et c'est à cause de Donald Trump,"En détournant les moyens militaires et l'attention des grandes puissances, les tensions au Moyen-Orient offrent une nouvelle fenêtre d'opportunité aux groupes armés qui rançonnent les navires au large de la Somalie.",https://cdn.slate.fr/uploads/store/story_273139/original_273139.jpg,2026-07-07T10:00:02Z,http://web.archive.org/web/20260707111938/https://www.slate.fr/monde/pirates-somaliens-retour-trump-guerre-moyen-orient-etats-unis-somalie-ormuz-navire-otage-pecheur-tsunami,"Un épisode récent dans le détroit d'Ormuz illustre le retour d'une pratique ancienne, un temps revenue sur le devant de la scène mais qu'on pensait désormais sous contrôle. Donald Trump a plaisanté e… [+4539 chars]",,fr,'Somalie'
https://www.frandroid.com/produits-android/3171517_suisse-colombie-en-8e-de-finale-a-quelle-heure-et-sur-quelle-chaine-suivre-le-match,https://www.frandroid.com/produits-android/3171517_suisse-colombie-en-8e-de-finale-a-quelle-heure-et-sur-quelle-chaine-suivre-le-match,0,www.frandroid.com,Suisse-Colombie en 8e de finale : à quelle heure et sur quelle chaîne suivre le match ?,"La Coupe du monde 2026 entre dans sa phase à élimination directe : la Suisse affronte la Colombie en 8e de finale ce mardi 7 juillet, avec une place en quarts de finale en jeu. Voici à quelle heure, sur quelle chaîne et comment regarder le match gratuitement …","https://c0.lestechnophiles.com/images.frandroid.com/wp-content/uploads/2026/07/colombie-suisse.jpg?resize=1600,900&key=fc769ebf",2026-07-07T12:00:00Z,,"La Coupe du monde 2026 entre dans sa phase à élimination directe : la Suisse affronte la Colombie en 8e de finale ce mardi 7 juillet, avec une place en quarts de finale en jeu. Voici à quelle heure, … [+3764 chars]",,fr,'Colombie'
https://www.presse-citron.net/fdj-voici-les-10-jeux-a-gratter-avec-le-plus-de-gagnants-en-france-cette-annee/,https://www.presse-citron.net/fdj-voici-les-10-jeux-a-gratter-avec-le-plus-de-gagnants-en-france-cette-annee/,0,www.presse-citron.net,FDJ : voici les 10 jeux à gratter avec le plus de gagnants en France cette année,Les statistiques sont officiellement connues.,https://www.presse-citron.net/app/uploads/2025/09/shutterstock_2570778311-1600x900.jpg,2026-07-07T12:52:48Z,http://web.archive.org/web/20260708012913/https://www.presse-citron.net/fdj-voici-les-10-jeux-a-gratter-avec-le-plus-de-gagnants-en-france-cette-annee/,"Les jeux de hasard sont un loisir extrêmement populaire en France. Ainsi, plus de la moitié des adultes âgés de 18 à 75 ans (51,6 %) pratiquent des jeux d’argent daprès des chiffres datant de 2024. S… [+2795 chars]",,fr,'France'
https://www.20minutes.fr/politique/4233335-20260707-rima-hassan-jugee-paris-apologie-terrorisme-manifestation-devant-tribunal,https://www.20minutes.fr/politique/4233335-20260707-rima-hassan-jugee-paris-apologie-terrorisme-manifestation-devant-tribunal,0,www.20minutes.fr,"Rima Hassan jugée à Paris pour apologie du terrorisme, manifestation devant le tribunal",Le procès de l’eurodéputée insoumise pour « apologie du terrorisme » s’est ouvert dans le grabuge ce mardi à Paris,https://img.20mn.fr/qFyqCvEWQameeqfUyl_tlCk/1444x920_le-fondateur-du-parti-de-gauche-francais-la-france-insoumise-lfi-et-candidat-a-la-presidentielle-jean-luc-melenchon-et-la-deputee-franco-palestinienne-au-parlement-europeen-rima-hassan-participent-a-un-rassemblement-contre-le-racisme-a-paris-le-21-juin-2026-stephane-lemouton-sipa-lemouton-stephane-260621a040-credit-stephane-lemouton-sipa-2606212043,2026-07-07T13:00:37Z,http://web.archive.org/web/20260708013219/https://www.20minutes.fr/politique/4233335-20260707-rima-hassan-jugee-paris-apologie-terrorisme-manifestation-devant-tribunal,"Le procès de Rima Hassan sest ouvert sous haute tension. Plusieurs centaines de personnes se sont rassemblées mardi sur le parvis du tribunal correctionnel de Paris pour soutenir leurodéputée LFI, po… [+1520 chars]",,fr,'Palestine'
https://www.franceinfo.fr/politique/front-national/affaire-des-assistants-fn-au-parlement-europeen/marine-le-pen-bruno-gollnisch-louis-aliot-voici-les-11-condamnations-a-l-issue-du-proces-en-appel-des-assistants-parlementaires-du-fn_8089790.html,https://www.franceinfo.fr/politique/front-national/affaire-des-assistants-fn-au-parlement-europeen/marine-le-pen-bruno-gollnisch-louis-aliot-voici-les-11-condamnations-a-l-issue-du-proces-en-appel-des-assistants-parlementaires-du-fn_8089790.html,0,www.franceinfo.fr,"Marine Le Pen, Bruno Gollnisch, Louis Aliot… Voici les 11 condamnations à l'issue du procès en appel des assistants parlementaires du FN","La cour d'appel de Paris a confirmé, mardi, la plupart des condamnations prononcées en première instance dans l'affaire des assistants parlementaires d'eurodéputés du Front national. Les peines sont toutefois majoritairement réduites.",https://www.franceinfo.fr/pictures/uDfkJuKl-xfj7EiMY4PGZuh2Q_8/359x58:2922x1499/1500x843/2026/07/07/6a4ce4b5066fd928926401.jpg,2026-07-07T13:33:48Z,,"Ils ont à nouveau été jugés coupables. Dix cadres du Front national (FN), devenu le Rassemblement national (RN), ainsi que Marine Le Pen, ont été condamnés, mardi 7 juillet, par la cour d'appel de Pa… [+4571 chars]",,fr,'Saint-Jean'
https://www.ledauphine.com/skichrono/2026/07/07/alpes-2030-le-freeride-et-le-patinage-synchronise-arrivent-le-combine-nordique-disparait,https://www.ledauphine.com/skichrono/2026/07/07/alpes-2030-le-freeride-et-le-patinage-synchronise-arrivent-le-combine-nordique-disparait,0,www.ledauphine.com,"Jeux olympiques d’hiver. Alpes 2030 : le freeride et le patinage synchronisé arrivent, le combiné nordique disparait","Le Comité international olympique (CIO) vient d’officialiser le programme complet pour les JO Alpes 2030 avec notamment la disparition du combiné nordique, une discipline originelle des Jeux d’hiver.",https://cdn-s-www.ledauphine.com/images/0DECD53B-B3E8-419A-8030-8AF4F7D30560/FB1200/photo-1783435301.jpg,2026-07-07T14:41:00Z,,"Cette fois, c’est officiel : le combiné nordique va bel été bien disparaître du programme olympique ! Ce mardi après-midi, la commission exécutive du Comité international olympiquea entériné le progr… [+3003 chars]",,fr,'Alpes'
https://france3-regions.franceinfo.fr/auvergne-rhone-alpes/savoie/jo-2030-dans-les-alpes-le-freeride-et-le-patinage-synchronise-font-leur-entree-au-programme-le-combine-nordique-disparait-3382942.html,https://france3-regions.franceinfo.fr/auvergne-rhone-alpes/savoie/jo-2030-dans-les-alpes-le-freeride-et-le-patinage-synchronise-font-leur-entree-au-programme-le-combine-nordique-disparait-3382942.html,0,france3-regions.franceinfo.fr,"JO 2030 dans les Alpes : le freeride et le patinage synchronisé font leur entrée au programme, le combiné nordique disparaît","Les épreuves de ski et de snowboard freeride, ainsi que le patinage synchronisé, feront leurs grands débuts aux Jeux olympiques dans les Alpes françaises en 2030. En revanche, le combiné nordique ne sera plus au programme.",https://france3-regions.franceinfo.fr/image/54Tp8SKirhCgi_1orfZNH98sqbM/930x620/regions/2026/07/07/6a4d0c4eac83f015362228.jpg,2026-07-07T15:13:17Z,,"Les épreuves de ski et de snowboard freeride, ainsi que le patinage synchronisé, feront leurs grands débuts aux Jeux olympiques dans les Alpes françaises en 2030. En revanche, le combiné nordique ne … [+2134 chars]",,fr,'Alpes'
https://www.ledauphine.com/skichrono/2026/07/07/je-ne-comprends-pas-la-decision-la-colere-de-lena-brocard-apres-la-suppression-du-combine-nordique-des-jeux-olympiques-d-hiver,https://www.ledauphine.com/skichrono/2026/07/07/je-ne-comprends-pas-la-decision-la-colere-de-lena-brocard-apres-la-suppression-du-combine-nordique-des-jeux-olympiques-d-hiver,0,www.ledauphine.com,Alpes 2030. « Je ne comprends pas la décision » : la colère de Léna Brocard après la suppression du combiné nordique des Jeux olympiques d'hiver,"Comme tous les membres de l’équipe de France de combiné nordique, Léna Brocard a été très déçue en apprenant la suppression de sa discipline au programme des JO 2030.",https://cdn-s-www.ledauphine.com/images/7078BC33-7635-4ADF-85ED-8442CEFBA651/FB1200/photo-1783437376.jpg,2026-07-07T15:15:00Z,,"C’est un coup de massue sur tous les athlètes et entraîneurs du combiné nordique dans le monde, en apprenant ce mardi que leur discipline était supprimée du programme olympique pour les Alpes 2030.
… [+1115 chars]",,fr,'Alpes'
https://www.huffingtonpost.fr/sport/article/mondial-apres-avoir-elimine-les-etats-unis-les-joueurs-de-la-belgique-reprennent-la-danse-de-donald-trump_285002.html,https://www.huffingtonpost.fr/sport/article/mondial-apres-avoir-elimine-les-etats-unis-les-joueurs-de-la-belgique-reprennent-la-danse-de-donald-trump_285002.html,0,www.huffingtonpost.fr,"Mondial : après avoir éliminé les États-Unis, les joueurs de la Belgique reprennent la danse de Donald Trump","Après son intervention pour suspendre le carton rouge de Folarin Balogun, le président américain a logiquement eu droit à un clin d’œil appuyé de la part des vainqueurs.",https://focus.huffingtonpost.fr/2026/07/07/0/0/5737/3227/1820/1023/75/0/f9f1e49_upload-1-rnr6k4rixj5t-afp-20260707-2284975196-v1-highres-usavbelgiumroundof16fifaworldcup2026.jpg,2026-07-07T15:18:22Z,,"En demandant expressément la suspension du carton rouge de lattaquant américain Folarin Balogun, une requête acceptée par la Fifa, Donald Trump a sans doute rendu le plus grand service à la sélection… [+3258 chars]",,fr,'Belgique'
https://www.ledauphine.com/politique/2026/07/07/jugee-pour-apologie-du-terrorisme-rima-hassan-obtient-le-renvoi-de-son-proces-en-octobre,https://www.ledauphine.com/politique/2026/07/07/jugee-pour-apologie-du-terrorisme-rima-hassan-obtient-le-renvoi-de-son-proces-en-octobre,0,www.ledauphine.com,"Paris. Jugée pour apologie du terrorisme, Rima Hassan obtient le renvoi de son procès en octobre","Rima Hassan, élue au Parlement européen en 2024, sera jugée les 19 et 20 octobre pour un tweet dans lequel elle mentionnait le Japonais Kōzō Okamoto, l'un des auteurs de l'attaque perpétrée à l'aéroport de Tel-Aviv en 1972.",https://cdn-s-www.ledauphine.com/images/C1CC054A-F7A2-4976-93B7-3C50A19D3AB5/FB1200/photo-1783440000.jpg,2026-07-07T16:00:00Z,http://web.archive.org/web/20260708012615/https://www.ledauphine.com/politique/2026/07/07/jugee-pour-apologie-du-terrorisme-rima-hassan-obtient-le-renvoi-de-son-proces-en-octobre,"Le procès de l'eurodéputée LFI Rima Hassan, qui devait être jugée à Paris ce mardi pour apologie du terrorisme, a été renvoyé sur demande de la défense, au désarroi des parties civiles et du ministèr… [+3245 chars]",,fr,'Palestine'
https://www.nouvelobs.com/cinema/20260707.OBS116486/enfants-de-palestine-deux-histoires-de-cisjordanie-un-jeu-et-des-archives-pour-dire-l-horreur-de-la-tragedie.html,https://www.nouvelobs.com/cinema/20260707.OBS116486/enfants-de-palestine-deux-histoires-de-cisjordanie-un-jeu-et-des-archives-pour-dire-l-horreur-de-la-tragedie.html,0,www.nouvelobs.com,« Enfants de Palestine. Deux histoires de Cisjordanie » : un jeu et des archives pour dire l’horreur de la tragédie,"Documentaire par Mohamed Mesbah, Shayma’ Awawdeh (France, 58 min). En salle le 8 juillet ★★★☆☆",https://focus.nouvelobs.com/2026/06/30/45/0/1440/960/1200/800/0/0/550d8cf_upload-1-yb3f2nwupy06-visuel-4-im.jpg,2026-07-07T16:15:07Z,,"« Enfants de Palestine. Deux histoires de Cisjordanie » croise deux moyens-métrages réalisés par Mohamed Mesbah et Shayma Awawdeh. LA LUNA DISTRIBUTION
Pour aller plus loin
 Au programme de ce dipt… [+682 chars]",,fr,'Palestine'
https://www.huffingtonpost.fr/sport/article/le-freeride-et-le-patinage-artistique-synchronise-vont-faire-leur-entree-aux-jo-2030-dans-les-alpes_285001.html,https://www.huffingtonpost.fr/sport/article/le-freeride-et-le-patinage-artistique-synchronise-vont-faire-leur-entree-aux-jo-2030-dans-les-alpes_285001.html,0,www.huffingtonpost.fr,Le freeride et le patinage artistique synchronisé vont faire leur entrée aux JO 2030 dans les Alpes,"Le Comité international olympique a communiqué, ce mardi 7 juillet, le programme sportif des Jeux olympiques d’hiver 2030 dans les Alpes.",https://focus.huffingtonpost.fr/2026/07/07/0/0/7648/4302/1820/1023/75/0/073a2ea_upload-1-kxb95rog6ure-afp-20260707-b9hw6g3-v1-highres-filesfinlandolyfra20230fskate.jpg,2026-07-07T16:22:03Z,,"Les Jeux olympiques dhiver 2030 dans les Alpes vont voir lentrée de deux nouvelles disciplines au programme fixe de la compétition. Le Comité international olympique (CIO) a communiqué, ce mardi 7 ju… [+3195 chars]",,fr,'Alpes'
https://www.franceinfo.fr/environnement/evenements-meteorologiques-extremes/vagues-de-chaleur-canicules/la-canicule-gagne-du-terrain-en-france-67-departements-desormais-places-en-vigilance-orange-par-meteo-france_8098253.html,https://www.franceinfo.fr/environnement/evenements-meteorologiques-extremes/vagues-de-chaleur-canicules/la-canicule-gagne-du-terrain-en-france-67-departements-desormais-places-en-vigilance-orange-par-meteo-france_8098253.html,0,www.franceinfo.fr,"La canicule gagne du terrain en France, 67 départements désormais placés en vigilance orange par Météo-France",Le passage en orange d'autres départements est probable lors des prochaines diffusions du bulletin de vigilance de l'institut.,https://www.franceinfo.fr/pictures/PDcwNYmCKyncJ63U1hh6OsvXUQ8/0x0:7378x4150/1500x843/2026/07/07/6a4d2d2d14e93569655516.jpg,2026-07-07T16:48:00Z,,"La vague de chaleur, la deuxième en trois semaines, va encore gagner du terrain vers le nord et l'est. Météo-France a placé 67 départements en vigilance orange canicule mercredi 7 avril, dans son bul… [+1773 chars]",,fr,'Alpes'
https://dailygeekshow.com/?p=1012357,https://dailygeekshow.com/?p=1012357,0,dailygeekshow.com,"Dans les Hautes-Alpes, le dégel du permafrost transforme déjà la vie en haute montagne","Dans les Écrins, le dégel du permafrost ne relève plus d’un futur abstrait. Sentiers déplacés, refuges réinventés, torrents plus brutaux, chapelles menacées : la haute montagne change de visage sous l’effet de la chaleur. Et ce bouleversement silencieux comme…",https://dailygeekshow.com/wp-content/uploads/2026/07/dans-les-hautes-alpes-le-degel-du-permafrost-transforme-deja-la-vie-en-haute-montagne.webp,2026-07-07T17:01:00Z,,"Dans les Écrins, le dégel du permafrost ne relève plus dun futur abstrait. Sentiers déplacés, refuges réinventés, torrents plus brutaux, chapelles menacées : la haute montagne change de visage sous l… [+4833 chars]",,fr,'Alpes'
https://www.huffingtonpost.fr/science/article/cette-etude-pense-savoir-ou-hannibal-et-ses-elephants-ont-traverse-les-alpes_285056.html,https://www.huffingtonpost.fr/science/article/cette-etude-pense-savoir-ou-hannibal-et-ses-elephants-ont-traverse-les-alpes_285056.html,0,www.huffingtonpost.fr,Cette étude pense savoir où Hannibal et ses éléphants ont traversé les Alpes,"Selon cette étude, le col de la Traversette aurait constitué la voie la plus économe en énergie pour les troupes d’Hannibal et de ses 37 éléphants de guerre.",https://focus.huffingtonpost.fr/2026/07/07/393/0/3775/2123/1820/1023/75/0/53c5c05_upload-1-iras3jzua31b-afp-20170213-2881341-v2-highres.jpg,2026-07-07T17:42:05Z,,"Comment Hannibal est-il parvenu à faire franchir les Alpes à larmée carthaginoise et à ses éléphants de guerre pour attaquer Rome ? Une nouvelle étude, parue lundi 6 juillet, et fondée sur des modèle… [+2481 chars]",,fr,'Alpes'
https://www.leprogres.fr/transport/2026/07/07/vers-l-ouverture-d-une-ligne-aerienne-directe-entre-lyon-et-la-chine,https://www.leprogres.fr/transport/2026/07/07/vers-l-ouverture-d-une-ligne-aerienne-directe-entre-lyon-et-la-chine,0,www.leprogres.fr,Rhône. « Amener de l'oxygène » au niveau économique : une ligne aérienne directe entre Lyon et la Chine ?,"Évoquant le bilan à mi-année de la CCI de Lyon Métropole Saint-Etienne Roanne, ce mardi 7 juillet, Philippe Valentin, son président, a indiqué travailler sur un projet de ligne aérienne directe entre Lyon et Shanghai, avec la Région Auvergne Rhône-Alpes.",https://cdn-s-www.ledauphine.com/images/6159AF1C-27C7-4C54-B498-B6300BE162B0/FB1200/photo-1647256728.jpg,2026-07-08T04:30:00Z,,"Va-t-on vers le lancement d'une ligne aérienne directe entre Lyon Saint-Exupéry et la Chine ?
Si rien n'est fait ni acté, la piste semble très sérieuse. Le projet a été évoqué, ce mardi, à Lyon par … [+551 chars]",,fr,'Alpes'
https://www.ledauphine.com/faits-divers-justice/2026/07/08/un-pompier-volontaire-de-22-ans-meurt-en-intervention-lors-d-un-feu-de-foret,https://www.ledauphine.com/faits-divers-justice/2026/07/08/un-pompier-volontaire-de-22-ans-meurt-en-intervention-lors-d-un-feu-de-foret,0,www.ledauphine.com,Savoie. Un pompier volontaire de 22 ans meurt en intervention lors d'un feu de forêt,"Le centre d’incendie et de secours de Savoie vient d’annoncer, par le biais d’un communiqué de presse, qu’un pompier volontaire, âgé de 22 ans, était décédé en service commandé lors de l’incendie du Planay.",https://cdn-s-www.ledauphine.com/images/D29B537F-054C-485A-8993-F90273CC8732/FB1200/photo-1782725789.jpg,2026-07-08T07:13:00Z,http://web.archive.org/web/20260708073432/https://www.ledauphine.com/faits-divers-justice/2026/07/08/un-pompier-volontaire-de-22-ans-meurt-en-intervention-lors-d-un-feu-de-foret,"Le Dauphiné Libéré, en tant que responsable de traitement, recueille dans ce formulaire des informations qui sont enregistrées dans un fichier informatisé par son Service Relations Clients, la finali… [+854 chars]",,fr,'Savoie'
https://www.franceinfo.fr/faits-divers/incendie/un-sapeur-pompier-volontaire-de-22-ans-meurt-en-savoie-lors-d-une-intervention-sur-un-feu-de-vegetation_8099114.html,https://www.franceinfo.fr/faits-divers/incendie/un-sapeur-pompier-volontaire-de-22-ans-meurt-en-savoie-lors-d-une-intervention-sur-un-feu-de-vegetation_8099114.html,0,www.franceinfo.fr,"Un sapeur-pompier volontaire de 22 ans meurt en Savoie, lors d'une intervention sur un feu de végétation",Le jeune caporal a été victime d'une chute de pierre alors qu'il était engagé dans un secteur pentu et difficile d'accès.,https://www.franceinfo.fr/pictures/koJay2pd-8w_BcLpviryVNCZtpI/0x255:4900x3012/1500x843/2026/07/08/6a4e062f5aad3262622981.jpg,2026-07-08T08:14:55Z,http://web.archive.org/web/20260708135515/https://www.franceinfo.fr/faits-divers/incendie/un-sapeur-pompier-volontaire-de-22-ans-meurt-en-savoie-lors-d-une-intervention-sur-un-feu-de-vegetation_8099114.html,"Un sapeur-pompier volontaire de 22 ans est mort en luttant contre un incendie en Savoie, mercredi 8 juillet. Il a été emporté par une chute de bloc rocheux ""alors qu'il combattait depuis une partie d… [+1669 chars]",,fr,'Savoie'
https://www.sofoot.com/breves/pronostic-norvege-angleterre-analyse-cotes-et-prono-coupe-du-monde,https://www.sofoot.com/breves/pronostic-norvege-angleterre-analyse-cotes-et-prono-coupe-du-monde,0,www.sofoot.com,"Pronostic Norvège Angleterre : analyse, cotes et prono Coupe du Monde","Pronostic Norvège Angleterre : découvrez notre analyse détaillée, le pari Angleterre vainqueur et toutes les cotes pour ce quart de finale de Coupe du Monde.",https://sofoot.s3.eu-central-1.amazonaws.com/wp-content/uploads/2026/07/08105629/derby-1069473-1783500988.png,2026-07-08T09:29:53Z,http://web.archive.org/web/20260709021817/https://www.sofoot.com/breves/pronostic-norvege-angleterre-analyse-cotes-et-prono-coupe-du-monde,"Pronostic Norvège Angleterre : découvrez notre analyse détaillée, le pari Angleterre vainqueur et toutes les cotes pour ce quart de finale de Coupe du Monde.
Informations clés
<ul><li>Norvège reste… [+6732 chars]",,fr,'Angleterre'
https://www.ledauphine.com/societe/2026/07/08/pourquoi-le-col-agnel-(2744-m)-est-il-si-rare-sur-le-tour-de-france,https://www.ledauphine.com/societe/2026/07/08/pourquoi-le-col-agnel-(2744-m)-est-il-si-rare-sur-le-tour-de-france,0,www.ledauphine.com,Hautes-Alpes. Pourquoi le col Agnel (2744 m) est-il si rare sur le Tour de France ?,C'est le troisième plus haut col de France mais le Tour de France n'y est passé qu'à deux reprises. Découvrez le col Agnel qui culmine à 2744 mètres d'altitude.,https://cdn-s-www.ledauphine.com/images/3C585850-ED5F-4F54-9A2A-7F7C017273E3/FB1200/photo-1687975652.jpg,2026-07-08T10:00:00Z,,"Le col Agnel est un géant des Alpes. Avec un sommet à 2744 mètres d'altitude, il est, derrière la Cime de la Bonette (2802 m) et le col de l'Iseran (2764 m) le troisième col le plus haut de France. P… [+5036 chars]",,fr,'Alpes'
https://www.20minutes.fr/sport/football/4233518-20260708-coupe-monde-2026-streamer-star-ishowspeed-victime-racisme-part-supporteurs-argentins-fifa-enquete,https://www.20minutes.fr/sport/football/4233518-20260708-coupe-monde-2026-streamer-star-ishowspeed-victime-racisme-part-supporteurs-argentins-fifa-enquete,0,www.20minutes.fr,"Coupe du monde 2026 : Le streamer star IShowSpeed victime de racisme de la part de supporteurs argentins, la Fifa enquête","Présent à Atlanta mardi pour Argentine-Egypte (3-2), le streamer américain a vu un fan de l’Albiceleste imiter un singe tout en le regardant. Malheureusement pas un cas isolé à l’encontre de IShowSpeed lors de matchs de l’Argentine sur ce Mondial",https://img.20mn.fr/spswYdbdRquYSb0lZwpPbyk/1444x920_7-juillet-2026-atlanta-georgie-etats-unis-d-amerique-le-streamer-twitch-ishowspeed-pose-pour-la-camera-avant-le-match-de-la-troisieme-etape-entre-l-argentine-et-l-egypte-a-atlanta-en-georgie-l-argentine-gagne-3-2-image-de-credit-malachi-gabriel-zuma-press-wire-20260707-zsp-g276-002-zeus-2607072159,2026-07-08T10:14:51Z,,Le célèbre streamer américain IShowSpeed a encore été à lorigine dune vidéo ultra-virale sur les réseaux sociaux mardi soir. Présent juste derrière le but égyptien durant la première période de lépiq… [+2816 chars],,fr,'Egypte'
https://www.franceinfo.fr/les-jeux-olympiques/alpes-francaises-2030/sans-les-jo-c-est-une-discipline-qui-n-existe-plus-le-retrait-du-combine-nordique-du-programme-olympique-en-2030-inquiete-les-sportifs-pour-leur-avenir_8099105.html,https://www.franceinfo.fr/les-jeux-olympiques/alpes-francaises-2030/sans-les-jo-c-est-une-discipline-qui-n-existe-plus-le-retrait-du-combine-nordique-du-programme-olympique-en-2030-inquiete-les-sportifs-pour-leur-avenir_8099105.html,0,www.franceinfo.fr,"""Sans les JO, c'est une discipline qui n'existe plus"" : le retrait du combiné nordique du programme olympique en 2030 inquiète les sportifs pour leur avenir","Réuni en commission exécutive mardi, le CIO a décidé le retrait du combiné nordique aux JO, lui préférant le freeride et le patinage synchronisé, pour une mise en application dès les Jeux de 2030 dans les Alpes françaises.",https://www.franceinfo.fr/pictures/GfmjfaUB_-seVsw78U0D4g-ZqLE/0x32:6000x3407/1500x843/2026/07/08/6a4e1a0aa3bda724581985.jpg,2026-07-08T10:17:49Z,http://web.archive.org/web/20260708105238/https://www.franceinfo.fr/les-jeux-olympiques/alpes-francaises-2030/sans-les-jo-c-est-une-discipline-qui-n-existe-plus-le-retrait-du-combine-nordique-du-programme-olympique-en-2030-inquiete-les-sportifs-pour-leur-avenir_8099105.html,"C'est une page d'histoire qui se tourne. Le Comité international olympique (CIO) a annoncé, mardi 7 juillet, retirer le combiné nordique du programme olympique dès les prochains Jeux d'hiver de 2030,… [+4552 chars]",,fr,'Alpes'
https://www.journaldugeek.com/2026/07/08/revolut-annonce-8-millions-de-clients-en-france-et-une-croissance-record/,https://www.journaldugeek.com/2026/07/08/revolut-annonce-8-millions-de-clients-en-france-et-une-croissance-record/,0,www.journaldugeek.com,Revolut annonce 8 millions de clients en France et une croissance record,"Revolut annonce 8 millions de clients en France, mais sans licence bancaire française, la néobanque reste une banque secondaire pour la plupart.",https://www.journaldugeek.com/app/uploads/2026/07/revolut-application-smartphone-carte-bancaire-1600x900.jpeg,2026-07-08T12:02:08Z,http://web.archive.org/web/20260708214034/https://www.journaldugeek.com/2026/07/08/revolut-annonce-8-millions-de-clients-en-france-et-une-croissance-record/,"L’entreprise en profite pour dérouler une série de chiffres impressionnants : la croissance la plus rapide parmi ses 40 marchés, 2,5 fois plus de téléchargements que son plus proche concurrent bancai… [+4653 chars]",,fr,'Paris'
https://www.camer.be/93898/38:36/tchad-deby-pris-en-etau-entre-la-cpi-la-france-et-les-emirats-chad.html,https://www.camer.be/93898/38:36/tchad-deby-pris-en-etau-entre-la-cpi-la-france-et-les-emirats-chad.html,0,www.camer.be,":: Déby pris en étau entre la CPI, la France et les Émirats","Le moment choisi pour la visite de la Procureure adjointe de la Cour
pénale internationale (CPI), Nazhat Shameem Khan, à N&#039;Djamena le 6
juillet 2026 n&#039;a rien d&#039;...",https://www.camer.be/storage/photos/26/Monde/CPI191223600.jpg,2026-07-08T12:35:35Z,,"Le moment choisi pour la visite de la Procureure adjointe de la Cour pénale internationale (CPI), Nazhat Shameem Khan, à N'Djamena le 6 juillet 2026 n'a rien d'anodin. Cette visite est intervenue imm… [+6742 chars]",,fr,'France'
https://www.franceinfo.fr/faits-divers/incendie/un-sapeur-pompier-de-22-ans-meurt-dans-une-intervention-en-savoie_8099465.html,https://www.franceinfo.fr/faits-divers/incendie/un-sapeur-pompier-de-22-ans-meurt-dans-une-intervention-en-savoie_8099465.html,0,www.franceinfo.fr,Un sapeur-pompier de 22 ans meurt dans une intervention en Savoie,"Un sapeur-pompier volontaire de 22 ans est mort en luttant contre un incendie en Savoie, mercredi 8 juillet. Il a été emporté par une chute de bloc rocheux.",https://www.franceinfo.fr/pictures/VBXDXzMhv51A7Re2rngbtC9PZ2o/0x3:234x419/fit-in/1500x843/filters:upscale():fill(blur)/2026/07/08/6a4e44cd73bbc911138199.png,2026-07-08T12:39:19Z,,"La Quotidienne Société
Retrouvez tous les jours à 17h30 notre sélection de contenus société
France Télévisions utilise votre adresse e-mail pour vous adresser la newsletter ""La Quotidienne Société""… [+855 chars]",,fr,'Savoie'
https://www.telerama.fr/restos-loisirs/dix-sorties-gratuites-a-paris-pour-rythmer-la-semaine-jusqu-au-feu-d-artifice-du-14-juillet-0620-7029320.php,https://www.telerama.fr/restos-loisirs/dix-sorties-gratuites-a-paris-pour-rythmer-la-semaine-jusqu-au-feu-d-artifice-du-14-juillet-0620-7029320.php,0,www.telerama.fr,Dix sorties gratuites à Paris pour rythmer la semaine jusqu’au feu d’artifice du 14 juillet,"En attendant le feu d’artifice de la tour Eiffel qui sera tiré le 13 juillet, voici notre sélection d’événements gratuits cette semaine pour profiter de Paris en juillet.",https://focus.telerama.fr/2026/07/06/0/0/1999/1333/1200/800/60/0/a245e3d_upload-1-qyfi8l4cuops-c66a8595.jpg,2026-07-08T16:06:12Z,,"En attendant le feu dartifice de la tour Eiffel qui sera tiré le 13 juillet, voici notre sélection dévénements gratuits cette semaine pour profiter de Paris en juillet.
 Piquer une tête dans la Sein… [+9094 chars]",,fr,'Port-Louis'
https://www.franceinfo.fr/economie/transports/trafic/departs-en-vacances-la-journee-de-vendredi-classee-noire-en-auvergne-rhone-alpes-et-rouge-ailleurs-samedi-classee-noire-dans-plusieurs-regions_8099840.html,https://www.franceinfo.fr/economie/transports/trafic/departs-en-vacances-la-journee-de-vendredi-classee-noire-en-auvergne-rhone-alpes-et-rouge-ailleurs-samedi-classee-noire-dans-plusieurs-regions_8099840.html,0,www.franceinfo.fr,"Départs en vacances : la journée de vendredi classée noire en Auvergne-Rhône-Alpes et rouge ailleurs, samedi classée noire dans plusieurs régions","Pour la journée de samedi, les axes desservant la côte atlantique, la côte normande, le centre de l'Hexagone et le quart sud-est connaîtront une fréquentation très importante tout au long de la journée, précise Bison futé, mercredi.",https://www.franceinfo.fr/pictures/T7HPk9Qg6H7vx-qx7ZHHF25_ZxM/0x106:1024x682/1500x843/2026/07/08/6a4e751c9c05c343030779.jpg,2026-07-08T16:08:10Z,http://web.archive.org/web/20260711182337/https://www.franceinfo.fr/economie/transports/trafic/departs-en-vacances-la-journee-de-vendredi-classee-noire-en-auvergne-rhone-alpes-et-rouge-ailleurs-samedi-classee-noire-dans-plusieurs-regions_8099840.html,"Pour le prochain week-end de départs en vacances des juillettistes, la journée de vendredi est classée noire en en Auvergne-Rhône-Alpes et rouge sur le reste du territoire, annonce Bison futé, mercre… [+1299 chars]",,fr,'Auvergne'
https://www.journaldugeek.com/2026/07/08/samsung-degaine-un-nouveau-format-de-pliable-et-ca-ressemble-a-une-reponse-directe-a-apple/,https://www.journaldugeek.com/2026/07/08/samsung-degaine-un-nouveau-format-de-pliable-et-ca-ressemble-a-une-reponse-directe-a-apple/,0,www.journaldugeek.com,"Samsung dégaine un nouveau format de pliable, et ça ressemble à une réponse directe à Apple","Samsung a officialisé la date de son prochain Galaxy Unpacked: rendez-vous le 22 juillet 2026 à Londres, à 15h heure de Paris, pour un événement placé sous le slogan ""A New Shape Unfolds"".",https://www.journaldugeek.com/app/uploads/2026/07/samsung-galaxy-unpacked-juillet-2026-pliable-1600x900.jpeg,2026-07-08T16:18:29Z,,"Une formule qui n’a rien d’un hasard marketing, après sept générations de Galaxy Z Fold construites sur le même format allongé, Samsung a lui-même prévenu qu’il changeait d’approche cette année. Et l… [+3624 chars]",,fr,'Londres'
https://www.lavenir.net/actu/belgique/politique/2026/07/08/la-belgique-en-passe-de-reconnaitre-letat-palestinien-les-differentes-conditions-sont-remplies-SKPWACXSCVEDPCRSSIP6SWZ4XA/,https://www.lavenir.net/actu/belgique/politique/2026/07/08/la-belgique-en-passe-de-reconnaitre-letat-palestinien-les-differentes-conditions-sont-remplies-SKPWACXSCVEDPCRSSIP6SWZ4XA/,0,www.lavenir.net,La Belgique en passe de reconnaître l’État palestinien ? “Les différentes conditions sont remplies” mais pas encore de consensus,"Le gouvernement fédéral avait fixé deux conditions pour la reconnaissance de la Palestine en septembre dernier. Les Engagés, Vooruit et le CD & V estiment qu’elles sont désormais remplies. ...",https://www.lavenir.net/resizer/v2/H2ZORYRDQNH6PGLT44HUPBGM7Q.JPG?auth=e995a736ffe6ec5befc28c74d965dc1dae5df81c5fd82d9287c695d82f011732&width=1200&height=630&quality=85&focal=2175%2C1661,2026-07-08T17:46:18Z,http://web.archive.org/web/20260709093801/https://www.lavenir.net/actu/belgique/politique/2026/07/08/la-belgique-en-passe-de-reconnaitre-letat-palestinien-les-differentes-conditions-sont-remplies-SKPWACXSCVEDPCRSSIP6SWZ4XA/,"Plusieurs partis de la coalition Arizona vont dans le sens de la reconnaissance. Du côté de Vooruit et du CD &amp; V, on ne voit plus de raisons d'attendre et on estime qu'il est temps que la Belgiqu… [+1947 chars]",,fr,'Belgique'
https://www.huffingtonpost.fr/sport/article/la-chute-ridicule-du-joueur-anglais-jordan-henderson-lui-aura-coute-sa-fin-de-coupe-du-monde_285617.html,https://www.huffingtonpost.fr/sport/article/la-chute-ridicule-du-joueur-anglais-jordan-henderson-lui-aura-coute-sa-fin-de-coupe-du-monde_285617.html,0,www.huffingtonpost.fr,La chute ridicule du joueur anglais Jordan Henderson lui aura coûté sa fin de Coupe du monde,Le milieu de terrain anglais a dû se faire opérer du bras gauche après sa chute inattendue à la fin du 8e de finale entre l’Angleterre et le Mexique.,https://focus.huffingtonpost.fr/2026/07/08/274/0/5263/2960/1820/1023/75/0/d16d47c_upload-1-9qfnc1rhiqmj-afp-20260706-b9cb27b-v1-highres-fblwc2026match92mexeng.jpg,2026-07-08T20:06:09Z,,Une chute que ce joueur anglais de football regrettera probablement toute sa vie. Le milieu de terrain Jordan Henderson sest fait opérer du bras gauche après sa chute malencontreuse en enjambant un p… [+1652 chars],,fr,'Miami'
https://korben.info/uma-northstar-robot-humanoide-francais.html,https://korben.info/uma-northstar-robot-humanoide-francais.html,0,korben.info,UMA - Le créateur de LeRobot défie Tesla depuis Paris,"Un robot qui apprend un geste en vous regardant le faire, puis qui le répète durant des heures sans une ligne de script, ça n'existait que dans les keynotes de Musk. Et là, surprise, c'est une boîte parisienne qui vient de le montrer en vrai !!
Cette boîte, c…",https://korben.info/uma-northstar-robot-humanoide-francais/uma-northstar-robot-humanoide-francais-1.jpg,2026-07-08T20:08:52Z,http://web.archive.org/web/20260708205749/https://korben.info/uma-northstar-robot-humanoide-francais.html,"Un robot qui apprend un geste en vous regardant le faire, puis qui le répète durant des heures sans une ligne de script, ça n'existait que dans les keynotes de Musk. Et là, surprise, c'est une boîte … [+4057 chars]",,fr,'Paris'
https://dailygeekshow.com/requin-groenland-longevite-record-quatre-siecles/,https://dailygeekshow.com/requin-groenland-longevite-record-quatre-siecles/,0,dailygeekshow.com,"Le requin du Groenland, ce squale mystérieux qui peut vivre quatre siècles","Faisant partie des rares squales à évoluer dans les eaux glaciales de l'Atlantique Nord, le requin du Groenland se distingue à la fois par sa taille et sa longévité hors du commun, atteignant plusieurs siècles.
The post Le requin du Groenland, ce squale mysté…",https://dailygeekshow.com/wp-content/uploads/2018/01/une-requin-groenland.jpg,2026-07-08T20:38:46Z,http://web.archive.org/web/20260709065850/https://dailygeekshow.com/requin-groenland-longevite-record-quatre-siecles/,"Faisant partie des rares squales à évoluer dans les eaux glaciales de l’Atlantique Nord, le requin du Groenland se distingue à la fois par sa taille et sa longévité hors du commun, atteignant plusieu… [+3857 chars]",,fr,'Groenland'
https://www.lavenir.net/opinions/2026/07/09/etat-de-palestine-le-mr-a-reculons-RCICW4J2LRB2ZDJCVRF7SZTNYQ/,https://www.lavenir.net/opinions/2026/07/09/etat-de-palestine-le-mr-a-reculons-RCICW4J2LRB2ZDJCVRF7SZTNYQ/,0,www.lavenir.net,État de Palestine : le MR à reculons,"La Belgique va-t-elle enfin reconnaître pleinement l’État de Palestine ? Ce n’est toujours pas gagné, alors que les conditions sont pourtant désormais bel et bien remplies. Pour rappel, la France et une dizaine d’autres pays, dont le Royaume-Uni, le Canada et…",https://www.lavenir.net/resizer/v2/TBM4YE6RXJBCZMASI6M7AWFKOI.jpg?auth=e09ae131f8f5d22fda8e98034f9341c265d435a5eb12ad97dee365d10dac5ce9&width=1200&height=630&quality=85&fitfill=true,2026-07-09T04:00:00Z,http://web.archive.org/web/20260709151150/https://www.lavenir.net/opinions/2026/07/09/etat-de-palestine-le-mr-a-reculons-RCICW4J2LRB2ZDJCVRF7SZTNYQ/,"Les Engagés du ministre des Affaires Étrangères Maxime Prévot, mais aussi le Cd&amp;V et Vooruit ne voient donc pas, de manière légitime, ce qui pourrait empêcher la Belgique de... respecter ses enga… [+496 chars]",,fr,'Palestine'
https://www.ledauphine.com/economie/2026/07/09/isabelle-decker-antoine-fleury-gauthier-dubos-les-mouvements-du-jour,https://www.ledauphine.com/economie/2026/07/09/isabelle-decker-antoine-fleury-gauthier-dubos-les-mouvements-du-jour,0,www.ledauphine.com,"Nominations. Isabelle Decker, Antoine Fleury, Gauthier Dubos... : les mouvements du jour","Isère : Isabelle Decker prend la présidence de Roche Diagnostics FranceRoche Diagnostics France, dont le siège se situe à Meylan, annonce la nomination d'Isabelle Decker à sa présidence.",https://cdn-s-www.ledauphine.com/images/6792BCAD-E879-4D7A-BF3E-687816AA806D/FB1200/photo-1759328609.jpg,2026-07-09T04:30:00Z,http://web.archive.org/web/20260709185046/https://www.ledauphine.com/economie/2026/07/09/isabelle-decker-antoine-fleury-gauthier-dubos-les-mouvements-du-jour,"Avec Nomination, premier service d'informations sur les décideurs en France, de veille stratégique et de mise en relation Business-to-Business.
Roche Diagnostics France, dont le siège se situe à Mey… [+1015 chars]",,fr,'Isère'
https://www.franceinfo.fr/culture/patrimoine/bormes-les-mimosas-dans-le-var-a-ete-elu-village-prefere-des-francais-2026_8100479.html,https://www.franceinfo.fr/culture/patrimoine/bormes-les-mimosas-dans-le-var-a-ete-elu-village-prefere-des-francais-2026_8100479.html,0,www.franceinfo.fr,"Bormes-les-Mimosas, dans le Var, a été élu ""Village préféré des Français 2026""","L'an dernier, les votants avaient décidé de sacrer le village de Saint-Antoine-l'Abbaye, dans l'Isère.",https://www.franceinfo.fr/pictures/91x_-PVVQTeu6V_Y_Y3gdx1yvSM/0x62:1200x737/1500x843/2022/02/04/phpNiEhF4.jpg,2026-07-09T05:09:11Z,,"Bormes-les-Mimosas, dans le Var, a été élu ""Village préféré des Français 2026"" mercredi 8 juillet, rapporte ICI Provence. Stéphane Bern a dévoilé la commune lauréate à la fin de l'émission éponyme di… [+1085 chars]",,fr,'Isère'
https://www.presse-citron.net/canicule-de-juillet-a-partir-de-quelle-temperature-peut-on-vraiment-mourir-de-chaud/,https://www.presse-citron.net/canicule-de-juillet-a-partir-de-quelle-temperature-peut-on-vraiment-mourir-de-chaud/,0,www.presse-citron.net,Canicule de juillet : à partir de quelle température peut-on vraiment mourir de chaud ?,"Alors qu'une nouvelle canicule frappe le sud de la France, à partir de quelle température peut-elle devenir dangereuse pour la santé.",https://www.presse-citron.net/app/uploads/2022/11/temperature-rechauffement-climatique.jpg,2026-07-09T06:50:06Z,http://web.archive.org/web/20260710043154/https://www.presse-citron.net/canicule-de-juillet-a-partir-de-quelle-temperature-peut-on-vraiment-mourir-de-chaud/,"Il faudrait habiter dans une grotte (littéralement) pour ne pas sen être rendu compte, la France est touchée depuis quelques semaines par une canicule historique avec des records de chaleur dans de t… [+3160 chars]",,fr,'France'
https://www.franceinfo.fr/culture/festival-avignon/festival-d-avignon-un-drapeau-geant-de-la-palestine-deploye-sur-la-place-du-palais-des-papes_8100800.html,https://www.franceinfo.fr/culture/festival-avignon/festival-d-avignon-un-drapeau-geant-de-la-palestine-deploye-sur-la-place-du-palais-des-papes_8100800.html,0,www.franceinfo.fr,Festival d'Avignon : un drapeau géant de la Palestine déployé sur la place du palais des Papes,"Cette action a été organisée par un collectif, en réaction aux propos du maire d'Avignon, jugeant que la cause palestinienne était trop présente lors de la dernière édition.",https://www.franceinfo.fr/pictures/j-0UyvbJFLaM3YKEeTqoM8jkR1M/0x49:3513x2024/1500x843/2024/10/11/drapeau-palestinien-6709459657fbe055344270.jpg,2026-07-09T09:16:06Z,,"Un drapeau palestinien géant a été déployé sur la place du palais des Papes, à Avignon (Vaucluse) mercredi 8 juillet, en plein festival d'Avignon, indique jeudi matin ICI Vaucluse. Un collectif d'org… [+1063 chars]",,fr,'Palestine'
https://www.camer.be/93906/11:1/pourquoi-la-procureure-adjointe-de-la-cpi-sest-elle-rendue-au-tchad-chad.html,https://www.camer.be/93906/11:1/pourquoi-la-procureure-adjointe-de-la-cpi-sest-elle-rendue-au-tchad-chad.html,0,www.camer.be,:: Pourquoi la Procureure adjointe de la CPI s'est-elle rendue au Tchad?,"Le moment choisi pour la visite de la Procureure adjointe de la Cour
pénale internationale (CPI), Nazhat Shameem Khan, à N&#039;Djamena le 6
juillet 2026 n&#039;a rien d&#039;...",https://www.camer.be/storage/photos/shares/Afrique2/Militaires_Tchad_09072026.jpg,2026-07-09T09:53:14Z,,"Le moment choisi pour la visite de la Procureure adjointe de la Cour pénale internationale (CPI), Nazhat Shameem Khan, à N'Djamena le 6 juillet 2026 n'a rien d'anodin. Cette visite est intervenue imm… [+6744 chars]",,fr,'Tchad'
https://www.20minutes.fr/politique/4233727-20260709-rhone-justice-demande-mairie-lfi-vaulx-velin-retirer-drapeau-palestinien,https://www.20minutes.fr/politique/4233727-20260709-rhone-justice-demande-mairie-lfi-vaulx-velin-retirer-drapeau-palestinien,0,www.20minutes.fr,Rhône : La justice demande à la mairie LFI de Vaulx-en-Velin de retirer le drapeau palestinien,"Saisie par le préfet du Rhône, la justice a ordonné à la mairie LFI de Vaulx-en-Velin de retirer le drapeau palestinien. Le maire Abdelkader Lahmar a répondu par la négative attendant une prise de décision commune avec son conseil municipal",https://img.20mn.fr/dlKYGaW-StmmnwEAo6uaQyk/1444x920_plusieurs-centaines-de-personnes-se-sont-rassemblees-sur-la-place-des-terreaux-a-lyon-avant-de-defiler-dans-la-ville-en-solidarite-avec-le-peuple-palestinien-de-gaza-les-manifestants-ont-appele-a-un-cessez-le-feu-immediat-a-la-levee-du-blocus-et-a-des-sanctions-francaises-contre-israel-alors-que-les-etats-unis-viennent-de-devoiler-un-plan-de-paix-en-20-points-pour-gaza-soutenu-par-la-france-et-plusieurs-etats-arabes-et-accepte-a-la-fois-par-israel-et-le-hamas-avec-quelques-reserves-lyon-france-11-octobre-2025-konrad-k-konrad-015-credit-konrad-k-sipa-2510111741,2026-07-09T10:06:33Z,http://web.archive.org/web/20260710012956/https://www.20minutes.fr/politique/4233727-20260709-rhone-justice-demande-mairie-lfi-vaulx-velin-retirer-drapeau-palestinien,"La mairie de Vaulx-en-Velin, près de Lyon, remportée en mars par LFI sest vue enjoindre par la justice administrative de retirer le drapeau palestinien de son fronton, au motif quelle « porte une att… [+1902 chars]",,fr,'Palestine'
https://www.frandroid.com/produits-android/3174235_france-maroc-comment-voir-le-quart-de-finale-de-la-coupe-du-monde-2026-en-streaming,https://www.frandroid.com/produits-android/3174235_france-maroc-comment-voir-le-quart-de-finale-de-la-coupe-du-monde-2026-en-streaming,0,www.frandroid.com,France-Maroc : comment voir le quart de finale de la Coupe du monde 2026 en streaming ?,"Les Bleus sont en quart de finale de la Coupe du monde 2026 : ils affrontent le Maroc ce jeudi 9 juillet à 22h00. M6 diffuse la rencontre gratuitement, et beIN Sports 1 la retransmet également, voici tout ce qu'il faut savoir pour ne pas rater un instant du m…","https://c0.lestechnophiles.com/images.frandroid.com/wp-content/uploads/2026/07/france-maroc.jpg?resize=1600,900&key=d0115579",2026-07-09T10:30:00Z,http://web.archive.org/web/20260709112748/https://www.frandroid.com/produits-android/3174235_france-maroc-comment-voir-le-quart-de-finale-de-la-coupe-du-monde-2026-en-streaming,"Les Bleus sont en quart de finale de la Coupe du monde 2026 : ils affrontent le Maroc ce jeudi 9 juillet à 22h00. M6 diffuse la rencontre gratuitement, et beIN Sports 1 la retransmet également, voici… [+4422 chars]",,fr,'France'
https://www.presse-citron.net/coupe-du-monde-la-diffusion-du-match-france-maroc-sera-interrompue-en-direct-ce-soir/,https://www.presse-citron.net/coupe-du-monde-la-diffusion-du-match-france-maroc-sera-interrompue-en-direct-ce-soir/,0,www.presse-citron.net,Coupe du Monde : la diffusion du match France-Maroc sera interrompue en direct ce soir,Une grosse menace pour tous les utilisateurs de services pirates.,https://www.presse-citron.net/app/uploads/2026/04/kylian-mbappe-1600x900.jpg,2026-07-09T11:22:06Z,,"Comme promis, la nouvelle arme redoutable contre lIPTV se déploie en France à loccasion de la Coupe du monde. Si vous nen avez pas encore entendu parler, sachez quil sagit du blocage en temps réel de… [+2814 chars]",,fr,'Maroc'
https://www.huffingtonpost.fr/international/article/cette-promesse-faite-par-keir-starmer-sur-la-coupe-du-monde-nous-donnerait-presque-envie-d-etre-anglais_285914.html,https://www.huffingtonpost.fr/international/article/cette-promesse-faite-par-keir-starmer-sur-la-coupe-du-monde-nous-donnerait-presque-envie-d-etre-anglais_285914.html,0,www.huffingtonpost.fr,Cette promesse faite par Keir Starmer sur la Coupe du monde nous donnerait presque envie d’être anglais,"Le dirigeant travailliste, qui vit ses dernières heures en tant que Premier ministre du Royaume-Uni, pourrait bientôt faire des millions d’heureux en Angleterre.",https://focus.huffingtonpost.fr/2026/07/09/549/0/8410/4730/1820/1023/75/0/1da0319_upload-1-sacsjqvlcnk9-afp-20260707-b9j726c-v1-highres-turkeybritainnorwaynatosummitdiplomacydefence.jpg,2026-07-09T13:22:28Z,,"Un jour férié en Angleterre en cas de victoire finale de la sélection au Mondial ? Cest tout sauf une blague, alors que les supporters anglais attendent depuis maintenant soixante ans dêtre à nouveau… [+2460 chars]",,fr,'Angleterre'
https://www.courrierinternational.com/article/etats-unis-le-fbi-serait-en-train-d-enqueter-sur-la-federation-argentine-de-football_247978,https://www.courrierinternational.com/article/etats-unis-le-fbi-serait-en-train-d-enqueter-sur-la-federation-argentine-de-football_247978,0,www.courrierinternational.com,Le FBI serait en train d’enquêter sur la Fédération argentine de football,"Selon des informations dévoilées par le média de Buenos Aires “La Nación”, la police fédérale américaine aurait lancé une enquête visant des opérations de la Fédération argentine de football aux États-Unis. L’objectif : déterminer si cette dernière a pu se re…",https://focus.courrierinternational.com/2026/07/07/27/0/1815/1210/1200/630/60/0/b11bb22_ftp-1-sq2ibqs9hco7-2026-07-07t191329z-1998947935-up1em771epq1r-rtrmadp-3-soccer-worldcup-arg-egy.JPG,2026-07-09T17:13:40Z,,"Décidément, malgré les bons résultats sur le terrain, le football argentin ne vit pas une période tranquille. En effet, à la suite des polémiques liées à larbitrage lors du huitième de finale Argenti… [+2430 chars]",,fr,'Miami'
https://www.sofoot.com/breves/coupe-du-monde-2026-apres-argentine-egypte-larbitrage-de-francois-letexier-fait-des-victimes-collaterales,https://www.sofoot.com/breves/coupe-du-monde-2026-apres-argentine-egypte-larbitrage-de-francois-letexier-fait-des-victimes-collaterales,0,www.sofoot.com,"Coupe du monde 2026 : après Argentine-Égypte, l’arbitrage de François Letexier fait des victimes collatérales","La bêtise continue, même avec la vérité en face. François Le Texier, homonyme de l’arbitre français au sifflet d’Argentine-Égypte, le…",https://sofoot.s3.eu-central-1.amazonaws.com/wp-content/uploads/2026/07/09231815/14250794-1400x1007.jpg,2026-07-09T21:18:55Z,http://web.archive.org/web/20260710061331/https://www.sofoot.com/breves/coupe-du-monde-2026-apres-argentine-egypte-larbitrage-de-francois-letexier-fait-des-victimes-collaterales,"La bêtise continue, même avec la vérité en face. François Le Texier, homonyme de larbitre français au sifflet dArgentine-Égypte, le huitième de finale perdu par les Pharaons après lequel de nombreux … [+878 chars]",,fr,'Savoie'
https://www.20minutes.fr/sport/football/4233894-20260710-direct-coupe-monde-2026-meilleur-lamine-yamal-venir-sadio-mane-raccroche-senegal-suivez-journee,https://www.20minutes.fr/sport/football/4233894-20260710-direct-coupe-monde-2026-meilleur-lamine-yamal-venir-sadio-mane-raccroche-senegal-suivez-journee,0,www.20minutes.fr,EN DIRECT Coupe du monde 2026 : Le « meilleur Lamine Yamal est à venir »... Sadio Mané raccroche avec le Sénégal... Suivez la journée avec nous,"Suivez toute l’actualité de la Coupe du monde 2026 lors de la journée du vendredi 10 juillet, largement marquée par la joie des Bleus suite à leur qualification pour les demi-finales",https://img.20mn.fr/wE_ot_yeRvmyHnzDw-z9ICk/1444x920_lamine-yamal-lors-d-une-seance-d-entrainement-de-l-equipe-nationale-d-espagne-a-los-angeles-aux-etats-unis-le-9-juillet-2026-a-la-veille-du-match-de-quart-de-finale-de-la-coupe-du-monde-2026-contre-la-belgique,2026-07-09T22:58:22Z,http://web.archive.org/web/20260710155405/https://www.20minutes.fr/sport/football/4233894-20260710-direct-coupe-monde-2026-meilleur-lamine-yamal-venir-sadio-mane-raccroche-senegal-suivez-journee,"Le joueur sénégalais s'arrête donc à 130 sélections et 54 buts avec les Lions de la Teranga, avec qui il a gagné la Coupe d'Afrique des Nations en 2021 (et presque en 2026, on sait pas trop).
« Sach… [+387 chars]",,fr,'Sénégal'
https://www.leprogres.fr/economie/2026/07/09/autant-de-cadres-que-d-ouvriers-en-region-auvergne-rhone-alpes,https://www.leprogres.fr/economie/2026/07/09/autant-de-cadres-que-d-ouvriers-en-region-auvergne-rhone-alpes,0,www.leprogres.fr,Économie. Autant de cadres que d’ouvriers en région Auvergne-Rhône-Alpes,"La région Auvergne-Rhône-Alpes compte désormais autant de cadres que d’ouvriers parmi les 3,5 millions d’actifs en emploi en 2022, selon l’étude Insee Analyses, rendue publique lundi 6 juillet 2026.",https://cdn-s-www.ledauphine.com/images/9AA6B28A-BB27-4825-802F-F53D4382270C/FB1200/photo-1783545321.jpg,2026-07-10T04:05:00Z,,"LInsee (lInstitut national de la statistique et des études économiques) a publié une étude sur les taux demploi et lévolution des emplois des actifs par secteurs dactivité entre 2006 et 2022, en Auve… [+1887 chars]",,fr,'Rhône'
https://www.ledauphine.com/economie/2026/07/10/samuel-carret-jocelyne-henri-gaelle-revenu-prunayre-les-mouvements-du-jour,https://www.ledauphine.com/economie/2026/07/10/samuel-carret-jocelyne-henri-gaelle-revenu-prunayre-les-mouvements-du-jour,0,www.ledauphine.com,"Nominations. Samuel Carret, Jocelyne Henri, Gaëlle Revenu-Prunayre... : les mouvements du jour","Savoie : Samuel Carret prend la tête du bureau RSM de ChambéryLe cabinet d'audit, d'expertise-comptable et de conseil RSM France confie la direction de son bureau de Chambéry à Samuel Carret.",https://cdn-s-www.ledauphine.com/images/6792BCAD-E879-4D7A-BF3E-687816AA806D/FB1200/photo-1759328609.jpg,2026-07-10T04:30:00Z,,"Le Dauphiné Libéré, en tant que responsable de traitement, recueille dans ce formulaire des informations qui sont enregistrées dans un fichier informatisé par son Service Relations Clients, la finali… [+854 chars]",,fr,'Savoie'
https://www.presse-citron.net/tarkett-fournisseur-francais-pelouse-match-france-maroc/,https://www.presse-citron.net/tarkett-fournisseur-francais-pelouse-match-france-maroc/,0,www.presse-citron.net,"Qui est « Tarkett », le fournisseur français de la pelouse du match France-Maroc ?",La France s’est qualifiée pour les demi-finales à Boston sur une pelouse high-tech conçue par une entreprise tricolore. Voici comment le géant industriel Tarkett a relevé un défi logistique immense pour installer son gazon hybride en un temps record.,https://www.presse-citron.net/app/uploads/2026/07/pelouse-tarkett-1600x900.jpg,2026-07-10T07:34:30Z,http://web.archive.org/web/20260710184433/https://www.presse-citron.net/tarkett-fournisseur-francais-pelouse-match-france-maroc/,"La France est en demi-finale de la Coupe du Monde après sa victoire maîtrisée sur un score de 2-0 face au Maroc. Si les yeux du monde entier étaient rivés sur les exploits des Bleus à Boston, un autr… [+2790 chars]",,fr,'France'
https://www.20minutes.fr/sport/football/4233917-20260710-france-maroc-reconnu-equipe-bleus-ec-urants-adversaires,https://www.20minutes.fr/sport/football/4233917-20260710-france-maroc-reconnu-equipe-bleus-ec-urants-adversaires,0,www.20minutes.fr,France - Maroc : « On n’a pas reconnu notre équipe »… Ces Bleus sont écœurants pour leurs adversaires,"Alors qu’on attendait un gros défi, l’équipe de France s’est facilement débarrassée du Maroc en quart de finale de la Coupe du monde, jeudi à Boston",https://img.20mn.fr/YnlWHm74QCm6QtEjWq00fyk/1444x920_09-juillet-2026-etats-unis-foxborough-football-hommes-coupe-du-monde-2026-france-vs-maroc-phase-a-elimination-directe-quarts-de-finale-stade-de-boston-a-foxborough-dayot-upamecano-france-a-gauche-et-chemsdine-talbi-maroc-s-affrontent-pour-le-ballon-remarque-conformement-au-reglement-de-la-fifa-ces-images-ne-peuvent-etre-utilisees-qu-a-des-fins-editoriales-l-utilisation-commerciale-est-interdite-de-plus-aucune-sequence-de-type-video-ne-peut-etre-creee-et-aucune-modification-ne-peut-etre-apportee-a-l-image-que-ce-soit-au-premier-plan-ou-a-l-arriere-plan-photo-tom-weller-dpa-ur-newsml-dpa-com-20090101-260710-99-17831-tom-weller-dpa-sipa-2607100120,2026-07-10T08:32:36Z,http://web.archive.org/web/20260710105238/https://www.20minutes.fr/sport/football/4233917-20260710-france-maroc-reconnu-equipe-bleus-ec-urants-adversaires,"De notre envoyé spécial à Boston,
Cest toujours le même refrain depuis le début de la Coupe du monde. Sénégal, Irak, Norvège, Suède, Paraguay et désormais Maroc. Après chaque démonstration des Bleus… [+6106 chars]",,fr,'France'
https://atlantico.fr/article/decryptage/proces-pour-apologie-du-terrorisme-quand-rima-hassan-se-fait-soutenir-par-des-antisemites-forcenes-simone-rodan-benzaquen,https://atlantico.fr/article/decryptage/proces-pour-apologie-du-terrorisme-quand-rima-hassan-se-fait-soutenir-par-des-antisemites-forcenes-simone-rodan-benzaquen,0,atlantico.fr,Procès pour apologie du terrorisme : quand Rima Hassan se fait soutenir par des antisémites forcenés,"Ce n’est pas la Palestine qu’ils défendent : à la veille de ce qui devait être son procès, cet été, quelque deux cent cinquante personnalités ont signé dans L’Humanité une tribune de soutien à Rima Hassan. L’eurodéputée insoumise y est présentée en victime d’…",https://atlantico.codexcdn.net/assets/asPBJFuaH0FFHpD2D.jpg?width=1600&height=900&quality=75,2026-07-10T08:57:00Z,http://web.archive.org/web/20260711070823/https://atlantico.fr/article/decryptage/proces-pour-apologie-du-terrorisme-quand-rima-hassan-se-fait-soutenir-par-des-antisemites-forcenes-simone-rodan-benzaquen,"Ce nest pas la Palestine quils défendent : à la veille de ce qui devait être son procès, cet été, quelque deux cent cinquante personnalités ont signé dans LHumanité une tribune de soutien à Rima Hass… [+451 chars]",,fr,'Palestine'
https://www.lalibre.be/belgique/politique-belge/2026/07/10/immanquable-le-sujet-que-bart-de-wever-redoute-de-devoir-aborder-a-cette-periode-un-rapport-alarmant-vient-agiter-bruxelles-WMRLGCHUAZBGFGEYFE6PBZGRYY/,https://www.lalibre.be/belgique/politique-belge/2026/07/10/immanquable-le-sujet-que-bart-de-wever-redoute-de-devoir-aborder-a-cette-periode-un-rapport-alarmant-vient-agiter-bruxelles-WMRLGCHUAZBGFGEYFE6PBZGRYY/,0,www.lalibre.be,"Immanquable : le sujet que Bart De Wever redoute de devoir aborder à cette période, un rapport alarmant vient agiter Bruxelles","Retrouvez chaque vendredi sur La Libre ""Les immanquables de la semaine politique"". Ce 10 juillet, on revient sur la ""ligne rouge"" qui a été franchie par le MR vis-à-vis des Engagés, sur la Palestine qui pourrait à nouveau créer des remous au sein du gouvernem…",https://www.lalibre.be/resizer/v2/3N2QZBMHZ5DZTIQCFECIWIWFCA.jpg?auth=aa1554175cdc269f7849975941a8aa0dfd590101e629ffa437e6eb1bf2606c61&width=1200&height=630&quality=85&focal=1500%2C1000,2026-07-10T09:41:19Z,http://web.archive.org/web/20260711025143/https://www.lalibre.be/belgique/politique-belge/2026/07/10/immanquable-le-sujet-que-bart-de-wever-redoute-de-devoir-aborder-a-cette-periode-un-rapport-alarmant-vient-agiter-bruxelles-WMRLGCHUAZBGFGEYFE6PBZGRYY/,"1) Les Engagés en ont marre du MR : mais comment le lui faire comprendre ?
Les Rita Mitsouko l'annonçaient : les histoires d'amour finissent mal en général. L'idylle entre le MR et les Engagés ne dé… [+6817 chars]",,fr,'Bruxelles'
https://www.ledauphine.com/sport/2026/07/10/quand-emmanuel-macron-mentionne-le-criterium-du-dauphine-malgre-le-changement-de-nom,https://www.ledauphine.com/sport/2026/07/10/quand-emmanuel-macron-mentionne-le-criterium-du-dauphine-malgre-le-changement-de-nom,0,www.ledauphine.com,Tour de France 2026. Quand Emmanuel Macron mentionne le Critérium du Dauphiné malgré le changement de nom,"C'est un changement qui avait suscité l'incrédulité voire la colère des aficionados de cyclisme : depuis l'édition 2026, le Critérium du Dauphiné a été renommé en Tour Auvergne-Rhône-Alpes, avec à la clé un partenariat majeur avec la Région.",https://cdn-s-www.ledauphine.com/images/2AA3FD1D-6492-4DE5-932E-97E22A8D4493/FB1200/photo-1783680621.jpg,2026-07-10T10:56:00Z,,"C'est un changement qui avait suscité l'incrédulité voire la colère des aficionados de cyclisme : depuis l'édition 2026, le Critérium du Dauphiné a été renommé en Tour Auvergne-Rhône-Alpes, avec à la… [+1403 chars]",,fr,'Alpes'
https://www.bfmtv.com/international/asie/quinze-morts-aux-philippines-evacuations-et-ecoles-fermees-a-taiwan-a-l-approche-du-typhon-bavi_AD-202607100607.html,https://www.bfmtv.com/international/asie/quinze-morts-aux-philippines-evacuations-et-ecoles-fermees-a-taiwan-a-l-approche-du-typhon-bavi_AD-202607100607.html,0,www.bfmtv.com,"Quinze morts aux Philippines, évacuations et écoles fermées à Taïwan, à l'approche du typhon Bavi","Le typhon qui a déjà frappé plusieurs îles du Pacifique, doit toucher le nord et l'est de Taïwan ainsi que les îles du sud du Japon, avant de s'abattre sur la Chine. Le président taïwanais a exhorté les habitants des régions susceptibles d'être les plus touch…",https://images.bfmtv.com/qV1EeUqlPX4Z1XmbqxOAQ2wtsJ0=/0x62:1200x737/1200x0/images/Des-personnes-chargent-des-sacs-de-sable-sur-un-camion-alors-que-les-preparatifs-sont-en-cours-avant-l-arrivee-du-typhon-Bavi-a-Taipei-le-9-juillet-2026-2318471.jpg,2026-07-10T13:14:15Z,http://web.archive.org/web/20260711101255/https://www.bfmtv.com/international/asie/quinze-morts-aux-philippines-evacuations-et-ecoles-fermees-a-taiwan-a-l-approche-du-typhon-bavi_AD-202607100607.html,"Le typhon qui a déjà frappé plusieurs îles du Pacifique, doit toucher le nord et l'est de Taïwan ainsi que les îles du sud du Japon, avant de s'abattre sur la Chine. Le président taïwanais a exhorté … [+3882 chars]",,fr,'Taïwan'
https://www.journaldugeek.com/2026/07/10/vaiana-sur-w9-ce-soir-pourquoi-le-film-a-un-titre-different-en-france/,https://www.journaldugeek.com/2026/07/10/vaiana-sur-w9-ce-soir-pourquoi-le-film-a-un-titre-different-en-france/,0,www.journaldugeek.com,Vaiana : pourquoi le film a un titre différent en France ?,"Actuellement au cinéma, Vaiana est une licence qui compte pour Disney à l'échelle mondiale. Mais en dehors de l'Hexagone, le film est connu sous le nom de Moana. Pourquoi ?",https://www.journaldugeek.com/app/uploads/2023/10/vaiana-disney-ce-soir-sur-w9.jpg,2026-07-10T13:46:03Z,http://web.archive.org/web/20260710162707/https://www.journaldugeek.com/2026/07/10/vaiana-sur-w9-ce-soir-pourquoi-le-film-a-un-titre-different-en-france/,"Sorti en 2016 au cinéma, Vaiana, la légende du bout du monde a été imaginé comme relecture des mythes polynésiens, évoluant autour des thématiques de la nature et de la découverte de soi. Comme bien … [+2519 chars]",,fr,'France'
https://www.monde-diplomatique.fr/2026/07/AUVRAY/69690,https://www.monde-diplomatique.fr/2026/07/AUVRAY/69690,0,www.monde-diplomatique.fr,Le rêve partagé de l'Inde et d'Israël,"En dépit de sa proximité avec Téhéran, le Pakistan est parvenu à tirer avantage de la guerre en Iran pour se doter d’un certain crédit diplomatique en œuvrant à une cessation des hostilités. L’Inde a fait un autre choix : celui du soutien inconditionnel à son…",https://www.monde-diplomatique.fr/IMG/logo/img006-3.jpg,2026-07-10T14:07:18Z,http://web.archive.org/web/20260711121245/https://www.monde-diplomatique.fr/2026/07/AUVRAY/69690,"Reena Saini Kallat. « Hyphenated Lives (Pea-kar) » (Des vies entre deux mondes), 2015 
Quelques jours avant lagression de lIran par les États-Unis et Israël, en février 2026, le premier ministre ind… [+1810 chars]",,fr,'Pakistan'
https://france3-regions.franceinfo.fr/auvergne-rhone-alpes/isere/grenoble/sncf-aucun-train-entre-lyon-et-grenoble-ce-week-end-en-raison-de-travaux-des-cars-de-substitution-mis-en-place-3384892.html,https://france3-regions.franceinfo.fr/auvergne-rhone-alpes/isere/grenoble/sncf-aucun-train-entre-lyon-et-grenoble-ce-week-end-en-raison-de-travaux-des-cars-de-substitution-mis-en-place-3384892.html,0,france3-regions.franceinfo.fr,"SNCF : aucun train entre Lyon et Grenoble ce week-end en raison de travaux, des cars de substitution mis en place","De gros travaux sont en cours en gare de Bourgoin-Jallieu, en Isère, interrompant le trafic ferroviaire pendant cinq jours. Aucun train ne circulera entre Lyon et Grenoble du 10 juillet au soir au 15 juillet au matin. Des cars de substitutions sont mis en pla…",https://france3-regions.franceinfo.fr/image/H_0TFS0j4n17LUmfVtIVIiEGCYM/930x620/regions/2026/07/10/6a50efa42525c500317376.jpg,2026-07-10T15:00:03Z,,"De gros travaux sont en cours en gare de Bourgoin-Jallieu, en Isère, interrompant le trafic ferroviaire pendant cinq jours. Aucun train ne circulera entre Lyon et Grenoble du 10 juillet au soir au 15… [+1853 chars]",,fr,'Isère'
https://www.courrierinternational.com/article/blog-voyages-nepal-patan-la-beaute-en-heritage-5-7_247867,https://www.courrierinternational.com/article/blog-voyages-nepal-patan-la-beaute-en-heritage-5-7_247867,0,www.courrierinternational.com,"Népal : Patan, la beauté en héritage (5/7)","Près de Katmandou, notre blogueuse voyages continue sa découverte de l’ancienne ville royale de Patan.",https://focus.courrierinternational.com/2026/07/09/893/0/1582/1054/1200/630/60/0/ff7c88f_upload-1-f8sqs5n1h1ne-3-patan-2-sophie-squillace.JPEG,2026-07-10T15:44:50Z,,"En vivant à deux pas du Durbar Square, jai la chance dêtre immergée dans cette ville vibrante, ses ruelles étroites, ses maisons de briques et ses innombrables cours, au son du martèlement des outils… [+4837 chars]",,fr,'Katmandou'
https://www.journaldugeek.com/2026/07/10/trois-decennies-recherches-navire-disparu-xviie-siecle-identifie-large-langleterre-epave-tresor-exceptionnel/,https://www.journaldugeek.com/2026/07/10/trois-decennies-recherches-navire-disparu-xviie-siecle-identifie-large-langleterre-epave-tresor-exceptionnel/,0,www.journaldugeek.com,"Après trois décennies de recherches, un navire disparu au XVIIe siècle a enfin été identifié au large de l’Angleterre. Son épave cachait un trésor exceptionnel","Voilà trente ans que ce trésor gisait dans les eaux froides de la Manche, sans que sa provenance ne soit clairement établie. C'est désormais chose faite, grâce à un travail de fourmi mené dans les archives de la Haute Cour d'amirauté britannique : ces pièces …",https://www.journaldugeek.com/app/uploads/2026/07/Vieux-bateau-1600x900.jpg,2026-07-10T16:02:59Z,http://web.archive.org/web/20260710203914/https://www.journaldugeek.com/2026/07/10/trois-decennies-recherches-navire-disparu-xviie-siecle-identifie-large-langleterre-epave-tresor-exceptionnel/,"En 1995, des plongeurs remontèrent une cargaison stupéfiante des eaux de la baie de Salcombe, sur la côte sud du Devon, en Angleterre : plus de 400 pièces d’or, mais aussi des bijoux, de la poterie, … [+4643 chars]",,fr,'Angleterre'
https://www.20minutes.fr/sport/football/4234053-20260711-direct-coupe-monde-2026-quart-norvege-angleterre-menace-orages-medias-british-panique-suivez-actu-samedi,https://www.20minutes.fr/sport/football/4234053-20260711-direct-coupe-monde-2026-quart-norvege-angleterre-menace-orages-medias-british-panique-suivez-actu-samedi,0,www.20minutes.fr,"EN DIRECT Coupe du monde 2026 : Le quart Norvège-Angleterre menacé par les orages, les médias british en panique... Suivez l’actu de samedi avec nous…","Suivez toute l’actualité de la Coupe du monde 2026 ce samedi 11 juillet, après la qualification de l’Espagne contre la Belgique (2-1), qui nous offre des retrouvailles de rêve entre l'équipe de France et la Roja, deux ans après la demie de l'Euro",https://img.20mn.fr/tjJdDhRnToSxcP27e6iqfyk/1444x920_260623-philadelphie-23-juin-2026-xinhua-un-ecran-affiche-un-avertissement-d-orage-violent-lors-du-match-du-groupe-i-entre-la-france-et-l-irak-lors-de-la-coupe-du-monde-de-la-fifa-2026-au-stade-de-philadelphie-aux-etats-unis-le-22-juin-2026-xinhua-lui-siu-wai-lv-xiaowei-chine-nouvelle-chine-nouvelle0072-credit-chine-nouvelle-sipa-2606230801,2026-07-10T21:58:56Z,http://web.archive.org/web/20260711110727/https://www.20minutes.fr/sport/football/4234053-20260711-direct-coupe-monde-2026-quart-norvege-angleterre-menace-orages-medias-british-panique-suivez-actu-samedi,"Les médias britanniques sinquiètent fort, ce samedi matin, quant à lhoraire du coup denvoi du quart de finale Norvège-Angleterre. Celui-ci est programmé à 23 heures à Miami (17 heures là-bas), mais l… [+994 chars]",,fr,'Angleterre'
https://www.20minutes.fr/planete/canicule/4234066-20260711-canicule-vigilance-rouge-etend-vers-ile-france-samedi-56-departements-alerte-orange,https://www.20minutes.fr/planete/canicule/4234066-20260711-canicule-vigilance-rouge-etend-vers-ile-france-samedi-56-departements-alerte-orange,0,www.20minutes.fr,"Canicule : La vigilance rouge s’étend vers l’Ile-de-France samedi, 56 départements en alerte orange","Canicule, vigilance rouge, incendies et perturbations des départs en vacances… La France fait face à un épisode de chaleur exceptionnel. Plus de 22 millions de personnes sont concernées",https://img.20mn.fr/Lp0t5YJkSkGHkBAUzLP6vik/1444x920_une-illustration-de-la-canicule-avec-la-chaleur-intense-provoquee-par-un-dome-de-chaleur-le-22-juin-2026-a-toulouse-dans-le-sud-de-la-france-montrant-un-thermometre-dans-une-pharmacie-indiquant-une-temperature-percue-de-39-degres-illustration-sur-la-canicule-avec-les-fortes-chaleurs-liee-a-un-dome-de-chaleur-le-22-juin-2026-a-toulouse-dans-le-sud-de-la-france-avec-le-thermometre-d-une-pharmacie-qui-indique-un-ressenti-de-39-degres-scheiber-scheiber0429-credit-fred-scheiber-sipa-2606222307,2026-07-11T00:00:31Z,http://web.archive.org/web/20260712102042/https://www.20minutes.fr/planete/canicule/4234066-20260711-canicule-vigilance-rouge-etend-vers-ile-france-samedi-56-departements-alerte-orange,"Le premier grand week-end des départs en vacances souvre sous une canicule dune intensité exceptionnelle. Selon Météo-France, 24 départements, dont ceux de la région parisienne, sont placés en vigila… [+3021 chars]",,fr,'France'
https://www.techno-science.net/fr/actualites/en-direct-une-eruption-sous-marine-donne-naissance-a-une-nouvelle-ile-29018,https://www.techno-science.net/fr/actualites/en-direct-une-eruption-sous-marine-donne-naissance-a-une-nouvelle-ile-29018,0,www.techno-science.net,️ En direct : une éruption sous-marine donne naissance à une nouvelle île,"Le 8 mai 2026, un volcan sous-marin est entré en éruption au nord de la Papouasie-Nouvelle-Guinée. Rapidement, les satellites ont détecté des panaches de vapeur et des eaux décolorées, révélant une activité intense. Ce phénomène pourrait aboutir à la formatio…",https://static.techno-science.net/illustrations/libre/2026/07/05/ile.png,2026-07-11T04:00:03Z,,"Le 8 mai 2026, un volcan sous-marin est entré en éruption au nord de la Papouasie-Nouvelle-Guinée. Rapidement, les satellites ont détecté des panaches de vapeur et des eaux décolorées, révélant une a… [+3366 chars]",,fr,'Papouasie-Nouvelle-Guinée'
https://www.lalibre.be/belgique/politique-belge/2026/07/11/la-flotte-fantome-russe-cest-plus-de-mille-navires-qui-se-comportent-comme-des-trafiquants-37CD3XHBDFAWPMZ4XECI6URLMU/,https://www.lalibre.be/belgique/politique-belge/2026/07/11/la-flotte-fantome-russe-cest-plus-de-mille-navires-qui-se-comportent-comme-des-trafiquants-37CD3XHBDFAWPMZ4XECI6URLMU/,0,www.lalibre.be,"”La flotte fantôme russe, c’est plus de mille navires qui se comportent comme des trafiquants”","L’amiral Botman, le chef de la Marine belge, affirme que les mesures de défense mises en place, telles que l’arraisonnement des bateaux, sont efficaces. De manière générale, les effets de la guerre hybride menée par la Russie sont moins visibles. ...",https://www.lalibre.be/resizer/v2/76KFD7LLEJCY7PHSBIYMZAFCOE.jpg?auth=c11ca907bbe859b4a05dc02302325ce85fd61bc841ca259e03c65079cf65ec91&width=1200&height=630&quality=85&focal=3000%2C2000,2026-07-11T05:10:55Z,http://web.archive.org/web/20260712044612/https://www.lalibre.be/belgique/politique-belge/2026/07/11/la-flotte-fantome-russe-cest-plus-de-mille-navires-qui-se-comportent-comme-des-trafiquants-37CD3XHBDFAWPMZ4XECI6URLMU/,"Quel est l'état de la menace russe au large des côtes belges et européennes ?
La guerre hybride est en cours. Le principe de cette menace hybride, c'est qu'on ne peut jamais l'attribuer avec certitu… [+4337 chars]",,fr,'Russie'
https://www.nouvelobs.com/ecologie/20260711.OBS116582/canicule-la-france-suffoque-paris-et-une-vingtaine-de-departements-voient-rouge.html,https://www.nouvelobs.com/ecologie/20260711.OBS116582/canicule-la-france-suffoque-paris-et-une-vingtaine-de-departements-voient-rouge.html,0,www.nouvelobs.com,"Canicule : la France suffoque, Paris et une vingtaine de départements voient rouge","Un total de 22,2 millions d’habitants - trois fois plus que vendredi - seront concernés par le plus haut niveau d’alerte défini par Météo France. Ce pic de chaleur coïncide avec le premier grand week-end de départs en congés.",https://focus.nouvelobs.com/2026/07/11/1848/0/5504/3669/1200/800/0/0/e67e562_upload-1-aoyccky56nl0-080-hl-cosimon-3226116.jpg,2026-07-11T08:20:36Z,,"Une pharmacie indique 38 °C à Paris, le 9 juillet 2026.  CORINNE SIMON / HANS LUCAS VIA AFP
Un week-end dans la fournaise : 24 départements, dont ceux de la région parisienne, seront ce samedi 11 ju… [+4521 chars]",,fr,'Savoie'
https://www.20minutes.fr/sport/football/4234070-20260711-argentine-colombie-derriere-genie-messi-dix-chiens-garde-prets-mourir-idole,https://www.20minutes.fr/sport/football/4234070-20260711-argentine-colombie-derriere-genie-messi-dix-chiens-garde-prets-mourir-idole,0,www.20minutes.fr,"Argentine-Colombie : Derrière le génie de Messi, dix chiens de garde « prêts à mourir » pour leur idole","S’il prend toute la lumière du haut de ses 39 ans, Messi n’est pas seul dans cette équipe d’Argentine championne du monde en titre. Peut-être même que sans ses chiens de garde, Messi n’aurait pas été aussi victorieux en sélection ces dernières années",https://img.20mn.fr/pvKFLvz3Qredkoldsj9U1ik/1444x920_leo-messi-est-entoure-de-joueurs-qui-lui-sont-tous-devoues-et-sans-lesquels-il-ne-pourrait-autant-exister,2026-07-11T09:02:37Z,http://web.archive.org/web/20260712042624/https://www.20minutes.fr/sport/football/4234070-20260711-argentine-colombie-derriere-genie-messi-dix-chiens-garde-prets-mourir-idole,"De notre envoyé spécial aux Etats-Unis,
Alors que se profile le quart de finale entre lArgentine et la Suisse, cette nuit (3 heures) du côté dAtlanta, et que Leo Messi sapprête de nouveau à porter s… [+7574 chars]",,fr,'Argentine'
https://www.courrierinternational.com/article/numerisation-un-projet-pour-rendre-indestructible-la-memoire-palestinienne_247609,https://www.courrierinternational.com/article/numerisation-un-projet-pour-rendre-indestructible-la-memoire-palestinienne_247609,0,www.courrierinternational.com,Un projet pour rendre indestructible la mémoire palestinienne,"En Cisjordanie occupée par Israël, le Palestinian Museum a entrepris de créer des archives numériques de l’histoire palestinienne. Un projet ambitieux, rendu d’autant plus urgent par les pillages et les destructions opérés par l’État hébreu depuis octobre 202…",https://focus.courrierinternational.com/2026/07/08/0/50/4918/3279/1200/630/60/0/ec9770f_upload-1-7d5jijh3aggd-000-aw0dh.jpg,2026-07-11T09:15:06Z,,"Cette bataille [menée par Israël] pour essayer deffacer la culture et la mémoire palestiniennes nest pas quelque chose de théorique, confie Amer Shomali auprès du site Wired Middle East.
Artiste de … [+1062 chars]",,fr,'Palestine'
https://www.frandroid.com/produits-android/3176105_norvege-angleterre-comment-voir-le-quart-de-finale-de-la-coupe-du-monde-2026-en-streaming,https://www.frandroid.com/produits-android/3176105_norvege-angleterre-comment-voir-le-quart-de-finale-de-la-coupe-du-monde-2026-en-streaming,0,www.frandroid.com,Norvège-Angleterre : comment voir le quart de finale de la Coupe du monde 2026 en streaming ?,"Le quart de finale Norvège-Angleterre s'annonce comme l'une des affiches les plus attendues de ce Mondial 2026. Ce samedi 11 juillet, à 23h00, voici tout ce qu'il faut savoir pour ne rater aucune seconde du match, que ce soit en clair sur M6 ou via beIN Sport…","https://c0.lestechnophiles.com/images.frandroid.com/wp-content/uploads/2026/07/norvege-angleterre.jpg?resize=1600,900&key=bd372529",2026-07-11T10:15:00Z,,"Le quart de finale Norvège-Angleterre s’annonce comme l’une des affiches les plus attendues de ce Mondial 2026. Ce samedi 11 juillet, à 23h00, voici tout ce qu’il faut savoir pour ne rater aucune sec… [+3847 chars]",,fr,'Angleterre'
https://www.huffingtonpost.fr/politique/article/tondelier-et-wauquiez-s-echarpent-encore-sur-les-trains-sans-clim-de-la-region-auvergne-rhone-alpes_286871.html,https://www.huffingtonpost.fr/politique/article/tondelier-et-wauquiez-s-echarpent-encore-sur-les-trains-sans-clim-de-la-region-auvergne-rhone-alpes_286871.html,0,www.huffingtonpost.fr,Tondelier et Wauquiez s’écharpent (encore) sur les trains sans clim de la région Auvergne-Rhône-Alpes,"Photo à l’appui, la candidate des écologistes à la présidentielle soulève de nouveau l’enjeu de la politique ferroviaire de la région longtemps dirigée par Laurent Wauquiez.",https://focus.huffingtonpost.fr/2026/07/11/213/0/5000/2812/1820/1023/75/0/65311f7_upload-1-ni60ob8kn3m6-afp-20260705-hl-acornu-3219319-v1-highres-francedemonstrationsexualviolenceglob.jpg,2026-07-11T10:26:09Z,,Cest désormais une étape quasi incontournable des saisons de canicule : la passe darmes entre Marine Tondelier et Laurent Wauquiez. La secrétaire nationale des écologistes accuse effectivement lancie… [+4202 chars],,fr,'Rhône'
https://www.huffingtonpost.fr/culture/video/pitbull-bat-officiellement-le-record-du-monde-de-cranes-chauves-au-festival-bst-hyde-park-a-londres_286904.html,https://www.huffingtonpost.fr/culture/video/pitbull-bat-officiellement-le-record-du-monde-de-cranes-chauves-au-festival-bst-hyde-park-a-londres_286904.html,0,www.huffingtonpost.fr,Pitbull bat officiellement le record du monde de crânes chauves au festival BST Hyde Park à Londres,« Mr. Worldwide » était la tête d’affiche du festival londonien. Plus de 22 000 fans portaient une perruque chauve et l’ont fait entrer dans le Livre « Guinness des records ».,https://focus.huffingtonpost.fr/2026/07/11/0/0/1920/1080/1820/1023/75/0/be7c779_upload-1-shlxe4ti5lha-pitbull-2.jpg,2026-07-11T11:19:09Z,,"La lecture de ce contenu est susceptible dentraîner un dépôt de cookies de la part de lopérateur tiers qui lhéberge. Compte-tenu des choix que vous avez exprimés en matière de dépôt de cookies, nous … [+2326 chars]",,fr,'Londres'
https://www.telerama.fr/series-tv/dix-series-qui-sentent-bon-les-vacances-d-ete-et-les-catastrophes-en-cascade-4614-7026408.php,https://www.telerama.fr/series-tv/dix-series-qui-sentent-bon-les-vacances-d-ete-et-les-catastrophes-en-cascade-4614-7026408.php,0,www.telerama.fr,Dix séries qui sentent bon les vacances d’été et les catastrophes en cascade,"Et si les séries vous emmenaient en vacances ? Direction une île que Stephen King ne renierait pas dans “Widow’s Bay”, la Thaïlande avec “The White Lotus”, Saint-Domingue avec “Esa Noche”… mais attention, la fiction n’est pas forcément de tout repos.",https://focus.telerama.fr/2025/06/30/909/1733/2978/1985/1200/800/60/0/6879668_upload-1-ihqt0cr7gxe1-road-trip-serie-tv-2025-s1-visuel-01.jpg,2026-07-11T15:46:14Z,,"Pour soutenir le travail de toute une rédaction, abonnez-vousPourquoi voyez-vous ce message ?
 Vous avez choisi de ne pas accepter le dépôt de ""cookies"" sur votre navigateur, qui permettent notammen… [+616 chars]",,fr,'Thaïlande'
https://www.franceinfo.fr/environnement/evenements-meteorologiques-extremes/vagues-de-chaleur-canicules/feux-d-artifice-du-14-juillet-bals-des-pompiers-a-paris-festivals-on-fait-le-point-sur-les-perturbations-provoquees-par-la-canicule_8104073.html,https://www.franceinfo.fr/environnement/evenements-meteorologiques-extremes/vagues-de-chaleur-canicules/feux-d-artifice-du-14-juillet-bals-des-pompiers-a-paris-festivals-on-fait-le-point-sur-les-perturbations-provoquees-par-la-canicule_8104073.html,0,www.franceinfo.fr,"Feux d'artifice du 14-Juillet, bals des pompiers à Paris, festivals… On fait le point sur les perturbations provoquées par la canicule","Vingt-quatre départements ont été placés en vigilance rouge à la canicule en France samedi. Dimanche, 13 départements viendront s'ajouter à cette liste à partir de midi, a annoncé Météo-France. Les maximales en journée seront comprises entre 38°C et 41°C.",https://www.franceinfo.fr/pictures/WEmeh29z4GEcch1YKzCc09CVZn8/0x53:1024x629/1500x843/2026/07/11/6a525ad45ab95321076048.jpg,2026-07-11T16:02:35Z,http://web.archive.org/web/20260712085357/https://www.franceinfo.fr/environnement/evenements-meteorologiques-extremes/vagues-de-chaleur-canicules/feux-d-artifice-du-14-juillet-bals-des-pompiers-a-paris-festivals-on-fait-le-point-sur-les-perturbations-provoquees-par-la-canicule_8104073.html,"La France est une fournaise : un grand quart du pays est en vigilance rouge en raison de la canicule, samedi 11 juillet. Au total, 24 départements du Centre et de l'Ouest sont concernés par le niveau… [+7207 chars]",,fr,'Isère'
https://www.franceinfo.fr/faits-divers/incendie/mort-d-un-pompier-en-intervention-en-savoie-une-ceremonie-d-hommage-aura-lieu-mercredi-a-albertville_8104358.html,https://www.franceinfo.fr/faits-divers/incendie/mort-d-un-pompier-en-intervention-en-savoie-une-ceremonie-d-hommage-aura-lieu-mercredi-a-albertville_8104358.html,0,www.franceinfo.fr,Mort d'un pompier en intervention en Savoie : une cérémonie d'hommage aura lieu mercredi à Albertville,Un sapeur-pompier volontaire de 22 ans mort mercredi 8 juillet alors qu'il luttait contre un feu de forêt au Planay en Savoie.,https://www.franceinfo.fr/pictures/dKcuBglUkrXabM1f9e4aE72tY8c/0x219:4256x2613/1500x843/2026/07/11/6a528169a65bd673188206.jpg,2026-07-11T17:46:31Z,,"Une cérémonie d'hommage au caporal Baptiste Gerfaud-Valentin, sapeur-pompier volontaire de 22 ans mort mercredi 8 juillet alors qu'il luttait contre un feu de forêt au Planay en Savoie, aura lieu mer… [+887 chars]",,fr,'Savoie'
https://www.20minutes.fr/sport/football/4234100-20260711-direct-norvege-angleterre-apres-bresil-erling-haaland-veut-faire-chuter-copains-anglais-suivez-match,https://www.20minutes.fr/sport/football/4234100-20260711-direct-norvege-angleterre-apres-bresil-erling-haaland-veut-faire-chuter-copains-anglais-suivez-match,0,www.20minutes.fr,Norvège - Angleterre : Bellingham héros des Anglais... Les Vikings sortent la tête haute... Revivez le match avec nous…,L’Angleterre reste dans la course ! Les Three Lions ont sorti la Norvège en prolongation grâce à un doublé de Jude Bellingham (2-1) et joueront les demi-finales de la Coupe du monde 2026,https://img.20mn.fr/Vx7Ur3ssSI6_Finp5UVeyyk/1444x920_l-anglais-jude-bellingham-celebre-apres-avoir-marque-le-deuxieme-but-de-son-equipe-contre-la-norvege-lors-du-match-de-quart-de-finale-de-la-coupe-du-monde-de-football-a-miami-gardens-en-floride-le-samedi-11-juillet-2026-ap-photo-lynne-sladky-wcfl133-26192838491218-2607120128,2026-07-11T19:02:36Z,,"En cliquant sur ""Accepter les cookies"", vous consentez au dépôt de cookies par 20 Minutes (contenus interactifs) et pourrez ainsi accéder à ce contenu interactif.
Vous pouvez, à tout moment, modifie… [+160 chars]",,fr,'Angleterre'
https://www.20minutes.fr/monde/israel/4234112-20260711-cisjordanie-route-bloquee-fusils-armee-accrochage-entre-colons-juifs-depute-americain,https://www.20minutes.fr/monde/israel/4234112-20260711-cisjordanie-route-bloquee-fusils-armee-accrochage-entre-colons-juifs-depute-americain,0,www.20minutes.fr,"Cisjordanie : Route bloquée, fusils, armée… Accrochage entre des colons juifs et un député américain","Route bloquée, carabines, arrivée de l’armée… Le point sur l’accrochage entre des colons et un député américain en Cisjordanie",https://img.20mn.fr/fhJhHT4iQKi9ziEo1ZENACk/1444x920_sur-cette-photo-fournie-par-cameron-kasky-des-hommes-armes-bloquent-la-route-et-arretent-des-vehicules-transportant-le-representant-americain-ro-khanna-d-calif-et-sa-delegation-pres-du-village-de-khirbet-zanuta-en-cisjordanie-le-mercredi-8-juillet-2026-cameron-kasky-via-ap-nn203-26192692142618-alternate-crop-ap-donne-acces-a-cette-photo-tierce-uniquement-pour-illustrer-des-reportages-ou-des-commentaires-sur-les-faits-representes-sur-l-image-doit-etre-utilisee-dans-les-14-jours-suivant-la-transmission-pas-d-archivage-pas-de-licence-credit-obligatoire-ap-donne-acces-a-cette-photo-tierce-uniquement-pour-illustrer-des-reportages-ou-des-commentaires-sur-les-faits-representes-sur-l-image-doit-etre-utilisee-dans-les-14-jours-suivant-la-transmission-pas-d-archivage-non-licence-credit-obligatoire-2607112128,2026-07-11T20:19:49Z,http://web.archive.org/web/20260711230243/https://www.20minutes.fr/monde/israel/4234112-20260711-cisjordanie-route-bloquee-fusils-armee-accrochage-entre-colons-juifs-depute-americain,Une visite en Cisjordanie qui tourne à lincident diplomatique. Le député démocrate des Etats-Unis Ro Khanna affirme avoir été retenu par des colons israéliens armés lors dune visite en Cisjordanie oc… [+2753 chars],,fr,'Palestine'
https://www.courrierinternational.com/article/moyen-orient-teheran-tire-sur-un-navire-et-ferme-le-detroit-d-ormuz-washington-riposte-par-des-frappes_248592,https://www.courrierinternational.com/article/moyen-orient-teheran-tire-sur-un-navire-et-ferme-le-detroit-d-ormuz-washington-riposte-par-des-frappes_248592,0,www.courrierinternational.com,"Téhéran tire sur un navire et ferme le détroit d’Ormuz, Washington riposte par des frappes","L’Iran a annoncé dimanche la fermeture “jusqu’à nouvel ordre” du passage maritime après avoir visé un bateau qui empruntait une “route non autorisée”, entraînant des représailles de Washington. Pour la presse américaine, la perspective d’une réouverture du dé…",https://focus.courrierinternational.com/2026/07/10/0/429/4642/3095/1200/630/60/0/afc85c9_ftp-1-gsmt12rxl4o7-2026-07-10t130543z-1345548046-rc25amatsfkg-rtrmadp-3-iran-crisis-shipping-un.JPG,2026-07-12T03:00:12Z,,"Cest la troisième série de frappes américaines sur lIran cette semaine, résume CNN.
Les États-Unis ont riposté samedi 11 juillet à lattaque iranienne dun navire dans le détroit dOrmuz, a annoncé le … [+3153 chars]",,fr,'Maritimes'
https://france3-regions.franceinfo.fr/auvergne-rhone-alpes/isere/grenoble/carte-feux-d-artifice-du-13-et-du-14-juillet-annules-ou-maintenus-on-fait-le-point-en-isere-savoie-et-haute-savoie-3382744.html,https://france3-regions.franceinfo.fr/auvergne-rhone-alpes/isere/grenoble/carte-feux-d-artifice-du-13-et-du-14-juillet-annules-ou-maintenus-on-fait-le-point-en-isere-savoie-et-haute-savoie-3382744.html,0,france3-regions.franceinfo.fr,"CARTE. Feux d'artifice du 13 et du 14 juillet : annulés ou maintenus, on fait le point en Isère, Savoie et Haute-Savoie","À Grenoble, Annecy, Chambéry, Thonon-les-Bains, Albertville et de nombreuses autres communes des Alpes du Nord, des festivités sont prévues ce mardi 14 juillet à l'occasion de la Fête nationale. En raison de l'épisode de canicule, les tirs de feux d'artifice …",https://france3-regions.franceinfo.fr/image/-9ldmkzgrJMWY34miij0fTRJG1Y/930x620/regions/2026/07/07/6a4cfe4e7c1f4976981105.jpg,2026-07-12T04:00:11Z,,"À Grenoble, Annecy, Chambéry, Thonon-les-Bains, Albertville et de nombreuses autres communes des Alpes du Nord, des festivités sont prévues ce mardi 14 juillet à l'occasion de la Fête nationale. En r… [+2896 chars]",,fr,'Thonon-les-Bains'
https://www.courrierinternational.com/article/football-coupe-du-monde-a-la-peine-face-a-la-norvege-l-angleterre-se-hisse-en-demi-finales-sauvee-par-bellingham_248625,https://www.courrierinternational.com/article/football-coupe-du-monde-a-la-peine-face-a-la-norvege-l-angleterre-se-hisse-en-demi-finales-sauvee-par-bellingham_248625,0,www.courrierinternational.com,"Coupe du monde : “à la peine” face à la Norvège, l’Angleterre se hisse en demi-finales, sauvée par Bellingham","Mis en difficulté une grande partie du match mais portés par leur héros Jude Bellingham, les Three Lions ont battu samedi la Norvège (2-1 après prolongation). Ils affronteront mercredi l’Argentine qui a, elle, éliminé la Suisse.",https://focus.courrierinternational.com/2026/07/12/0/0/6811/4541/1200/630/60/0/60c7969_ftp-1-djvyi8qrfbbi-afp-b9xl2zf.jpg,2026-07-12T04:05:29Z,,"Au Mexique, les Three Lions ont vécu des montagnes russes ; à Miami, samedi 11 juillet, ils ont clairement eu beaucoup de chance, résume The Times.
Alors quelle faisait pourtant figure de favorite, … [+2266 chars]",,fr,'Norvège'
https://www.huffingtonpost.fr/sport/article/norvege-angleterre-l-egalisation-de-jude-bellingham-tiendrait-a-un-cable-de-television-aucune-preuve-selon-la-fifa_287234.html,https://www.huffingtonpost.fr/sport/article/norvege-angleterre-l-egalisation-de-jude-bellingham-tiendrait-a-un-cable-de-television-aucune-preuve-selon-la-fifa_287234.html,0,www.huffingtonpost.fr,"Norvège-Angleterre : l’égalisation de Jude Bellingham tiendrait à un câble de télévision ? « Aucune preuve », selon la Fifa",Le quart de finale de la Coupe du monde arbitré par le Français Clément Turpin a connu un fait de jeu rarissime juste avant la mi-temps.,https://focus.huffingtonpost.fr/2026/07/12/144/0/2243/1261/1820/1023/75/0/b519583_upload-1-04cjoga1ucpp-afp-20260711-b9xl62u-v1-highres-fblwc2026match99noreng.jpg,2026-07-12T06:34:32Z,,"Larbitre français Clément Turpin a vécu un quart de finale de Coupe du monde mouvementé samedi 11 juillet à Miami. Lors de Norvège-Angleterre, il a été appelé deux fois par la VAR, notamment pour un … [+3514 chars]",,fr,'Angleterre'
https://www.presse-citron.net/canicule-voici-la-date-exacte-ou-la-chaleur-va-prendre-fin-en-france/,https://www.presse-citron.net/canicule-voici-la-date-exacte-ou-la-chaleur-va-prendre-fin-en-france/,0,www.presse-citron.net,Canicule : voici la date exacte où la chaleur va prendre fin en France,Voici les prévisions pour les prochains jours.,https://www.presse-citron.net/app/uploads/2023/05/meteo-chaleur-france.jpg,2026-07-12T08:21:30Z,http://web.archive.org/web/20260713140748/https://www.presse-citron.net/canicule-voici-la-date-exacte-ou-la-chaleur-va-prendre-fin-en-france/,"L’accalmie n’aura été que de courte durée. Depuis une semaine, de nombreux départements ont basculé en alerte canicule. Malheureusement, ce nouvel épisode reste en place ce week-end. Selon le site sp… [+4424 chars]",,fr,'France'
https://www.lalibre.be/sports/football/coupe-du-monde/2026/07/12/coupe-du-monde-les-diables-sont-de-retour-en-belgique-photos-HKJNBJTS7VF6NARTUMYJOJQDA4/,https://www.lalibre.be/sports/football/coupe-du-monde/2026/07/12/coupe-du-monde-les-diables-sont-de-retour-en-belgique-photos-HKJNBJTS7VF6NARTUMYJOJQDA4/,0,www.lalibre.be,Coupe du monde: les Diables sont de retour en Belgique (PHOTOS),"Les Diables rouges sont de retour en Belgique, ce dimanche matin. ...",https://www.lalibre.be/resizer/v2/HUUIAV65LRDJZERETR4OPSAL7U.jpg?auth=4e882845208444d7c83b67f14d6920ef1dc18277edea1c58a6ef79f5fd552912&width=1200&height=630&quality=85&focal=4128%2C2752,2026-07-12T08:57:15Z,http://web.archive.org/web/20260713033323/https://www.lalibre.be/sports/football/coupe-du-monde/2026/07/12/coupe-du-monde-les-diables-sont-de-retour-en-belgique-photos-HKJNBJTS7VF6NARTUMYJOJQDA4/,"Les Diables rouges ont atterri dimanche, sur le coup de 10h20, à l'aéroport de Bruxelles après leur élimination en quarts de finale de la Coupe du monde de football vendredi contre l'Espagne.
L'avio… [+781 chars]",,fr,'Belgique'
https://www.courrierinternational.com/article/vu-d-oslo-la-norvege-eliminee-par-l-angleterre-mais-fiere-de-ses-heros-inoubliables_248658,https://www.courrierinternational.com/article/vu-d-oslo-la-norvege-eliminee-par-l-angleterre-mais-fiere-de-ses-heros-inoubliables_248658,0,www.courrierinternational.com,"La Norvège éliminée par l’Angleterre, mais fière de ses “héros” inoubliables","Au lendemain de la défaite de la Norvège contre l’Angleterre (1-2) en quarts de finale de la Coupe du monde, la presse du royaume scandinave regrette certaines décisions de l’arbitre français. Mais elle encense l’équipe nationale, qui “restera dans les mémoir…",https://focus.courrierinternational.com/2026/07/11/8/0/3000/2000/1200/630/60/0/b1b8a45_ftp-1-ssbwmqlihxxl-2285693241.jpg,2026-07-12T09:02:10Z,,"Léquipe de Norvège est éliminée de la Coupe du monde mais la presse du royaume na pas fini de parler de ses héros qui ont fait rêver leurs 5,6 millions de compatriotes ces dernières semaines. On se s… [+1053 chars]",,fr,'Miami'
https://www.dhnet.be/sports/omnisports/athletisme/2026/07/12/ilona-masson-poursuit-sa-lancee-la-triple-sauteuse-gagne-a-linz-avec-la-deuxieme-performance-de-sa-carriere-ARMSTZ4GENB6RNKLWH6OOBLINE/,https://www.dhnet.be/sports/omnisports/athletisme/2026/07/12/ilona-masson-poursuit-sa-lancee-la-triple-sauteuse-gagne-a-linz-avec-la-deuxieme-performance-de-sa-carriere-ARMSTZ4GENB6RNKLWH6OOBLINE/,0,www.dhnet.be,Ilona Masson poursuit sa lancée : la triple sauteuse gagne à Linz avec la deuxième performance de sa carrière,"La sociétaire du FCHA, deuxième performeuse européenne de la saison, s'est imposée samedi dans un concours international en Autriche. Avec 14,37m, elle confirme son bel état de forme. ...",https://www.dhnet.be/resizer/v2/4BUBTHRDSRAAZJZ2SOS7VDCBVA.jpg?auth=45a9c1c2a1f73cb4405fae388db742ae791bf5c500442db0552ea3f63311398b&width=1200&height=630&quality=85&focal=3400%2C2267,2026-07-12T11:26:31Z,,"Ce jour-là, Ilona Masson s'était approchée à trois centimètres du record de Belgique détenu depuis le 31 juillet 2010 par Svetlana Bolshakova, médaillée de bronze aux championnats d'Europe de Barcelo… [+759 chars]",,fr,'Thonon-les-Bains'
https://www.franceinfo.fr/monde/iran/guerre-entre-les-etats-unis-israel-et-l-iran/attaque-d-un-porte-conteneurs-fermeture-du-detroit-d-ormuz-pays-du-golfe-cibles-ce-qu-il-faut-retenir-de-la-reprise-des-hostilites-entre-les-etats-unis-et-l-iran-cette-nuit_8104880.html,https://www.franceinfo.fr/monde/iran/guerre-entre-les-etats-unis-israel-et-l-iran/attaque-d-un-porte-conteneurs-fermeture-du-detroit-d-ormuz-pays-du-golfe-cibles-ce-qu-il-faut-retenir-de-la-reprise-des-hostilites-entre-les-etats-unis-et-l-iran-cette-nuit_8104880.html,0,www.franceinfo.fr,"Attaque d'un porte-conteneurs, fermeture du détroit d'Ormuz, pays du Golfe ciblés... Ce qu'il faut retenir de la reprise des hostilités entre les Etats-Unis et l'Iran cette nuit","Les Américains ont frappé environ 140 cibles en Iran dans la nuit de samedi à dimanche, après l'attaque d'un navire marchand dans le détroit stratégique d'Ormuz, fermé dimanche par Téhéran.",https://www.franceinfo.fr/pictures/doROr3CjWVrylr_-Q-9PYXyeJl0/0x53:1024x629/1500x843/2026/07/12/6a535d450200e926837488.jpg,2026-07-12T12:32:12Z,http://web.archive.org/web/20260713063755/https://www.franceinfo.fr/monde/iran/guerre-entre-les-etats-unis-israel-et-l-iran/attaque-d-un-porte-conteneurs-fermeture-du-detroit-d-ormuz-pays-du-golfe-cibles-ce-qu-il-faut-retenir-de-la-reprise-des-hostilites-entre-les-etats-unis-et-l-iran-cette-nuit_8104880.html,"Le protocole d'accord signé le 17 juin, censé mettre fin au conflit au Moyen-Orient, semble désormais bien loin. Le cessez-le-feu théoriquement en vigueur entre l'Iran et les Etats-Unis est une nouve… [+5006 chars]",,fr,'L'Iran'
https://www.presse-citron.net/tout-commence-par-un-pv-recu-dans-la-boite-aux-lettres-cest-quoi-cette-nouvelle-arnaque-qui-sevit-en-france/,https://www.presse-citron.net/tout-commence-par-un-pv-recu-dans-la-boite-aux-lettres-cest-quoi-cette-nouvelle-arnaque-qui-sevit-en-france/,0,www.presse-citron.net,Tout commence par un PV reçu dans la boîte aux lettres : c’est quoi cette nouvelle arnaque qui sévit en France ?,Cette escroquerie très sournoise fait un carnage en France.,https://www.presse-citron.net/app/uploads/2024/08/amende-retour-vacances-1500x900.jpg,2026-07-12T13:33:25Z,http://web.archive.org/web/20260712144148/https://www.presse-citron.net/tout-commence-par-un-pv-recu-dans-la-boite-aux-lettres-cest-quoi-cette-nouvelle-arnaque-qui-sevit-en-france/,"On connaissait déjà les faux e-mails et SMS qui nous invitent à régler un supposé retard de paiement dune fausse contravention. Daprès Auto Plus, larnaque au PV sinvite désormais dans un courrier pos… [+2586 chars]",,fr,'France'
https://www.huffingtonpost.fr/international/article/apres-le-norvege-angleterre-au-mondial-norwegian-respecte-son-pari-perdu-face-a-british-airways_287465.html,https://www.huffingtonpost.fr/international/article/apres-le-norvege-angleterre-au-mondial-norwegian-respecte-son-pari-perdu-face-a-british-airways_287465.html,0,www.huffingtonpost.fr,"Après le Norvège-Angleterre au Mondial, Norwegian respecte son pari perdu face à British Airways",La compagnie aérienne dont l’équipe était éliminée à l’issue du match Norvège-Angleterre devait afficher le logo de l’autre sur Instagram. C’est chose faite.,https://focus.huffingtonpost.fr/2026/07/12/176/0/544/306/1820/1023/75/0/1ae05d3_upload-1-1i58aucmmvgp-capture-d-ecran-2026-07-12-151221.png,2026-07-12T13:58:08Z,,À voir aussi sur Le HuffPost La lecture de ce contenu est susceptible dentraîner un dépôt de cookies de la part de lopérateur tiers qui lhéberge. Compte-tenu des choix que vous avez exprimés en matiè… [+2750 chars],,fr,'Angleterre'
https://www.franceinfo.fr/environnement/evenements-meteorologiques-extremes/vagues-de-chaleur-canicules/trois-reacteurs-nucleaires-a-l-arret-et-sept-a-puissance-reduite-en-france-en-raison-de-la-chaleur_8105432.html,https://www.franceinfo.fr/environnement/evenements-meteorologiques-extremes/vagues-de-chaleur-canicules/trois-reacteurs-nucleaires-a-l-arret-et-sept-a-puissance-reduite-en-france-en-raison-de-la-chaleur_8105432.html,0,www.franceinfo.fr,Trois réacteurs nucléaires à l'arrêt et sept à puissance réduite en France à cause de la chaleur,"Le réacteur n°3 du Tricastin (Drôme), dont la puissance avait été abaissée dans la journée de dimanche, est retourné à un fonctionnement normal en fin d'après-midi, a précisé EDF.",https://www.franceinfo.fr/pictures/NYjziAySR2_duI5-CV71RwNT3AQ/0x565:5500x3659/1500x843/2026/07/12/6a53dba976048835595702.jpg,2026-07-12T18:37:47Z,,"Trois réacteurs nucléaires, situés au bord de fleuve, sont à l'arrêt et sept autres fonctionnent à puissance réduite, en raison de la chaleur qui règne sur la France dimanche 12 juillet, a déclaré l'… [+1347 chars]",,fr,'France'
https://www.courrierinternational.com/article/reportage-au-maroc-la-soif-persiste-au-pied-des-usines-de-desalinisation_244452,https://www.courrierinternational.com/article/reportage-au-maroc-la-soif-persiste-au-pied-des-usines-de-desalinisation_244452,0,www.courrierinternational.com,"Au Maroc, la soif persiste au pied des usines de désalinisation","À Safi, ville industrielle sur la côte atlantique, l’eau reste une denrée précieuse alors même que la ville dispose de nombreuses infrastructures de désalinisation. Le site marocain d’investigation “Enass” a enquêté sur ce paradoxe, entre coupures persistante…",https://focus.courrierinternational.com/2023/06/02/27/0/4259/2839/1200/630/60/0/eb695d1_1685698994025-000-32gb624.jpg,2026-07-13T03:00:28Z,,"Début du mois de septembre 2025, nous sommes à Safi, un après-midi, sous un soleil de plomb, écrasant la ville par une chaleur lourde et immobile. La cité côtière, pourtant riche de son phosphate et … [+1084 chars]",,fr,'Maritimes'
https://www.ledauphine.com/economie/2026/07/13/alexis-descollonges-olivier-chatain-adrien-nussenbaum-les-mouvements-du-jour,https://www.ledauphine.com/economie/2026/07/13/alexis-descollonges-olivier-chatain-adrien-nussenbaum-les-mouvements-du-jour,0,www.ledauphine.com,"Nominations. Alexis Descollonges, Olivier Chatain, Adrien Nussenbaum... : les mouvements du jour",Rhône : IMT Partners renforce son équipe à Lyon avec l'arrivée d'Alexis DescollongesLe cabinet de management de transition IMT Partners poursuit son développement en Auvergne-Rhône-Alpes avec le recrutement d'Alexis Descollonges comme Associate Partner au sei…,https://cdn-s-www.ledauphine.com/images/6792BCAD-E879-4D7A-BF3E-687816AA806D/FB1200/photo-1759328609.jpg,2026-07-13T04:30:00Z,,"Avec Nomination, premier service d'informations sur les décideurs en France, de veille stratégique et de mise en relation Business-to-Business.
Le cabinet de management de transition IMT Partners po… [+753 chars]",,fr,'Lyon'
https://www.lalibre.be/economie/conjoncture/2026/07/13/les-prix-du-petrole-bondissent-apres-les-frappes-americaines-contre-liran-et-la-fermeture-du-detroit-dormuz-CYQUE3A33JFVBG4FQXS56YCXHM/,https://www.lalibre.be/economie/conjoncture/2026/07/13/les-prix-du-petrole-bondissent-apres-les-frappes-americaines-contre-liran-et-la-fermeture-du-detroit-dormuz-CYQUE3A33JFVBG4FQXS56YCXHM/,0,www.lalibre.be,Les prix du pétrole bondissent après les frappes américaines contre l'Iran et la fermeture du détroit d'Ormuz,Les tensions entre Washington et Téhéran se répercutent déjà sur les marchés financiers. ...,https://www.lalibre.be/resizer/v2/RMVH5EEKGFFVRG5R2J2ZQLKAPE.jpg?auth=162a47d5dec1a0807d34d63241644042233a45071174624ebc22f21df69cbdfd&width=1200&height=630&quality=85&focal=3120%2C2080,2026-07-13T04:51:11Z,http://web.archive.org/web/20260714013537/https://www.lalibre.be/economie/conjoncture/2026/07/13/les-prix-du-petrole-bondissent-apres-les-frappes-americaines-contre-liran-et-la-fermeture-du-detroit-dormuz-CYQUE3A33JFVBG4FQXS56YCXHM/,"La nouvelle embardée du marché reflète la reprise des tensions géopolitiques: des affrontements entre les Etats-Unis et l'Iran ont repris ces derniers jours, alors que les deux pays avaient signé le … [+4015 chars]",,fr,'Washington'
https://www.20minutes.fr/monde/ukraine/4234317-20260713-direct-guerre-ukraine-trois-morts-moscou-attaques-drones-ukrainiens,https://www.20minutes.fr/monde/ukraine/4234317-20260713-direct-guerre-ukraine-trois-morts-moscou-attaques-drones-ukrainiens,0,www.20minutes.fr,EN DIRECT Guerre en Ukraine : Trois morts à Moscou dans des attaques de drones ukrainiens...,Suivez avec nous en ce lundi 13 juillet les dernières informations concernant le conflit entre la Russie et l'Ukraine,https://img.20mn.fr/utWkVTq4QViz1tzdJX0qIyk/1444x920_des-militaires-russes-defilent-sur-la-place-rouge-lors-du-defile-militaire-du-jour-de-la-victoire-dans-le-centre-de-moscou-le-9-mai-2026-la-russie-celebre-le-81e-anniversaire-de-la-victoire-de-l-union-sovietique-sur-l-allemagne-nazie-pendant-la-seconde-guerre-mondiale-seconde-guerre-mondiale-photo-de-pavel-bednyakov-pool-afp,2026-07-13T05:32:53Z,http://web.archive.org/web/20260714045831/https://www.20minutes.fr/monde/ukraine/4234317-20260713-direct-guerre-ukraine-trois-morts-moscou-attaques-drones-ukrainiens,"Une attaque ukrainienne près de la ville russe de Stavropol (sud-ouest) a provoqué un incendie dans une zone industrielle, sans faire de victime à ce stade, a indiqué lundi le gouverneur régional.
«… [+449 chars]",,fr,'Russie'
https://www.frandroid.com/culture-tech/economie/3178027_penurie-dhelium-pourquoi-la-decision-de-la-chine-menace-de-faire-grimper-le-prix-de-la-memoire-pc,https://www.frandroid.com/culture-tech/economie/3178027_penurie-dhelium-pourquoi-la-decision-de-la-chine-menace-de-faire-grimper-le-prix-de-la-memoire-pc,0,www.frandroid.com,Pénurie d’hélium : pourquoi la décision de la Chine menace de faire grimper le prix de la mémoire PC,"Depuis le 10 juillet, plus un mètre cube d'hélium ne sort de Chine. Sans ce gaz, aucune puce ne quitte l'usine, et la note pourrait bien finir sur le prix de votre prochain PC ou smartphone.","https://c0.lestechnophiles.com/images.frandroid.com/wp-content/uploads/2026/07/image-72.jpg?resize=1600,900&key=f3935c0d",2026-07-13T06:00:00Z,,"Depuis le 10 juillet, plus un mètre cube d’hélium ne sort de Chine. Sans ce gaz, aucune puce ne quitte l’usine, et la note pourrait bien finir sur le prix de votre prochain PC ou smartphone.
Transpo… [+4483 chars]",,fr,'Chine'
https://www.sofoot.com/breves/pronostic-angleterre-argentine-analyse-cotes-et-prono-coupe-du-monde,https://www.sofoot.com/breves/pronostic-angleterre-argentine-analyse-cotes-et-prono-coupe-du-monde,0,www.sofoot.com,"Pronostic Angleterre Argentine : analyse, cotes et prono Coupe du Monde","Pronostic Angleterre Argentine : découvrez notre analyse détaillée et le pari Angleterre vainqueur pour cette demi-finale de Coupe du Monde. Statistiques, cotes, tendances.",https://sofoot.s3.eu-central-1.amazonaws.com/wp-content/uploads/2026/07/13093704/derby-1071985-1783928223.png,2026-07-13T06:38:48Z,http://web.archive.org/web/20260714024640/https://www.sofoot.com/breves/pronostic-angleterre-argentine-analyse-cotes-et-prono-coupe-du-monde,"Pronostic Angleterre Argentine : découvrez notre analyse détaillée et le pari Angleterre vainqueur pour cette demi-finale de Coupe du Monde. Statistiques, cotes, tendances.
Informations clés
<ul><l… [+6985 chars]",,fr,'Angleterre'
https://www.journaldugeek.com/2026/07/13/cybersecurite-la-france-condamnee-par-leurope-et-ce-nest-que-le-debut/,https://www.journaldugeek.com/2026/07/13/cybersecurite-la-france-condamnee-par-leurope-et-ce-nest-que-le-debut/,0,www.journaldugeek.com,"Cybersécurité : la France condamnée par l’Europe, et ce n’est que le début","Vingt mois après l'échéance, Paris n'a toujours pas transposé la directive européenne censée muscler la cybersécurité de quinze mille entités françaises. Bruxelles a fini par saisir la Cour de justice de l'Union européenne, avec à la clé des amendes qui pourr…",https://www.journaldugeek.com/app/uploads/2025/09/amende-1600x900.jpg,2026-07-13T07:29:03Z,http://web.archive.org/web/20260713092208/https://www.journaldugeek.com/2026/07/13/cybersecurite-la-france-condamnee-par-leurope-et-ce-nest-que-le-debut/,"Vingt mois de retard, quatre pays visés, et une amende qui pourrait se compter en dizaines de millions d’euros. La France vient d’être sanctionnée par l’Europe pour de graves manquements à la cybersé… [+3392 chars]",,fr,'France'
https://www.20minutes.fr/sport/football/4234178-20260713-coupe-monde-2026-espagne-angleterre-argentine-defaite-pire-avaler-bleus,https://www.20minutes.fr/sport/football/4234178-20260713-coupe-monde-2026-espagne-angleterre-argentine-defaite-pire-avaler-bleus,0,www.20minutes.fr,"Coupe du monde 2026 : Espagne, Angleterre, Argentine… Quelle défaite serait la pire à avaler pour les Bleus ?","Opposés à l’Espagne mardi en demi-finale de Coupe du monde, les Bleus espèrent être encore présents le 19 juillet pour soulever le trophée et régner en maître sur la planète foot. Mais qui veut la victoire prépare la défaite (pour mieux la repousser)",https://img.20mn.fr/uEijQB7ATxSgsXsnuFTPuik/1444x920_trois-equipes-trois-monstres-et-et-une-question-contre-qui-ne-veut-on-surtout-pas-perdre,2026-07-13T08:35:47Z,,"De notre envoyé spécial dans un monde imaginaire,
A lheure denvisager la suite et la fin de laventure des Bleus en Coupe du monde, si possible le 19 juillet à New York avec le trophée dans les mains… [+7681 chars]",,fr,'Espagne'
https://www.presse-citron.net/incendie-foret-fontainebleau-8-donnees-comprendre-ampleur-desastre-ecologique/,https://www.presse-citron.net/incendie-foret-fontainebleau-8-donnees-comprendre-ampleur-desastre-ecologique/,0,www.presse-citron.net,Incendie en forêt de Fontainebleau : 8 données pour comprendre l’ampleur du désastre écologique,"Alors que les Canadairs luttent contre un incendie historique à Fontainebleau, c’est un trésor biologique et historique irremplaçable qui brûle. Voici 8 données clés pour mesurer l'ampleur de ce désastre écologique aux portes de Paris.",https://www.presse-citron.net/app/uploads/2026/07/foret-fontainebleau-1600x900.jpg,2026-07-13T12:00:12Z,,"Ce dimanche 12 juillet, un incendie dune violence inouïe s’est déclaré dans la forêt de Fontainebleau. Attisé par des vents instables et une canicule étouffante qui maintient la Seine-et-Marne en vig… [+5507 chars]",,fr,'Paris'
https://www.courrierinternational.com/article/guerre-en-ukraine-sanctions-contre-la-russie-l-ue-peine-a-trouver-un-consensus-kiev-craint-une-version-allegee_249186,https://www.courrierinternational.com/article/guerre-en-ukraine-sanctions-contre-la-russie-l-ue-peine-a-trouver-un-consensus-kiev-craint-une-version-allegee_249186,0,www.courrierinternational.com,"Sanctions contre la Russie : l’UE peine à trouver un consensus, Kiev craint une “version allégée”","La Bulgarie a confirmé, lundi 13 juillet, avoir obtenu gain de cause sur la question du retrait du patriarche Kirill et du patron de Loukoil de la liste des personnes visées dans le 21e paquet de sanctions contre la Russie. Mais les désaccords entre les 27 ne…",https://focus.courrierinternational.com/2026/07/13/11/0/3514/2342/1200/630/60/0/786ce4e_ftp-1-ufcpcmzkapic-2026-07-13t073556z-1783699497-rc2vcmauh04a-rtrmadp-3-ukraine-crisis-eu.JPG,2026-07-13T12:19:00Z,,"Des questions en suspens, des discussions animées en coulisses et des demandes contradictoires des pays membres : lundi 13 juillet, la cheffe de la diplomatie européenne, Kaja Kallas espérait toujour… [+1083 chars]",,fr,'Russie'
https://www.20minutes.fr/societe/4234343-20260713-incendie-fontainebleau-feu-peut-atteindre-paris,https://www.20minutes.fr/societe/4234343-20260713-incendie-fontainebleau-feu-peut-atteindre-paris,0,www.20minutes.fr,Incendie à Fontainebleau : Le feu peut-il atteindre Paris ?,"Un incendie d’une vivacité inédite s’est déclaré dimanche en forêt de Fontainebleau, à 70 km au sud de Paris. La capitale pourrait-elle être touchée ?",https://img.20mn.fr/7obKA5AkQH6v9LKLBV_UfSk/1444x920_cette-photographie-prise-et-diffusee-le-12-juillet-2026-par-le-service-d-incendie-du-sdis-77-montre-un-incendie-qui-fait-rage-dans-la-foret-de-fontainebleau-l-incendie-qui-fait-rage-dans-la-foret-de-fontainebleau-dans-le-sud-de-la-region-parisienne-est-d-une-ampleur-exceptionnelle-a-indique-le-sous-prefet-de-la-zone-alors-que-deux-avions-bombardiers-d-eau-ont-ete-deployes-pour-combattre-l-incendie-une-premiere-pour-la-region-ile-de-france-a-paris-quelque-400-pompiers-sont-au-sol-pour-combattre-l-incendie-qui-peu-avant-23-heures-s-etait-etendu-sur-plus-de-300-hectares-et-etait-toujours-en-train-de-se-propager-a-ajoute-le-responsable-lors-d-un-point-de-presse-photo-de-franck-desprez-sdis-77-afp-reserve-a-un-usage-editorial-credit-obligatoire-afp-photo-sdis77-franck-desprez-depliant-pas-de-marketing-aucune-campagne-publicitaire-distribue-en-tant-que-service-aux-clients,2026-07-13T15:46:50Z,http://web.archive.org/web/20260714011845/https://www.20minutes.fr/societe/4234343-20260713-incendie-fontainebleau-feu-peut-atteindre-paris,"Lincendie dune « ampleur exceptionnelle » qui sévit depuis dimanche en forêt de Fontainebleau continue de progresser, a indiqué ce lundi le ministre de lIntérieur, Laurent Nuñez. Non seulement le feu… [+4176 chars]",,fr,'Paris'
https://www.franceinfo.fr/monde/iran/guerre-entre-les-etats-unis-israel-et-l-iran/au-moyen-orient-des-frappes-d-une-ampleur-inedite-depuis-le-debut-de-la-treve_8106302.html,https://www.franceinfo.fr/monde/iran/guerre-entre-les-etats-unis-israel-et-l-iran/au-moyen-orient-des-frappes-d-une-ampleur-inedite-depuis-le-debut-de-la-treve_8106302.html,0,www.franceinfo.fr,"Au Moyen-Orient, des frappes d'une ampleur inédite depuis le début de la trêve",Les hostilités ont bel et bien repris au Moyen-Orient. Les États-Unis ont à nouveau bombardé l'Iran dans la nuit du dimanche 12 au lundi 13 juillet. Téhéran a riposté ce matin en visant des pays de la région alliés de Washington. Des frappes d'une ampleur san…,https://www.franceinfo.fr/pictures/h9mwdThrnSApZdVBbsPpHGngtVk/0x25:1334x776/1500x843/2026/07/13/6a54f5040cae9273662577.jpg,2026-07-13T16:03:56Z,,Les hostilités ont bel et bien repris au Moyen-Orient. Les États-Unis ont à nouveau bombardé l'Iran dans la nuit du dimanche 12 au lundi 13 juillet. Téhéran a riposté ce matin en visant des pays de l… [+1920 chars],,fr,'Téhéran'
https://www.lalibre.be/international/moyen-orient/2026/07/13/plus-de-880-millions-deuros-leves-pour-reconstruire-gaza-a-linitiative-de-la-commission-europeenne-3IPKFDK5BRBILCHQJPQXHHCYEI/,https://www.lalibre.be/international/moyen-orient/2026/07/13/plus-de-880-millions-deuros-leves-pour-reconstruire-gaza-a-linitiative-de-la-commission-europeenne-3IPKFDK5BRBILCHQJPQXHHCYEI/,0,www.lalibre.be,Plus de 880 millions d’euros levés pour reconstruire Gaza à l'initiative de la Commission européenne,"La “Team Gaza Initiative”, destinée à financer la reconstruction du territoire palestinien, est soutenue par plusieurs pays, dont la Belgique. ...",https://www.lalibre.be/resizer/v2/JLE2WRELPZFC5AKGMXDUXWABR4.jpg?auth=fa06cdbe58f484280cfbed512e4a3eba9ba3d79eb46060fe54245cba4aaa3903&width=1200&height=630&quality=85&focal=4008%2C2672,2026-07-13T16:30:04Z,http://web.archive.org/web/20260713202601/https://www.lalibre.be/international/moyen-orient/2026/07/13/plus-de-880-millions-deuros-leves-pour-reconstruire-gaza-a-linitiative-de-la-commission-europeenne-3IPKFDK5BRBILCHQJPQXHHCYEI/,"Cette annonce a marqué l'ouverture de la deuxième réunion du Groupe des donateurs pour la Palestine, qui rassemble 65 délégations sous la coprésidence de la commissaire européenne à la Méditerranée, … [+2697 chars]",,fr,'Belgique'
https://www.generation-nt.com/actualites/allemagne-canon-laser-drones-2078512,https://www.generation-nt.com/actualites/allemagne-canon-laser-drones-2078512,0,www.generation-nt.com,L'Allemagne mise sur un canon laser pour foudroyer les drones,"La marine allemande a officiellement commandé un système d'arme laser à haute énergie au duo industriel Rheinmetall et MBDA. Prévue pour 2029, cette technologie a pour but de fournir une réponse décisive et peu coûteuse à la menace croissante des drones et de…",https://img.generation-nt.com/uss-preble-systeme-laser-helios_04B002A301719373.webp,2026-07-13T17:05:01Z,http://web.archive.org/web/20260713212021/https://www.generation-nt.com/actualites/allemagne-canon-laser-drones-2078512,"La guerre navale entre dans une nouvelle ère, celle du rayon lumineux. L'Allemagne, via son office d'équipement militaire (le BAAINBw), a signé un contrat de plusieurs centaines de millions d'euros a… [+3928 chars]",,fr,'Maritimes'
https://www.20minutes.fr/monde/ukraine/4234376-20260713-guerre-ukraine-europe-degaine-bouclier-contre-missiles-russes-kremlin-ironise,https://www.20minutes.fr/monde/ukraine/4234376-20260713-guerre-ukraine-europe-degaine-bouclier-contre-missiles-russes-kremlin-ironise,0,www.20minutes.fr,"Guerre en Ukraine : L’Europe dégaine son « bouclier » contre les missiles russes, Le Kremlin ironise","« 20 Minutes » fait le point pour vous tous les soirs sur le conflit en Ukraine. Ce lundi 13 juillet, la défense de l’Ukraine, et de l’Europe, contre la Russie s’est organisée à Paris",https://img.20mn.fr/7NZuwFfPQ3y_FOs_BaChbyk/1444x920_le-president-francais-emmanuel-macron-accueille-le-president-ukrainien-volodymyr-zelensky-pour-la-reunion-de-la-coalition-des-missiles-antibalistiques-integres-avant-le-sommet-de-la-coalition-des-volontaires-pour-soutenir-l-ukraine-a-l-hotel-des-invalides-a-paris-le-13-juillet-2026-la-reunion-au-sommet-de-la-coalition-des-volontaires-lancee-par-la-france-et-le-royaume-uni-pour-apporter-un-soutien-militaire-a-l-ukraine-apres-l-invasion-a-grande-echelle-par-la-russie-plaidera-en-faveur-d-un-cessez-le-feu-et-de-la-reprise-des-pourparlers-de-paix-a-indique-la-presidence-francaise-photo-de-tom-nicholson-pool-afp,2026-07-13T17:27:49Z,http://web.archive.org/web/20260714011845/https://www.20minutes.fr/monde/ukraine/4234376-20260713-guerre-ukraine-europe-degaine-bouclier-contre-missiles-russes-kremlin-ironise,"Vous avez raté les derniers événements sur la guerre en Ukraine ? 20 Minutes fait le point pour vous tous les soirs. Voici lessentiel de ce lundi 13 juillet 2026, au 1.600e jour du conflit.
Le fait … [+2869 chars]",,fr,'Ukraine'
https://www.huffingtonpost.fr/international/article/en-plein-regain-de-tension-avec-l-iran-les-etats-unis-inaugurent-ces-engins-au-combat_288191.html,https://www.huffingtonpost.fr/international/article/en-plein-regain-de-tension-avec-l-iran-les-etats-unis-inaugurent-ces-engins-au-combat_288191.html,0,www.huffingtonpost.fr,"En plein regain de tension avec l’Iran, les États-Unis inaugurent ces engins au combat","Les attaques américaines sur l’Iran ont repris, en riposte aux attaques de navires dans le détroit, attribuées à Téhéran.",https://focus.huffingtonpost.fr/2026/05/06/430/0/8256/4644/1820/1023/75/0/175e1c4_upload-1-zqzh2gcdvo5f-afp-20260504-a9r98ru-v2-highres-topshotcyprusiranusisraelwar.jpg,2026-07-13T18:52:44Z,,À voir aussi sur Le HuffPost La lecture de ce contenu est susceptible dentraîner un dépôt de cookies de la part de lopérateur tiers qui lhéberge. Compte-tenu des choix que vous avez exprimés en matiè… [+2882 chars],,fr,'Maritimes'
https://www.20minutes.fr/faits_divers/4234459-20260713-haute-savoie-homme-meurt-feu-probablement-declenche-debrouissaillant,https://www.20minutes.fr/faits_divers/4234459-20260713-haute-savoie-homme-meurt-feu-probablement-declenche-debrouissaillant,0,www.20minutes.fr,Haute-Savoie : Un homme meurt dans un feu qu’il a probablement déclenché en débroussaillant,"Un septuagénaire est mort lundi dans un feu de végétation à Sallanches, en Haute-Savoie, probablement déclenché accidentellement par sa tronçonneuse",https://img.20mn.fr/Yy0Cmam7R9-kbJh3t218_Ck/1444x920_the-paris-fire-brigade-bspp-during-a-large-scale-night-simulation-to-test-and-improve-the-effectiveness-of-its-operational-response-for-the-simultaneous-care-of-numerous-victims-in-different-districts-in-paris-april-17-2026-la-brigade-de-sapeurs-pompiers-de-paris-bspp-lors-d-une-simulation-de-nuit-de-grande-ampleur-pour-tester-et-ameliorer-l-efficacit-a-de-sa-r-a-ponse-operationnelle-pour-la-prise-en-charge-simultanee-de-nombreuse-victimes-dans-differents-arrondissement-a-paris-paris-france-17-04-2026-francolonxavier-xfrancolon-pompiers-paris063-credit-xavier-francolon-sipa-2604171007,2026-07-13T19:50:04Z,http://web.archive.org/web/20260714002137/https://www.20minutes.fr/faits_divers/4234459-20260713-haute-savoie-homme-meurt-feu-probablement-declenche-debrouissaillant,"Un feu survenu lundi sur les hauteurs de Sallanches, en Haute-Savoie, a coûté la vie à un homme de 73 ans qui débroussaillait son terrain. Son corps calciné a été découvert par les pompiers dans une … [+879 chars]",,fr,'Alpes'
https://www.franceinfo.fr/culture/c-est-du-jamais-vu-l-inquietude-du-spectacle-vivant-face-a-de-possibles-reductions-de-subventions-publiques_8106449.html,https://www.franceinfo.fr/culture/c-est-du-jamais-vu-l-inquietude-du-spectacle-vivant-face-a-de-possibles-reductions-de-subventions-publiques_8106449.html,0,www.franceinfo.fr,"""C'est du jamais vu"" : l'inquiétude du spectacle vivant face à de possibles réductions de subventions publiques",Le gouvernement a annoncé qu'il allait réduire de 10 à 12% ses subventions à 28 structures culturels en France.,https://www.franceinfo.fr/pictures/fRUwBMsU_LOGJgxLYEg03kv8n9s/0x174:3200x1974/1500x843/2026/07/13/6a55110240ee5027268883.jpg,2026-07-14T05:12:11Z,,"Cet été, les festivals célèbrent la vitalité du secteur culturel partout en France, mais le spectacle vivant se demande de quoi la rentrée sera faite. Vingt-huit structures décentralisées, centres dr… [+3302 chars]",,fr,'Auvergne'
https://france3-regions.franceinfo.fr/auvergne-rhone-alpes/haute-savoie/un-violent-incendie-se-declare-dans-un-hameau-en-haute-savoie-deux-maisons-completement-detruites-70-pompiers-engages-3386284.html,https://france3-regions.franceinfo.fr/auvergne-rhone-alpes/haute-savoie/un-violent-incendie-se-declare-dans-un-hameau-en-haute-savoie-deux-maisons-completement-detruites-70-pompiers-engages-3386284.html,0,france3-regions.franceinfo.fr,"Un violent incendie se déclare dans un hameau en Haute-Savoie : deux maisons complètement détruites, 70 pompiers engagés","Deux maisons d'habitation ont été complètement détruites par un violent incendie survenu ce lundi 13 juillet, en début de soirée, sur la commune de Dingy-Saint-Clair (Haute-Savoie). Les flammes ont pu être maîtrisées après plusieurs heures de lutte.",https://france3-regions.franceinfo.fr/image/eM0chA5zYj15tLi2Yi8AGyNrGhg/930x620/regions/2026/07/14/6a55e8fad2461268346300.jpg,2026-07-14T07:55:06Z,,"Deux maisons d'habitation ont été complètement détruites par un violent incendie survenu ce lundi 13 juillet, en début de soirée, sur la commune de Dingy-Saint-Clair (Haute-Savoie). Les flammes ont p… [+1830 chars]",,fr,'Savoie'
https://france3-regions.franceinfo.fr/auvergne-rhone-alpes/rhone/orages-un-risque-de-phenomenes-violents-et-des-grelons-de-2-cm-six-departements-d-auvergne-rhone-alpes-places-en-vigilance-orange-3386569.html,https://france3-regions.franceinfo.fr/auvergne-rhone-alpes/rhone/orages-un-risque-de-phenomenes-violents-et-des-grelons-de-2-cm-six-departements-d-auvergne-rhone-alpes-places-en-vigilance-orange-3386569.html,0,france3-regions.franceinfo.fr,"Orages : ""Un risque de phénomènes violents"" et des grêlons de 2 cm, six départements d'Auvergne-Rhône-Alpes placés en vigilance orange","Le Rhône, l'Isère, la Loire, l'Ain, la Savoie et la Haute-Savoie ont été placés en vigilance orange aux orages pour la journée du mercredi 15 juillet. Ces six départements restent également concernés par une vigilance orange canicule.",https://france3-regions.franceinfo.fr/image/GeTPJMW4HhrFNM0RE43vQaTu4TM/930x620/regions/2026/07/14/6a565eff82b17126668384.jpg,2026-07-14T16:15:30Z,http://web.archive.org/web/20260715012240/https://france3-regions.franceinfo.fr/auvergne-rhone-alpes/rhone/orages-un-risque-de-phenomenes-violents-et-des-grelons-de-2-cm-six-departements-d-auvergne-rhone-alpes-places-en-vigilance-orange-3386569.html,"Le Rhône, l'Isère, la Loire, l'Ain, la Savoie et la Haute-Savoie ont été placés en vigilance orange aux orages pour la journée du mercredi 15 juillet. Ces six départements restent également concernés… [+2070 chars]",,fr,'Savoie'
https://www.ledauphine.com/faits-divers-justice/2026/07/14/on-est-impuissants-le-maire-de-fillinges-reclame-des-moyens-apres-son-agression-par-des-gens-du-voyage,https://www.ledauphine.com/faits-divers-justice/2026/07/14/on-est-impuissants-le-maire-de-fillinges-reclame-des-moyens-apres-son-agression-par-des-gens-du-voyage,0,www.ledauphine.com,Haute-Savoie. « On est impuissants » : le maire de Fillinges réclame des moyens après son agression par des gens du voyage,"Toujours choqué par son agression lundi 13 juillet alors qu’il empêchait des caravanes de s’installer sur le stade municipal de la commune, le maire de Fillinges a porté plainte. Richard Thomassier dénonce « un climat de peur qui s’installe » chez les élus lo…",https://cdn-s-www.ledauphine.com/images/B1A278EE-8BB9-4A65-BC9E-FC124BC703E6/FB1200/photo-1784046019.jpg,2026-07-14T16:20:00Z,,"Le Dauphiné Libéré, en tant que responsable de traitement, recueille dans ce formulaire des informations qui sont enregistrées dans un fichier informatisé par son Service Relations Clients, la finali… [+854 chars]",,fr,'Savoie'
https://www.ledauphine.com/faits-divers-justice/2026/07/14/une-aide-soignante-violemment-agressee-a-l-hopital-c-est-la-fois-de-trop-j-ai-voulu-proteger-mon-service,https://www.ledauphine.com/faits-divers-justice/2026/07/14/une-aide-soignante-violemment-agressee-a-l-hopital-c-est-la-fois-de-trop-j-ai-voulu-proteger-mon-service,0,www.ledauphine.com,Savoie. Une aide-soignante violemment agressée à l’hôpital : « C’est la fois de trop ! J’ai voulu protéger mon service »,Une aide-soignante de l’hôpital d’Aix-les-Bains a été violemment agressée par une personne qui lui a donné des coups de poing au visage et des coups de pied. Ces faits s’étaient déjà produits auparavant sur d’autres agents. La prévenue a été jugée en comparut…,https://cdn-s-www.ledauphine.com/images/01E0AF4C-7783-4C38-AF2F-E92DA2DAE587/FB1200/photo-1784047133.jpg,2026-07-14T16:38:00Z,http://web.archive.org/web/20260714185408/https://www.ledauphine.com/faits-divers-justice/2026/07/14/une-aide-soignante-violemment-agressee-a-l-hopital-c-est-la-fois-de-trop-j-ai-voulu-proteger-mon-service,"Le Dauphiné Libéré, en tant que responsable de traitement, recueille dans ce formulaire des informations qui sont enregistrées dans un fichier informatisé par son Service Relations Clients, la finali… [+854 chars]",,fr,'Savoie'
https://www.20minutes.fr/planete/canicule/4234525-20260714-canicule-trois-reacteurs-nucleaires-encore-arret-france-raison-chaleur,https://www.20minutes.fr/planete/canicule/4234525-20260714-canicule-trois-reacteurs-nucleaires-encore-arret-france-raison-chaleur,0,www.20minutes.fr,Canicule : Trois réacteurs nucléaires encore à l’arrêt en France en raison de la chaleur,"Lors des très fortes chaleurs, certaines centrales nucléaires sont mises à l’arrêt afin de ne pas rejeter trop d’eau chaude dans les rivières",https://img.20mn.fr/jIZHFv5rS_eZtH2Y2Xt6GSk/1444x920_vue-de-la-centrale-nucleaire-de-golfech-dans-le-sud-ouest-de-la-france-jeudi-6-aout-2015-la-france-tire-environ-75-de-son-electricite-de-l-energie-nucleaire-grace-a-une-politique-de-longue-date-basee-sur-la-securite-energetique-photo-ap-bob-edme-nyotk-586889369169-1508081947,2026-07-14T17:48:03Z,http://web.archive.org/web/20260715031214/https://www.20minutes.fr/planete/canicule/4234525-20260714-canicule-trois-reacteurs-nucleaires-encore-arret-france-raison-chaleur,Toute la France sest mise en pause pour se préparer au France-Espagne de ce soir même les centrales nucléaires. Trois réacteurs nucléaires situés en bord de fleuve sont encore à larrêt ce mardi en Fr… [+1203 chars],,fr,'France'
https://www.presse-citron.net/meteo-de-tres-violents-orages-vont-toucher-ces-33-departements-en-france-ce-jeudi/,https://www.presse-citron.net/meteo-de-tres-violents-orages-vont-toucher-ces-33-departements-en-france-ce-jeudi/,0,www.presse-citron.net,Météo : de très violents orages vont toucher ces 33 départements en France ce jeudi,Voici les prévisions pour les prochains jours.,https://www.presse-citron.net/app/uploads/2025/08/Orage-1600x900.jpg,2026-07-14T17:53:30Z,http://web.archive.org/web/20260715000557/https://www.presse-citron.net/meteo-de-tres-violents-orages-vont-toucher-ces-33-departements-en-france-ce-jeudi/,"L’accalmie n’aura été que de courte durée. Depuis une semaine, de nombreux départements ont basculé en alerte canicule. Malheureusement, ce nouvel épisode reste encore en place, même si Météo France … [+4395 chars]",,fr,'France'
https://www.huffingtonpost.fr/sport/article/france-espagne-les-bleus-elimines-sans-gloire-en-demi-finale-de-la-coupe-du-monde_288752.html,https://www.huffingtonpost.fr/sport/article/france-espagne-les-bleus-elimines-sans-gloire-en-demi-finale-de-la-coupe-du-monde_288752.html,0,www.huffingtonpost.fr,France-Espagne : les Bleus éliminés sans gloire en demi-finale de la Coupe du monde,"Après son beau parcours dans le tournoi américain, l’équipe de France s’arrête là, impuissante face à une solide et efficace « Roja ».",https://focus.huffingtonpost.fr/2026/07/14/173/0/4569/2570/1820/1023/75/0/ace8338_upload-1-hg9l1k90eul0-afp-20260714-c27r99n-v1-highres-fblwc2026match101fraesp.jpg,2026-07-14T21:07:56Z,,"Soirée sans, au pire moment pour léquipe de France. Les Bleus, qui avaient jusque-là réalisé un très beau parcours lors de la Coupe du monde, ont été éliminés par lEspagne en demi-finale (2-0), ce ma… [+4168 chars]",,fr,'France'
https://www.franceinfo.fr/environnement/evenements-meteorologiques-extremes/vagues-de-chaleur-canicules/fin-de-l-alerte-canicule-la-vigilance-rouge-entierement-levee-a-6-heures-mercredi-pour-les-26-derniers-departements-concernes_8108045.html,https://www.franceinfo.fr/environnement/evenements-meteorologiques-extremes/vagues-de-chaleur-canicules/fin-de-l-alerte-canicule-la-vigilance-rouge-entierement-levee-a-6-heures-mercredi-pour-les-26-derniers-departements-concernes_8108045.html,0,www.franceinfo.fr,Fin de l'alerte canicule : la vigilance rouge entièrement levée à 6 heures mercredi pour les 26 derniers départements concernés,"Météo-France prévoit mercredi ""une baisse des maximales sur le nord et l'ouest du pays avec 31 à 34 degrés, d'où la sortie du niveau rouge"".",https://www.franceinfo.fr/pictures/p9KzGugjHY3jtJcJG1NNes4F9bo/0x106:1024x682/1500x843/2026/07/14/6a56aa1da0767585086200.jpg,2026-07-14T21:30:14Z,,"L'épisode de chaleur commence à perdre en intensité. L'ensemble des 26 départements en vigilance rouge canicule, mardi 14 juillet, redescendront en vigilance orange mercredi à partir de 6 heures, a a… [+1256 chars]",,fr,'France'
https://www.courrierinternational.com/article/coupe-du-monde-2026-argentine-angleterre-faut-il-vraiment-invoquer-le-souvenir-des-malouines_249319,https://www.courrierinternational.com/article/coupe-du-monde-2026-argentine-angleterre-faut-il-vraiment-invoquer-le-souvenir-des-malouines_249319,0,www.courrierinternational.com,Argentine-Angleterre : faut-il vraiment invoquer le souvenir des Malouines ?,"L’Angleterre et l’Argentine entretiennent une rivalité qui a connu son apogée lors du quart de finale de 1986, quatre ans seulement après une guerre qui les a opposées aux Malouines, appelées Falkland par les Britanniques. Désormais, journaux britanniques et …",https://focus.courrierinternational.com/2026/07/13/0/0/6463/4308/1200/630/60/0/7036049_upload-1-uxbg1rvubajz-000-b9xt7kc.jpg,2026-07-15T03:00:19Z,,"Cest lun des contentieux les plus explosifs de lhistoire du football international, annonce le quotidien britannique The Guardian. Mercredi 15 juillet à Atlanta, lAngleterre disputera un match contre… [+1078 chars]",,fr,'Angleterre'
https://france3-regions.franceinfo.fr/auvergne-rhone-alpes/haute-savoie/tour-de-france-2026-horaires-parcours-routes-barrees-tout-savoir-sur-l-etape-du-21-juillet-entre-evian-les-bains-et-thonon-les-bains-3382069.html,https://france3-regions.franceinfo.fr/auvergne-rhone-alpes/haute-savoie/tour-de-france-2026-horaires-parcours-routes-barrees-tout-savoir-sur-l-etape-du-21-juillet-entre-evian-les-bains-et-thonon-les-bains-3382069.html,0,france3-regions.franceinfo.fr,"Tour de France 2026. Horaires, parcours, routes barrées… Tout savoir sur l'étape du 21 juillet entre Évian-les-Bains et Thonon-les-Bains","La 16e étape du Tour de France 2026 se déroule entre Évian-les-Bains et Thonon-les-Bains (Haute-Savoie), mardi 21 juillet. Un contre-la-montre individuel de 26 km et 500 mètres de dénivelé positif entre deux villes thermales emblématiques du Léman.",https://france3-regions.franceinfo.fr/image/Eu2ydYXq7cxfpECOhDpPgWZDUEo/930x620/regions/2026/07/06/6a4b763a9ccfa802468827.jpg,2026-07-15T04:00:04Z,,"La 16e étape du Tour de France 2026 se déroule entre Évian-les-Bains et Thonon-les-Bains (Haute-Savoie), mardi 21 juillet. Un contre-la-montre individuel de 26 km et 500 mètres de dénivelé positif en… [+2454 chars]",,fr,'Savoie'
https://www.bfmtv.com/environnement/climat/direct-la-vigilance-rouge-canicule-levee-partout-en-france-11-departements-en-orange-pour-des-risques-d-orages-violents_LN-202607150104.html,https://www.bfmtv.com/environnement/climat/direct-la-vigilance-rouge-canicule-levee-partout-en-france-11-departements-en-orange-pour-des-risques-d-orages-violents_LN-202607150104.html,0,www.bfmtv.com,"DIRECT. La vigilance rouge canicule levée partout en France, 11 départements en orange pour des risques d'orages violents","La canicule reflue peu à peu sur l'ensemble du territoire français. Météo-France a levé ce matin à 6h00 la vigilance rouge pour toutes les régions encore concernés, tandis que 11 départements sont en alerte orange pour des risques d'orage. Un temps moins chau…",https://images.bfmtv.com/kQVgrnduxbnTTNWgLE57YqhHwoY=/455x249:2039x1140/1584x0/images/Un-eclair-frappe-une-colline-au-loin-lors-d-un-orage-pres-du-Muy-dans-le-sud-de-la-France-le-12-juin-2023-2084398.jpg,2026-07-15T04:18:54Z,http://web.archive.org/web/20260715160128/https://www.bfmtv.com/environnement/climat/direct-la-vigilance-rouge-canicule-levee-partout-en-france-11-departements-en-orange-pour-des-risques-d-orages-violents_LN-202607150104.html,"Après la canicule, les orages. Météo-France a placé 11 départements en vigilance orange pour la mi-journée. Sont concernés: le Doubs, le Jura, la Saône-et-Loire, l'Ain, le Rhône, la Loire, la Haute-S… [+301 chars]",,fr,'France'
https://basta.media/Des-legumes-aux-pieds-des-immeubles-micro-ferme-quartier-Vernes-Givors-geree-par-des-habitants-nourrit-un-quartier,https://basta.media/Des-legumes-aux-pieds-des-immeubles-micro-ferme-quartier-Vernes-Givors-geree-par-des-habitants-nourrit-un-quartier,0,basta.media,Des légumes aux pieds des immeubles : une micro-ferme gérée par des habitants nourrit un quartier,"C'est en pied d'immeuble qu'est expérimentée une micro-ferme maraîchère dans le quartier des Vernes à Givors (Rhône). Des habitants la gèrent et vendent la production sur place. Un article du journal L'âge de faire, qui rend visible les alternatives.

-
Alter…",https://basta.media/local/cache-gd2/87/bd385b2492e75a00367e187f648190.jpg,2026-07-15T05:00:00Z,,Les fraises et les épinards nont pas attendu le calendrier officiel  : « On a dû commencer les ventes plus tôt que prévu.  » Hélène Lucius et les autres ont monté leur stand dès mi-mai sur la place. … [+4273 chars],,fr,'Rhône'
https://www.mediapart.fr/journal/international/150726/jo-2030-l-embarrassante-station-de-ski-aux-etats-unis-de-renaud-muselier,https://www.mediapart.fr/journal/international/150726/jo-2030-l-embarrassante-station-de-ski-aux-etats-unis-de-renaud-muselier,0,www.mediapart.fr,JO 2030: l’embarrassante station de ski aux États-Unis de Renaud Muselier,"À l’initiative des JO d’hiver 2030 dans les Alpes, le président de la région Paca a discrètement investi dans une station de l’Utah, où doivent se tenir les JO d’hiver en 2034. Les contours d’un conflit d’intérêts majeur se dessinent pour le membre du bureau …",https://static.mediapart.fr/etmagine/og/journal/files/2026/07/10/260710-img-jo-2030-l-embarrassante-station-de-ski-de-renaud-muselier-aux-usa-03.jpg,2026-07-15T05:06:35Z,http://web.archive.org/web/20260716080519/https://www.mediapart.fr/journal/international/150726/jo-2030-l-embarrassante-station-de-ski-aux-etats-unis-de-renaud-muselier,"Les cookies et technologies similaires que nous utilisons sur Mediapart sont de différentes natures et nous permettent de poursuivre différentes finalités. 
Certains sont nécessaires au fonctionneme… [+3291 chars]",,fr,'Alpes'
https://www.franceinfo.fr/environnement/evenements-meteorologiques-extremes/vagues-de-chaleur-canicules/la-vigilance-rouge-canicule-est-levee-mais-69-departements-restent-en-vigilance-orange-et-11-sont-concernes-par-un-risque-d-orages_8108324.html,https://www.franceinfo.fr/environnement/evenements-meteorologiques-extremes/vagues-de-chaleur-canicules/la-vigilance-rouge-canicule-est-levee-mais-69-departements-restent-en-vigilance-orange-et-11-sont-concernes-par-un-risque-d-orages_8108324.html,0,www.franceinfo.fr,"La vigilance rouge canicule est levée, mais 69 départements restent en vigilance orange et 11 sont concernés par un risque d'orages","Une dégradation orageuse doit traverser progressivement la France jusqu'à vendredi, prévient Météo-France.",https://www.franceinfo.fr/pictures/x3ZPDrFWgBui47Bde-_7_Y-LXcc/0x0:5314x2989/1500x843/2026/07/15/6a57145ce8555621557132.jpg,2026-07-15T05:15:06Z,,"Après le coup de chaud, le coup de tonnerre. Si la vigilance rouge canicule disparaît de la carte de France ce mercredi 15 juillet, les fortes chaleurs sont loin d'avoir totalement quitté l'Hexagone.… [+1969 chars]",,fr,'Savoie'
https://www.20minutes.fr/planete/canicule/4234554-20260715-direct-canicule-incendies-france-encore-chaud-va-enfin-respirer-orages-menacent,https://www.20minutes.fr/planete/canicule/4234554-20260715-direct-canicule-incendies-france-encore-chaud-va-enfin-respirer-orages-menacent,0,www.20minutes.fr,"EN DIRECT Canicule et incendies : La France a encore chaud mais va enfin respirer, les orages menacent...",Suivez avec nous en ce mercredi 15 juillet les dernières informations concernant la vague de chaleur qui sévit en France et les incendies qui la frappent,https://img.20mn.fr/BF-_G0x6QVaWN0OnZN2W1ik/1444x920_de-la-fumee-s-eleve-alors-que-des-feux-de-foret-ravagent-la-foret-historique-de-fontainebleau-a-environ-60-km-37-miles-au-sud-de-paris-en-france-le-lundi-13-juillet-2026-les-pompiers-combattent-l-incendie-dans-l-une-des-zones-forestieres-les-plus-renommees-de-france-celebre-pour-ses-forets-anciennes-ses-formations-de-gres-distinctives-et-sa-biodiversite-exceptionnelle-alors-que-les-autorites-s-efforcent-de-contenir-l-incendie-qui-se-propage-rapidement-benleulmieliasneil-sipa-12669-credit-elias-neil-benleulmi-sipa-2607140610,2026-07-15T05:24:54Z,http://web.archive.org/web/20260716025244/https://www.20minutes.fr/planete/canicule/4234554-20260715-direct-canicule-incendies-france-encore-chaud-va-enfin-respirer-orages-menacent,"Une vague de chaleur record qui écrase depuis ce week-end louest des Etats-Unis sétend mardi vers la côte est et le Canada, plus de 100 millions de personnes étant placées sous alerte canicule.
Cett… [+533 chars]",,fr,'France'
https://www.20minutes.fr/societe/4234564-20260715-canicule-chaleur-estompe-tous-departements-sortent-zone-rouge,https://www.20minutes.fr/societe/4234564-20260715-canicule-chaleur-estompe-tous-departements-sortent-zone-rouge,0,www.20minutes.fr,"Canicule : La chaleur s’estompe, tous les départements sortent de la zone rouge","Météo-France lève la vigilance rouge canicule ce mercredi, rétrogradant les 26 départements concernés en alerte orange grâce à l’arrivée d’orages par l’ouest",https://img.20mn.fr/tcioj0kRSoSAOBu1iKnugSk/1444x920_ipa86655018-milan-13-juillet-2026-troisieme-vague-de-chaleur-a-milan-les-gens-se-rafraichissent-dans-des-fontaines-a-l-aide-de-ventilateurs-portatifs-et-les-personnes-agees-recherchent-de-l-ombre-ipa-agency-net-ip-apressitaly-86655018-credit-duilio-piaggesi-ipa-sipa-2607131727,2026-07-15T05:34:32Z,http://web.archive.org/web/20260716045557/https://www.20minutes.fr/societe/4234564-20260715-canicule-chaleur-estompe-tous-departements-sortent-zone-rouge,"Lépisode de chaleur extrême commence à perdre du terrain. La France ne comptera plus de départements en vigilance rouge canicule à compter de ce mercredi a annoncé Météo-France, en raison du recul de… [+1895 chars]",,fr,'France'
https://www.20minutes.fr/sport/football/4234558-20260715-france-espagne-vibre-si-pire-naufrage-avoir-emotions,https://www.20minutes.fr/sport/football/4234558-20260715-france-espagne-vibre-si-pire-naufrage-avoir-emotions,0,www.20minutes.fr,"France - Espagne : « On n’a pas vibré »… Et si le pire, dans ce naufrage, était de ne pas avoir eu d’émotions ?","Dans un match à sens unique, l’Espagne a battu la France (2-0), mardi à Dallas, et s’est qualifiée pour la finale de la Coupe du monde",https://img.20mn.fr/vzJOonZKR9-lVG4HAyxjgSk/1444x920_14-juillet-2026-arlington-texas-etats-unis-kylian-mbappe-joueur-de-la-france-lors-de-la-demi-finale-de-la-coupe-du-monde-de-la-fifa-entre-la-france-et-l-espagne-au-stade-de-dallas-au-texas-aux-etats-unis-le-mardi-14-juillet-2026-image-de-credit-william-volcov-zuma-press-wire-20260714-aap-v122-005-zeus-2607150231,2026-07-15T06:02:37Z,http://web.archive.org/web/20260716074100/https://www.20minutes.fr/sport/football/4234558-20260715-france-espagne-vibre-si-pire-naufrage-avoir-emotions,"De notre envoyé spécial à Dallas, au pays des illusions perdues,
Ce nest pas forcément la coutume en veille de match, mais il aurait peut-être fallu donner quartier libre à joueurs de léquipe de Fra… [+4830 chars]",,fr,'Boston'
https://www.20minutes.fr/monde/ukraine/4234566-20260715-direct-guerre-ukraine-trois-morts-attaques-russes-navires-sud-mer-noire,https://www.20minutes.fr/monde/ukraine/4234566-20260715-direct-guerre-ukraine-trois-morts-attaques-russes-navires-sud-mer-noire,0,www.20minutes.fr,EN DIRECT Guerre en Ukraine : Trois morts dans des attaques russes sur des navires dans le sud et en mer Noire...,Suivez avec nous en ce mercredi 15 juillet les dernières informations concernant le conflit entre la Russie et l'Ukraine,https://img.20mn.fr/lqxorBteThGoYDbu09fHeik/1444x920_un-membre-d-equipage-d-un-patrouilleur-de-la-marine-ukrainienne-se-tient-devant-une-mitrailleuse-lors-d-une-mission-de-patrouille-dans-les-eaux-de-la-mer-noire-en-ukraine-le-7-mars-2026-photo-de-nina-liashonok-ukr-inform-nur-photo-ca-ne-sert-a-rien-de-la-russie-inutile-la-bielorussie-photo-de-nina-liashonok-nur-photo-via-afp,2026-07-15T06:05:18Z,http://web.archive.org/web/20260716123739/https://www.20minutes.fr/monde/ukraine/4234566-20260715-direct-guerre-ukraine-trois-morts-attaques-russes-navires-sud-mer-noire,"Une attaque russe a tué trois personnes à Odessa, dans le sud de l'Ukraine, a annoncé le chef de l'administration militaire locale mercredi matin, Moscou revendiquant des frappes contre des ports du … [+388 chars]",,fr,'Russie'
https://www.franceinfo.fr/monde/iran/guerre-entre-les-etats-unis-israel-et-l-iran/guerre-au-moyen-orient-l-iran-affirme-que-le-detroit-d-ormuz-restera-ferme-jusqu-a-la-fin-des-actes-d-agression-americains_8108381.html,https://www.franceinfo.fr/monde/iran/guerre-entre-les-etats-unis-israel-et-l-iran/guerre-au-moyen-orient-l-iran-affirme-que-le-detroit-d-ormuz-restera-ferme-jusqu-a-la-fin-des-actes-d-agression-americains_8108381.html,0,www.franceinfo.fr,"Guerre au Moyen-Orient : l'Iran affirme que le détroit d'Ormuz restera fermé jusqu'à la fin des ""actes d'agression"" américains","Cette nouvelle escalade intervient après de nouvelles frappes américaines contre des sites iraniens. En représailles, Téhéran revendique des attaques contre plusieurs installations utilisées par l'armée américaine dans la région.",https://www.franceinfo.fr/pictures/3o07LpUKWWfYzhZNz4Ca586yCo8/0x691:7514x4918/1500x843/2026/07/15/6a57227d3c06e248764773.jpg,2026-07-15T06:07:52Z,http://web.archive.org/web/20260716084015/https://www.franceinfo.fr/monde/iran/guerre-entre-les-etats-unis-israel-et-l-iran/guerre-au-moyen-orient-l-iran-affirme-que-le-detroit-d-ormuz-restera-ferme-jusqu-a-la-fin-des-actes-d-agression-americains_8108381.html,"Le bras de fer entre Washington et Téhéran franchit un nouveau cap. Au lendemain de nouvelles frappes américaines contre des sites iraniens, les gardiens de la révolution ont annoncé, mercredi 15 jui… [+1573 chars]",,fr,'L'Iran'
https://www.lesnumeriques.com/evenement-sportif/coupe-du-monde-2026-programme-et-horaires-des-matchs-du-mercredi-15-juillet-n259232.html,https://www.lesnumeriques.com/evenement-sportif/coupe-du-monde-2026-programme-et-horaires-des-matchs-du-mercredi-15-juillet-n259232.html,0,www.lesnumeriques.com,Actualité : Coupe du monde 2026 : programme et horaires des matchs du mercredi 15 juillet,"Place à la deuxième demi-finale de la Coupe du monde de football ce mercredi ! Après France-Espagne hier, c'est au tour de l'Angleterre et de l'Argentine de s'affronter. Découvrez le programme complet de la journée, les horaires et les chaînes de diffusion.",https://cdn.lesnumeriques.com/optim/news/25/259232/22d2ec7d-coupe-du-monde-2026-programme-et-horaires-des-matchs-du-mercredi-15-juillet_png__1200_678__0-118-1999-1167.jpg,2026-07-15T06:15:00Z,,"Les chocs du dernier carré de ce Mondial américain continue de plus belle ce mercredi, avec la rencontre très attendue opposant l'Angleterre de Harry Kane à l'Argentine de Lionel Messi.
Comme c'est … [+2958 chars]",,fr,'Angleterre'
https://www.lavenir.net/sports/athletisme/2026/07/15/pourquoi-le-meeting-de-la-province-de-liege-promet-une-grande-soiree-nafi-thiam-records-et-tetes-daffiche-L4MS6L4OOZFUZNS745YWRJHSLI/,https://www.lavenir.net/sports/athletisme/2026/07/15/pourquoi-le-meeting-de-la-province-de-liege-promet-une-grande-soiree-nafi-thiam-records-et-tetes-daffiche-L4MS6L4OOZFUZNS745YWRJHSLI/,0,www.lavenir.net,"Pourquoi le Meeting de la Province de Liège promet une grande soirée : Nafi Thiam, records et têtes d'affiche",La Naimette Arena accueille ce mercredi 15 juillet l’un des événements les plus attendus de l’année par les amateurs d’athlétisme en Belgique. ...,https://www.lavenir.net/resizer/v2/V6QOCQ5A7VAWXGQLLHBZLB5PPE.jpg?auth=d802fd0a362703aef354686e21aae3743fc60813294eda560527cf1f40bbee26&width=1200&height=630&quality=85&focal=2969%2C1979,2026-07-15T07:00:00Z,,"Si son résultat sera évidemment scruté dans l'optique des championnats d'Europe de Birmingham, Nafi Thiam se réjouit de retrouver ""son"" public dans l'enceinte où elle s'entraîne une partie de l'année… [+2005 chars]",,fr,'Belgique'
https://www.20minutes.fr/sport/football/4234560-20260715-france-espagne-superieurs-mange-tactiquement-roja-didier-deschamps-rate-sortie,https://www.20minutes.fr/sport/football/4234560-20260715-france-espagne-superieurs-mange-tactiquement-roja-didier-deschamps-rate-sortie,0,www.20minutes.fr,"France - Espagne : « Ils ont été supérieurs »… Mangé tactiquement par la Roja, Didier Deschamps a-t-il raté sa sortie ?","Pour son avant-dernier match à la tête des Bleus, Didier Deschamps a été une nouvelle fois dominé par l’Espagne, mardi, en demi-finale de la Coupe du monde",https://img.20mn.fr/wnKc3MlFSrCQquDx8l48Mik/1444x920_credit-obligatoire-photo-d-ismael-adnan-shutterstock-16991340dn-le-francais-didier-deschamps-est-frustre-sur-la-touche-france-espagne-coupe-du-monde-de-la-fifa-2026-demi-finale-football-stade-de-dallas-arlington-texas-etats-unis-14-juillet-2026-shutterstock-editorial-francev-spain-16991340dn-2607142254,2026-07-15T07:02:36Z,http://web.archive.org/web/20260716072159/https://www.20minutes.fr/sport/football/4234560-20260715-france-espagne-superieurs-mange-tactiquement-roja-didier-deschamps-rate-sortie,"De notre envoyé spécial à Dallas, son univers impitoyable
Commençons par une confession. Sur lautoroute 5x5 voies qui nous menait à lAT &amp; T Stadium dans la banlieue de Dallas pour assister à la … [+6624 chars]",,fr,'Sénégal'
https://www.dhnet.be/sports/omnisports/athletisme/2026/07/15/nafi-thiam-en-star-tentatives-de-record-les-noms-a-suivre-quattendre-du-meeting-international-de-la-province-de-liege-DLEECTOLAJCYJN5DINAGFVFPN4/,https://www.dhnet.be/sports/omnisports/athletisme/2026/07/15/nafi-thiam-en-star-tentatives-de-record-les-noms-a-suivre-quattendre-du-meeting-international-de-la-province-de-liege-DLEECTOLAJCYJN5DINAGFVFPN4/,0,www.dhnet.be,"Nafi Thiam en star, tentatives de record, les noms à suivre : qu’attendre du Meeting international de la Province de Liège ?",La Naimette Arena accueille ce mercredi 15 juillet l’un des événements les plus attendus de l’année par les amateurs d’athlétisme en Belgique. ...,https://www.dhnet.be/resizer/v2/V6QOCQ5A7VAWXGQLLHBZLB5PPE.jpg?auth=d802fd0a362703aef354686e21aae3743fc60813294eda560527cf1f40bbee26&width=1200&height=630&quality=85&focal=2969%2C1979,2026-07-15T07:38:02Z,,"Si son résultat sera évidemment scruté dans l'optique des championnats d'Europe de Birmingham, Nafi Thiam se réjouit de retrouver ""son"" public dans l'enceinte où elle s'entraîne une partie de l'année… [+1975 chars]",,fr,'Thonon-les-Bains'
https://www.prnewswire.com/news-releases/unseenlabs-lance-sa-deuxieme-generation-de-satellites-de-detection-des-signaux-radiofrequence-dediee-a-la-surveillance-multi-domaines-302826192.html,https://www.prnewswire.com/news-releases/unseenlabs-lance-sa-deuxieme-generation-de-satellites-de-detection-des-signaux-radiofrequence-dediee-a-la-surveillance-multi-domaines-302826192.html,0,www.prnewswire.com,"Unseenlabs lance sa deuxième génération de satellites de détection des signaux radiofréquence, dédiée à la surveillance multi-domaines","RENNES, France, 15 juillet 2026 /PRNewswire/ -- Unseenlabs annonce le déploiement de sa nouvelle génération de satellites (Gen 2), en étendant ses capacités de détection des signaux radiofréquence (RF) depuis l'espace, jusqu'ici dédiées à la surveillance mari…",https://mmx.prnewswire.com/media/MS1869476/LOGO-UNSEENLABS.jpg?id=OA2753227&p=facebook,2026-07-15T07:56:00Z,http://web.archive.org/web/20260716075848/https://www.prnewswire.com/news-releases/unseenlabs-lance-sa-deuxieme-generation-de-satellites-de-detection-des-signaux-radiofrequence-dediee-a-la-surveillance-multi-domaines-302826192.html,"RENNES, France, 15 juillet 2026 /PRNewswire/ -- Unseenlabs annonce le déploiement de sa nouvelle génération de satellites (Gen 2), en étendant ses capacités de détection des signaux radiofréquence (R… [+2863 chars]",,fr,'Maritimes'
https://www.journaldugeek.com/2026/07/15/la-russie-prete-a-faire-exploser-une-bombe-nucleaire-dans-lespace/,https://www.journaldugeek.com/2026/07/15/la-russie-prete-a-faire-exploser-une-bombe-nucleaire-dans-lespace/,0,www.journaldugeek.com,La Russie prête à faire exploser une bombe nucléaire dans l’espace ?,"Un satellite russe tourne en silence sur l'orbite la plus radioactive de la Terre, là où personne ne va jamais. Les scientifiques du MIT ont une théorie sur ce qu'il transporte, et elle fait froid dans le dos.",https://www.journaldugeek.com/app/uploads/2026/07/ChatGPT-Image-13-juil.-2026-17_46_00-1536x900.jpg,2026-07-15T08:03:30Z,,"Un satellite russe tourne autour de la Terre sur une orbite que personne n’emprunte, dans une zone si radioactive qu’elle n’a aucun intérêt scientifique. Sauf un, glaçant : c’est l’endroit idéal pour… [+3712 chars]",,fr,'Russie'
https://www.lejournaldesentreprises.com/article/ntn-europe-investit-40-millions-deuros-dans-son-nouveau-siege-annecy-2146595,https://www.lejournaldesentreprises.com/article/ntn-europe-investit-40-millions-deuros-dans-son-nouveau-siege-annecy-2146595,0,www.lejournaldesentreprises.com,NTN Europe investit 40 millions d’euros dans son nouveau siège à Annecy,"Le fabricant de roulements, filiale du japonais NTN Corporation, a inauguré un nouveau siège de 10 000 m² sur son site historique d’Annecy. Le bâtiment réunit les fonctions stratégiques et le centre de R & D de l’entreprise dans un environnement conçu pour so…",https://www.lejournaldesentreprises.com/sites/lejournaldesentreprises.com/files/styles/landscape_web_lg_2x/public/2026-07/Le-nouveau-btiment-de-NTN-stend-sur-plus-de-1652140.jpeg?h=683fde97&itok=QopEsHi1,2026-07-15T08:15:00Z,,"110 ans après son implantation à Annecy, NTN Europe franchit une nouvelle étape. Le fabricant de roulements et de composants mécaniques de haute précision pour les marchés de l'industrie, de l'automo… [+3439 chars]",,fr,'Savoie'
https://www.huffingtonpost.fr/medias/article/la-defaite-de-la-france-face-a-l-espagne-aura-au-moins-permis-a-m6-de-signer-une-audience-record_288950.html,https://www.huffingtonpost.fr/medias/article/la-defaite-de-la-france-face-a-l-espagne-aura-au-moins-permis-a-m6-de-signer-une-audience-record_288950.html,0,www.huffingtonpost.fr,La défaite de la France face à l’Espagne aura au moins permis à M6 de signer une audience record,"Après le précédent record annuel glané par M6 le 9 juillet avec l’affiche France-Maroc, le match entre la France de Kylian Mbappé et l’Espagne de Lamine Yamal a encore fait mieux.",https://focus.huffingtonpost.fr/2026/07/15/0/0/7008/3942/1820/1023/75/0/7d3bc76_upload-1-ei08ke24d21h-afp-20260714-aa-15072026-2883413-v1-highres-hundredswatchfrancespainsemifinalin.jpg,2026-07-15T08:21:14Z,,"EN BREFM6 signe une audience record avec le match France-Espagne, malgré lélimination des Bleus de Kylian Mbappé en demi-finale de la Coupe du monde 2026 (2-0). Le match a réuni 20,2 millions de télé… [+2595 chars]",,fr,'Miami'
https://www.lejournaldesentreprises.com/breve/delphine-joly-nommee-directrice-de-la-dreets-grand-est-2146604,https://www.lejournaldesentreprises.com/breve/delphine-joly-nommee-directrice-de-la-dreets-grand-est-2146604,0,www.lejournaldesentreprises.com,Delphine Joly nommée directrice de la DREETS Grand Est,"Ancienne directrice générale des services de la Région Auvergne-Rhône-Alpes, Delphine Joly prend la direction de la DREETS Grand Est (Direction régionale de l'économie, de l'emploi, du travail et des solidarités).",https://www.lejournaldesentreprises.com/sites/lejournaldesentreprises.com/files/styles/landscape_web_lg_2x/public/2026-07/Delphine-Joly-est-dsormais-directrice-de-la-DREE-63190.jpeg?h=4a7d1ed4&itok=fpaJVdAV,2026-07-15T09:16:06Z,,"Delphine Joly est désormais directrice de la DREETS Grand Est , depuis le 1er juin 2026
 — Photo : DR
Ancienne directrice générale des services de la Région Auvergne-Rhône-Alpes, Delphine Joly pren… [+616 chars]",,fr,'Alpes'
https://www.lejournaldesentreprises.com/breve/huttopia-renforce-son-ancrage-au-lac-daiguebelette-2146606,https://www.lejournaldesentreprises.com/breve/huttopia-renforce-son-ancrage-au-lac-daiguebelette-2146606,0,www.lejournaldesentreprises.com,Huttopia renforce son ancrage au lac d’Aiguebelette,Le groupe Huttopia (44 M€ de CA en 2025 ; 2 000 salariés en haute saison) poursuit son développement en Savoie avec l’inauguration de deux nouveaux,https://www.lejournaldesentreprises.com/sites/lejournaldesentreprises.com/files/styles/landscape_web_lg_2x/public/2026-07/Huttopia-renforce-son-offre-autour-du-lac-dAigu-650259.jpeg?h=5a73cf65&itok=uaHbGah_,2026-07-15T09:22:40Z,,"Huttopia renforce son offre autour du lac dAiguebelette, avec 2 nouveaux établissements à Lépin-le-Lac
 — Photo : Delphine Sauzay
Le groupe Huttopia (44 M de CA en 2025 ; 2 000 salariés en haute sa… [+875 chars]",,fr,'Savoie'
https://www.frandroid.com/produits-android/3180659_angleterre-argentine-a-quelle-heure-et-sur-quelle-chaine-voir-la-demi-finale-du-mondial-2026,https://www.frandroid.com/produits-android/3180659_angleterre-argentine-a-quelle-heure-et-sur-quelle-chaine-voir-la-demi-finale-du-mondial-2026,0,www.frandroid.com,Angleterre-Argentine : à quelle heure et sur quelle chaîne voir la demi-finale du Mondial 2026 ?,"La Coupe du monde 2026 entre dans sa dernière ligne droite avec une demi-finale de prestige : Angleterre-Argentine, mercredi 15 juillet à 21h00 (heure française). Le match est diffusé en clair sur M6, et sur beIN Sports 1 pour les abonnés.","https://c0.lestechnophiles.com/images.frandroid.com/wp-content/uploads/2026/07/angleterre-argentine.jpg?resize=1600,900&key=b4e37266",2026-07-15T10:30:00Z,,"La Coupe du monde 2026 entre dans sa dernière ligne droite avec une demi-finale de prestige : Angleterre-Argentine, mercredi 15 juillet à 21h00 (heure française). Le match est diffusé en clair sur M6… [+3773 chars]",,fr,'Argentine'
https://www.presse-citron.net/coupe-du-monde-la-diffusion-du-match-argentine-angleterre-sera-interrompue-en-direct-ce-soir/,https://www.presse-citron.net/coupe-du-monde-la-diffusion-du-match-argentine-angleterre-sera-interrompue-en-direct-ce-soir/,0,www.presse-citron.net,Coupe du Monde : la diffusion du match Argentine-Angleterre sera interrompue en direct ce soir,Une grosse menace pour tous les utilisateurs de services pirates.,https://www.presse-citron.net/app/uploads/2026/06/Linoel-Messi-Coupe-du-Monde-1-1600x900.jpg,2026-07-15T10:54:06Z,,"Comme promis, la nouvelle arme redoutable contre lIPTV se déploie en France à loccasion de la Coupe du monde. Si vous nen avez pas encore entendu parler, sachez quil sagit du blocage en temps réel de… [+2822 chars]",,fr,'Angleterre'
https://france3-regions.franceinfo.fr/auvergne-rhone-alpes/savoie/villages-isoles-en-savoie-la-route-rouvre-a-la-circulation-500-vehicules-ont-quitte-pralognan-la-vanoise-3386857.html,https://france3-regions.franceinfo.fr/auvergne-rhone-alpes/savoie/villages-isoles-en-savoie-la-route-rouvre-a-la-circulation-500-vehicules-ont-quitte-pralognan-la-vanoise-3386857.html,0,france3-regions.franceinfo.fr,"Villages isolés en Savoie : la route rouvre à la circulation, 500 véhicules ont quitté Pralognan-la-Vanoise","La route départementale RD915, desservant les villages montagnards du Planay et de Pralognan-la-Valoise (Savoie), a rouvert dans la matinée du mercredi 15 juillet. L’axe était fermé à la circulation depuis le 7 juillet dernier en raison d’un important feu de …",https://france3-regions.franceinfo.fr/image/MnuQ8WtYPBH-srzBhN3ds9SXE1E/930x620/regions/2026/07/15/6a576949a9451028422083.jpg,2026-07-15T11:09:41Z,,"La route départementale RD915, desservant les villages montagnards du Planay et de Pralognan-la-Valoise (Savoie), a rouvert dans la matinée du mercredi 15 juillet. Laxe était fermé à la circulation d… [+2368 chars]",,fr,'Savoie'
https://www.lexpress.fr/monde/angleterre-argentine-quand-la-guerre-des-malouines-sinvite-sur-le-terrain-de-foot-AJVQ2BPRN5GVFMTYPMPEU76PX4/,https://www.lexpress.fr/monde/angleterre-argentine-quand-la-guerre-des-malouines-sinvite-sur-le-terrain-de-foot-AJVQ2BPRN5GVFMTYPMPEU76PX4/,0,www.lexpress.fr,Angleterre-Argentine : quand la guerre des Malouines s'invite sur le terrain de foot,"Ce mercredi soir, l'Albiceleste rencontrera l'équipe aux trois lions à Atlanta pour une place en finale. Un match qui risque d'alimenter des tensions vieilles de plus de 40 ans, sur fond de dispute territoriale.",https://www.lexpress.fr/resizer/v2/WAL73BOUAVA25D54BQXPJVQQQA.JPG?auth=a5561f7a5e7bf334eb4c8ae3fcc654dc09e7741d5b319e9df839f87e95e82d6a&width=1200&height=630&quality=85&focal=3284%2C1907,2026-07-15T11:42:38Z,http://web.archive.org/web/20260715144830/https://www.lexpress.fr/monde/angleterre-argentine-quand-la-guerre-des-malouines-sinvite-sur-le-terrain-de-foot-AJVQ2BPRN5GVFMTYPMPEU76PX4/,"Le match entre l'Angleterre et l'Argentine qui se disputera ce mercredi 15 juillet, à 21 heures à Atlanta, s'annonce sous haute tension. Et pas seulement parce que l'enjeu est de rejoindre en finale … [+3590 chars]",,fr,'Angleterre'
https://www.20minutes.fr/planete/canicule/4234640-20260715-meteo-apres-canicule-point-orages-menacent-france,https://www.20minutes.fr/planete/canicule/4234640-20260715-meteo-apres-canicule-point-orages-menacent-france,0,www.20minutes.fr,"Météo : Après la canicule, le point sur les orages qui menacent la France",Météo-France a placé ce mercredi seize départements du nord-ouest et de l’est en vigilance orange pour un risque d’orages violents et particulièrement pluvieux,https://img.20mn.fr/KPjl-shnRLavOpOby4Hv4yk/1444x920_14-juillet-2026-bade-wurtemberg-rottweil-des-eclairs-et-des-nuages-noirs-sont-visibles-dans-un-quartier-residentiel-pres-de-rottweil-image-fixe-extraite-d-une-video-photo-silas-stein-dpa-ur-newsml-dpa-com-20090101-260714-99-51381-silas-stein-dpa-sipa-2607140750,2026-07-15T12:56:39Z,http://web.archive.org/web/20260715223754/https://www.20minutes.fr/planete/canicule/4234640-20260715-meteo-apres-canicule-point-orages-menacent-france,"La chaleur caniculaire qui étouffe le pays sapprête à reculer sous limpact dune nette dégradation électrique. La Manche, lOrne, lIlle-et-Vilaine, la Mayenne et la Sarthe ont été placés en alerte oran… [+1414 chars]",,fr,'Savoie'
https://www.franceinfo.fr/faits-divers/incendie/incendie-en-savoie-plus-de-1-000-vehicules-peuvent-enfin-reprendre-la-route-apres-une-semaine-d-isolement_8108849.html,https://www.franceinfo.fr/faits-divers/incendie/incendie-en-savoie-plus-de-1-000-vehicules-peuvent-enfin-reprendre-la-route-apres-une-semaine-d-isolement_8108849.html,0,www.franceinfo.fr,"Incendie : En Savoie, plus de 1 000 véhicules peuvent enfin reprendre la route après une semaine d'isolement","Bloqués depuis une semaine à la suite d'un éboulement provoqué par un incendie, les habitants et les vacanciers des communes de Pralognan-la-Vanoise et de Planay ont assisté à la réouverture de la départementale mercredi 15 juillet. Une nouvelle interruption …",https://www.franceinfo.fr/pictures/NMiq6hX3rORAq5_10XMDTz1Byc4/0x0:1920x1080/1500x843/2026/07/15/6a578329a0c23923832336.jpg,2026-07-15T12:59:56Z,,"Bloqués depuis une semaine à la suite d'un éboulement provoqué par un incendie, les habitants et les vacanciers des communes de Pralognan-la-Vanoise et de Planay ont assisté à la réouverture de la dé… [+2249 chars]",,fr,'Savoie'
https://www.lexpress.fr/monde/amerique/appel-au-demantelement-marco-rubio-repart-a-loffensive-contre-la-cour-penale-internationale-2Y6WTNV26ZFBXBUFY2ZRRR6P7Q/,https://www.lexpress.fr/monde/amerique/appel-au-demantelement-marco-rubio-repart-a-loffensive-contre-la-cour-penale-internationale-2Y6WTNV26ZFBXBUFY2ZRRR6P7Q/,0,www.lexpress.fr,Appel au démantèlement : Marco Rubio repart à l’offensive contre la Cour pénale internationale,"Depuis son retour au pouvoir, Donald Trump a intensifié son combat contre la Cour pénale internationale. Entre sanctions, pressions diplomatiques et tentatives d’isolement, Washington cherche à limiter l’influence d’une institution qu’il considère comme une m…",https://www.lexpress.fr/resizer/v2/PQKOWH5DYRD7DLTTJ37DH57XWI.JPG?auth=f8b294db774c823016770681b11aeb3b8f28636d643514a4d25563b1bf85a186&width=1200&height=630&quality=85&smart=true,2026-07-15T13:37:23Z,http://web.archive.org/web/20260716040326/https://www.lexpress.fr/monde/amerique/appel-au-demantelement-marco-rubio-repart-a-loffensive-contre-la-cour-penale-internationale-2Y6WTNV26ZFBXBUFY2ZRRR6P7Q/,"Ladministration Trump franchit un nouveau cap dans son affrontement avec la juridiction de La Haye. Dans une tribune datée du 13 juillet publiée dans le Wall Street Journal, le secrétaire dEtat améri… [+5555 chars]",,fr,'Palestine'
https://www.ledauphine.com/economie/2026/07/15/mnd-part-a-la-conquete-des-etats-unis-avec-une-nouvelle-luge-monorail-installee-en-virginie,https://www.ledauphine.com/economie/2026/07/15/mnd-part-a-la-conquete-des-etats-unis-avec-une-nouvelle-luge-monorail-installee-en-virginie,0,www.ledauphine.com,Savoie. MND part à la conquête des États-Unis... avec une nouvelle luge monorail,"Le groupe industriel MND a réalisé sa première installation de luge monorail biplace aux États-Unis, pour la station de Massanutten en Virginie qui souhaitait s’équiper d’une nouvelle activité de loisirs pour développer son offre quatre saisons.",https://cdn-s-www.ledauphine.com/images/83337B53-0085-445F-946D-E13F9F6843DF/FB1200/photo-1784123651.jpg,2026-07-15T13:57:00Z,,"Et hop une nouvelle réalisation à l’étranger pour MND ! Le constructeur savoyard, spécialiste de la mobilité par câble, des systèmes d’enneigement, de la sécurité en montagne et des infrastructures d… [+1366 chars]",,fr,'Savoie'
https://www.ledauphine.com/faits-divers-justice/2026/07/15/un-guide-et-son-client-tues-par-une-chute-de-pierres-dans-le-couloir-du-gouter,https://www.ledauphine.com/faits-divers-justice/2026/07/15/un-guide-et-son-client-tues-par-une-chute-de-pierres-dans-le-couloir-du-gouter,0,www.ledauphine.com,Haute-Savoie. Un guide et son client tués par une chute de pierres dans le couloir du Goûter,"Le drame est survenu avant même le lever du soleil. Ce mercredi 15 juillet, deux alpinistes ont trouvé la mort dans le couloir du Goûter, sur la ...",https://cdn-s-www.ledauphine.com/images/FBF93DE8-12A8-45D7-A9C6-8BDF4E139806/FB1200/photo-1784126795.jpg,2026-07-15T14:46:00Z,,"Le drame est survenu avant même le lever du soleil. Ce mercredi 15 juillet, deux alpinistes ont trouvé la mort dans le couloir du Goûter, sur la commune de Saint-Gervais.
Aux alentours de 4 heures, … [+608 chars]",,fr,'Savoie'
https://www.frandroid.com/marques/denza/3179619_je-suis-montee-a-bord-de-la-byd-la-plus-chere-de-france-la-denza-z-avec-1-604-ch-et-la-recharge-en-5-minutes,https://www.frandroid.com/marques/denza/3179619_je-suis-montee-a-bord-de-la-byd-la-plus-chere-de-france-la-denza-z-avec-1-604-ch-et-la-recharge-en-5-minutes,0,www.frandroid.com,Je suis montée à bord de la BYD la plus chère de France : la Denza Z avec 1 604 ch et la recharge en 5 minutes,"C'est la supercar électrique qui défie tout. La Denza Z, du groupe chinois BYD, arrive en France à travers trois déclinaisons surpuissantes. Un 0 à 100 km/h avalé en moins de 2 secondes, 1 604 ch, et une recharge prête en 5 minutes, les performances s'affolen…","https://c0.lestechnophiles.com/images.frandroid.com/wp-content/uploads/2026/07/denza-z-jperou-1936-e1784023044304.jpg?resize=1600,900&key=a58877d8",2026-07-15T15:03:13Z,http://web.archive.org/web/20260716014204/https://www.frandroid.com/marques/denza/3179619_je-suis-montee-a-bord-de-la-byd-la-plus-chere-de-france-la-denza-z-avec-1-604-ch-et-la-recharge-en-5-minutes,"C’est la supercar électrique qui défie tout. La Denza Z, du groupe chinois BYD, arrive en France à travers trois déclinaisons surpuissantes. Un 0 à 100 km/h avalé en moins de 2 secondes, 1 604 ch, et… [+13950 chars]",,fr,'France'
https://www.ledauphine.com/sport/2026/07/15/de-boston-a-dallas-les-bleus-dans-les-pas-de-kennedy,https://www.ledauphine.com/sport/2026/07/15/de-boston-a-dallas-les-bleus-dans-les-pas-de-kennedy,0,www.ledauphine.com,"Coupe du monde 2026. De Boston à Dallas, les Bleus dans les pas de Kennedy","Sans l’avoir cherché, les Bleus ont eu partie intimement liée à John Fitzgerald Kennedy durant cette Coupe du monde. Installés à Boston, la ville natale de JFK, ils ont joué leur demi-finale à Dallas, lieu de l’assassinat du 35e président des Etats-Unis.",https://cdn-s-www.ledauphine.com/images/F1C24B76-C7D1-41A6-84C0-7AC9F096F6BC/FB1200/photo-1784129657.jpg,2026-07-15T15:43:00Z,http://web.archive.org/web/20260726052849/https://www.ledauphine.com/sport/2026/07/15/de-boston-a-dallas-les-bleus-dans-les-pas-de-kennedy,"Il faut délaisser le Four Seasons, où les Bleus se sont établis depuis le 10 juin, et mettre le cap à louest, prendre Commonwealth Avenue et bifurquer sur Beacon Street avant de quitter la grande art… [+2828 chars]",,fr,'Boston'
https://france3-regions.franceinfo.fr/auvergne-rhone-alpes/savoie/pompier-volontaire-tue-en-intervention-en-savoie-certains-destins-depassent-une-existence-baptiste-gerfaud-valentin-promu-sergent-a-titre-posthume-3387100.html,https://france3-regions.franceinfo.fr/auvergne-rhone-alpes/savoie/pompier-volontaire-tue-en-intervention-en-savoie-certains-destins-depassent-une-existence-baptiste-gerfaud-valentin-promu-sergent-a-titre-posthume-3387100.html,0,france3-regions.franceinfo.fr,"Pompier volontaire tué en intervention en Savoie : ""Certains destins dépassent une existence"", Baptiste Gerfaud-Valentin promu sergent à titre posthume","Une cérémonie en hommage au caporal Baptiste Gerfaud-Valentin était organisée ce mercredi 15 juillet à Albertville, en Savoie. Le jeune sapeur-pompier volontaire est décédé le 8 juillet dans le feu de forêt qui a touché la commune du Planay.",https://france3-regions.franceinfo.fr/image/-nPEBMqoWLDffVwQoMklDAv7Sqg/930x620/regions/2026/07/15/6a57a96ada0d7064566180.jpg,2026-07-15T15:58:29Z,,"Une cérémonie en hommage au caporal Baptiste Gerfaud-Valentin était organisée ce mercredi 15 juillet à Albertville, en Savoie. Le jeune sapeur-pompier volontaire est décédé le 8 juillet dans le feu d… [+2070 chars]",,fr,'Savoie'
https://www.20minutes.fr/sport/football/4234642-20260715-direct-angleterre-argentine-defier-espagne-finale-mondial-suivez-demie-fond-grosse-rivalite-20-heures,https://www.20minutes.fr/sport/football/4234642-20260715-direct-angleterre-argentine-defier-espagne-finale-mondial-suivez-demie-fond-grosse-rivalite-20-heures,0,www.20minutes.fr,"Angleterre - Argentine : Encore magique, l’Albiceleste renverse les Three Lions et vise un « back to back » contre l’Espagne… Revivez cette folle demie","Encore menée après un but d’Anthony Gordon (1-0, 55e), la bande à Lionel Messi a signé un énième petit miracle pour se qualifier pour la finale de la Coupe du monde 2026 dans le temps additionnel (1-2)",https://img.20mn.fr/hQyvUuJgRVa3CSv3CLrlDSk/1444x920_credit-obligatoire-photo-de-joel-marklund-bildbyran-shutterstock-16992993ds-l-argentin-lionel-messi-celebre-apres-le-match-de-football-de-demi-finale-de-la-coupe-du-monde-de-la-fifa-2026-entre-l-angleterre-et-l-argentine-le-15-juillet-2026-a-atlanta-football-coupe-du-monde-de-la-fifa-2026-35e-journee-demi-finale-angleterre-arge-atlanta-etats-unis-15-juillet-2026-shutterstock-editorial-football-fifa-world-cup-2026-16992993ds-2607152316,2026-07-15T16:02:36Z,,"Salut tout le monde, le cur y est bien moins quhier, mais on reste fidèle au poste pour vous faire vivre lintégralité de cette Coupe du monde 2026. Au menu ce soir une affiche qui fait quand même bie… [+949 chars]",,fr,'Espagne'
https://www.frandroid.com/marques/oneplus/3181375_oneplus-disparaitrait-des-cette-semaine-realme-se-restructure-oppo-est-en-crise,https://www.frandroid.com/marques/oneplus/3181375_oneplus-disparaitrait-des-cette-semaine-realme-se-restructure-oppo-est-en-crise,0,www.frandroid.com,"OnePlus disparaitrait dès cette semaine, Realme se restructure : Oppo est en crise","La crise au sein du groupe Oppo est plus grande qu'on ne l'imaginait. Bloomberg dévoile que OnePlus pourrait disparaitre d'Europe dès cette semaine, et Realme préparerait son retrait de Chine.","https://c0.lestechnophiles.com/images.frandroid.com/wp-content/uploads/2026/04/oneplus-euroep.jpg?resize=1600,900&key=693e0cb2",2026-07-15T16:04:19Z,http://web.archive.org/web/20260716014203/https://www.frandroid.com/marques/oneplus/3181375_oneplus-disparaitrait-des-cette-semaine-realme-se-restructure-oppo-est-en-crise,"La crise au sein du groupe Oppo est plus grande qu’on ne l’imaginait. Bloomberg dévoile que OnePlus pourrait disparaitre d’Europe dès cette semaine, et Realme préparerait son retrait de Chine.
Autre… [+1385 chars]",,fr,'Asie'
https://www.huffingtonpost.fr/sport/article/angleterre-argentine-ce-supporter-est-tellement-sur-que-les-anglais-vont-gagner-le-mondial-qu-il-se-l-est-deja-tatoue_289512.html,https://www.huffingtonpost.fr/sport/article/angleterre-argentine-ce-supporter-est-tellement-sur-que-les-anglais-vont-gagner-le-mondial-qu-il-se-l-est-deja-tatoue_289512.html,0,www.huffingtonpost.fr,Angleterre-Argentine : ce supporter est tellement sûr que les Anglais vont gagner le Mondial qu’il se l’est déjà tatoué,"Pour que son tatouage reste d’actualité, il faudra que les Anglais éliminent l’Argentine puis triomphent de l’Espagne en finale. Pas une mince affaire…",https://focus.huffingtonpost.fr/2026/07/15/452/0/4337/2439/1820/1023/75/0/e09589c_upload-1-qonshqm0xqf9-afp-20260712-b9xl9pa-v1-highres-fblwc2026match99norengfans.jpg,2026-07-15T16:30:21Z,,"Voici sans aucun doute le supporter anglais le plus optimiste pour cette Coupe du monde 2026. Alors que lAngleterre affronte lArgentine en demi-finale ce mercredi 15 juillet (21 heures, heure de Pari… [+2474 chars]",,fr,'Espagne'
https://www.20minutes.fr/monde/ukraine/4234617-20260715-guerre-ukraine-pays-otan-alerte-sabotages-russes-sursis-financier-moscou,https://www.20minutes.fr/monde/ukraine/4234617-20260715-guerre-ukraine-pays-otan-alerte-sabotages-russes-sursis-financier-moscou,0,www.20minutes.fr,Guerre en Ukraine : Des pays de l’Otan en alerte aux sabotages russes et un sursis financier pour Moscou,"« 20 Minutes » fait le point pour vous tous les soirs sur le conflit en Ukraine. Ce mercredi 15 juillet, la Lettonie et la Lituanie ont affirmé que Moscou se prépare à attaquer des infrastructures dans des pays de l’Otan",https://img.20mn.fr/WybKoVFHSFKKK2bbgJm7ESk/1444x920_dans-cette-capture-d-ecran-extraite-d-une-video-publiee-sur-le-site-officiel-du-bureau-de-presse-presidentiel-russe-le-3-juillet-2026-le-president-russe-vladimir-poutine-visite-un-poste-de-commandement-du-groupe-de-forces-conjointes-dans-le-contexte-du-conflit-russo-ukrainien-en-cours-photo-de-handout-bureau-de-presse-presidentiel-russe-afp-reserve-a-un-usage-editorial-credit-obligatoire-photo-afp-bureau-de-presse-presidentiel-russe-document-a-distribuer-pas-de-marketing-aucune-campagne-publicitaire-distribue-en-tant-que-service-aux-clients,2026-07-15T17:37:25Z,http://web.archive.org/web/20260715210857/https://www.20minutes.fr/monde/ukraine/4234617-20260715-guerre-ukraine-pays-otan-alerte-sabotages-russes-sursis-financier-moscou,"Vous avez raté les derniers événements sur la guerre en Ukraine ? 20 Minutes fait le point pour vous tous les soirs. Voici lessentiel de ce mercredi 15 juillet 2026, au 1.602e jour du conflit.
Le fa… [+2759 chars]",,fr,'Lituanie'
https://www.ledauphine.com/coupe-du-monde-de-football/2026/07/15/de-4-000-a-188-000-euros-le-prix-des-places-de-la-finale-depasse-l-entendement,https://www.ledauphine.com/coupe-du-monde-de-football/2026/07/15/de-4-000-a-188-000-euros-le-prix-des-places-de-la-finale-depasse-l-entendement,0,www.ledauphine.com,"Coupe du monde 2026. De 4 000 à 188 000 euros, le prix des places de la finale dépasse l'entendement","Pour le match de clôture de la Coupe du monde 2026, dimanche au MetLife Stadium de New York, le prix des places a triplé. De quoi mettre en colère la Fédération espagnole de football.",https://cdn-s-www.ledauphine.com/images/DCA90C33-BD24-4091-9607-0492675B1B73/FB1200/photo-1784145373.jpg,2026-07-15T20:12:00Z,http://web.archive.org/web/20260716094408/https://www.ledauphine.com/coupe-du-monde-de-football/2026/07/15/de-4-000-a-188-000-euros-le-prix-des-places-de-la-finale-depasse-l-entendement,"Si les tarifs prohibitifs proposés par la FIFA pour accéder aux parkings officiels des stades de Boston pouvaient étonner, le prix des places pour la finale de la Coupe du monde 2026 est plus quimpre… [+2651 chars]",,fr,'New York'
https://www.huffingtonpost.fr/sport/article/l-argentine-elimine-l-angleterre-et-rejoint-l-espagne-en-finale-de-la-coupe-du-monde-2026_289676.html,https://www.huffingtonpost.fr/sport/article/l-argentine-elimine-l-angleterre-et-rejoint-l-espagne-en-finale-de-la-coupe-du-monde-2026_289676.html,0,www.huffingtonpost.fr,L’Argentine élimine l’Angleterre et rejoint l’Espagne en finale de la Coupe du monde 2026,L’équipe de Messi d’abord menée par les Anglais a finalement réussi à renverser le match.,https://focus.huffingtonpost.fr/2026/07/15/278/0/5346/3007/1820/1023/75/0/55a4235_upload-1-tpr7dwbnv0wx-afp-20260715-c2b692p-v1-highres-fblwc2026match102engarg.jpg,2026-07-15T21:14:11Z,,"Leo Messi aura le droit à sa dernière finale de Coupe du monde. Menée 1-0, lArgentine a renversé lAngleterre 2-1 ce mercredi 15 juillet à Atlanta en demi-finale du Mondial 2026 grâce à deux passes dé… [+731 chars]",,fr,'Miami'
https://www.franceinfo.fr/environnement/evenements-meteorologiques-extremes/vagues-de-chaleur-canicules/plus-aucun-departement-en-vigilance-orange-aux-orages-69-departements-encore-en-alerte-orange-canicule_8109452.html,https://www.franceinfo.fr/environnement/evenements-meteorologiques-extremes/vagues-de-chaleur-canicules/plus-aucun-departement-en-vigilance-orange-aux-orages-69-departements-encore-en-alerte-orange-canicule_8109452.html,0,www.franceinfo.fr,"Plus aucun département en vigilance orange aux orages, 69 départements encore en alerte orange canicule","""Les fortes chaleurs continuent de régresser vers le sud-est jeudi et se cantonnent vendredi aux régions méditerranéennes"", a précisé mercredi soir Météo-France.",https://www.franceinfo.fr/pictures/2q2LZdcNWnSPOqFHoBC9izacBB8/0x106:1024x682/1500x843/2026/07/15/6a57fe620a675391812524.jpg,2026-07-15T21:41:59Z,,"Plus aucun département n'est en vigilance orange aux orages, a annoncé Météo-France dans son dernier bulletin, mercredi 15 juillet en fin de soirée. Seize départements étaient en alerte orange aux or… [+915 chars]",,fr,'Savoie'
https://www.franceinfo.fr/culture/coups-de-coeur-culture/nos-coups-de-c-ur-de-l-ete-quinze-expositions-a-voir-a-paris-et-en-ile-de-france_8102804.html,https://www.franceinfo.fr/culture/coups-de-coeur-culture/nos-coups-de-c-ur-de-l-ete-quinze-expositions-a-voir-a-paris-et-en-ile-de-france_8102804.html,0,www.franceinfo.fr,Nos coups de cœur de l'été : quinze expositions à voir à Paris et en Ile-de-France,"Que vous viviez dans la capitale ou soyez seulement de passage, profitez de la période estivale pour vous rendre dans les musées. Ils sont souvent climatisés, ce qui ne gâche rien. Voici la sélection de la rédaction culture.",https://www.franceinfo.fr/pictures/IyOCQQd6p8tLUJtBDlWAI1Jio0o/0x0:3872x2178/1500x843/2026/07/15/6a57a57a762a2611603548.jpg,2026-07-16T04:00:01Z,,"Que vous viviez dans la capitale ou soyez seulement de passage, profitez de la période estivale pour vous rendre dans les musées. Ils sont souvent climatisés, ce qui ne gâche rien. Voici la sélection… [+19648 chars]",,fr,'Paris'
https://www.ledauphine.com/economie/2026/07/16/labellemontagne-rachete-un-complexe-a-nancy-french-tech-alpes-relance-son-programme-d-aides-l-actu-en-bref,https://www.ledauphine.com/economie/2026/07/16/labellemontagne-rachete-un-complexe-a-nancy-french-tech-alpes-relance-son-programme-d-aides-l-actu-en-bref,0,www.ledauphine.com,"Entreprises. Labellemontagne rachète un complexe à Nancy, French Tech Alpes relance son programme d'aides... : l'actu en bref","Savoie : Labellemontagne poursuit sa diversification avec le rachat d'un complexe de loisirs indoor à NancyLe groupe Labellemontagne, spécialisé dans l'exploitation de stations de ski, poursuit sa diversification en annonçant l'acquisition de Cosmic Jump 54, …",https://cdn-s-www.ledauphine.com/images/294F47F6-0394-4BE5-955A-2B87D7139DAC/FB1200/photo-1780491961.jpg,2026-07-16T04:30:00Z,http://web.archive.org/web/20260717110625/https://www.ledauphine.com/economie/2026/07/16/labellemontagne-rachete-un-complexe-a-nancy-french-tech-alpes-relance-son-programme-d-aides-l-actu-en-bref,"Photo Archives Anais Givovich
Savoie : Labellemontagne poursuit sa diversification avec le rachat d'un complexe de loisirs indoor à Nancy
Le groupe Labellemontagne, spécialisé dans l'exploitation d… [+2239 chars]",,fr,'Savoie'
https://www.20minutes.fr/sport/football/4234710-20260716-coupe-monde-2026-encore-gueule-bois-petite-finale-face-angleterre-journal-bleus,https://www.20minutes.fr/sport/football/4234710-20260716-coupe-monde-2026-encore-gueule-bois-petite-finale-face-angleterre-journal-bleus,0,www.20minutes.fr,"Coupe du monde 2026 : Encore la gueule de bois, une petite finale face à l’Angleterre… Le journal des Bleus","Tout ce qu’il faut savoir sur l’actualité de l’équipe de France aux Etats-Unis, entre les donuts et le coca (oui, dès le réveil)",https://img.20mn.fr/C6Oi9kCySVi7Al-Y-bjhiik/1444x920_arlington-texas-14-juillet-kylian-mbappe-et-michael-olise-de-france-semblent-decus-apres-avoir-perdu-le-deuxieme-ballon-lors-de-la-demi-finale-de-la-coupe-du-monde-de-la-fifa-2026-entre-la-france-et-l-espagne-au-stade-de-dallas-le-14-juillet-2026-a-arlington-au-texas-photo-de-wu-zhizhao-vcg-photo-publiee-via-newscom-vcg-photos355269-wu-zhizhao-vcg-newscom-sipa-2607150410,2026-07-16T04:32:37Z,http://web.archive.org/web/20260717074205/https://www.20minutes.fr/sport/football/4234710-20260716-coupe-monde-2026-encore-gueule-bois-petite-finale-face-angleterre-journal-bleus,"De notre envoyé spécial à Dallas,
Quelles sont dures ces journées qui suivent une grosse défaite de léquipe de France. Surtout quand celle-ci nous avait donné de lespoir de vivre un mois de juillet … [+2652 chars]",,fr,'Angleterre'
https://www.20minutes.fr/sport/football/4234722-20260716-coupe-monde-2026-aucun-regret-comment-thomas-tuchel-saborde-angleterre-contre-argentine,https://www.20minutes.fr/sport/football/4234722-20260716-coupe-monde-2026-aucun-regret-comment-thomas-tuchel-saborde-angleterre-contre-argentine,0,www.20minutes.fr,Coupe du monde 2026 : « Je n’ai aucun regret »… Comment Thomas Tuchel a sabordé l’Angleterre contre l’Argentine,"L’entraîneur des Three Lions est vivement critiqué pour ses choix défensifs effectués après l’ouverture du score de Gordon. Ceux-ci ont contribué à installer les Anglais bien trop bas, et à les éliminer dans les derniers instants en demi-finale (1-2)",https://img.20mn.fr/fm6OS4q8T06sODeaO87dUyk/1444x920_l-entraineur-chef-de-l-angleterre-thomas-tuchel-reagit-lors-de-la-demi-finale-de-la-coupe-du-monde-de-football-entre-l-angleterre-et-l-argentine-a-atlanta-le-mercredi-15-juillet-2026-ap-photo-stephanie-scarbrough-wcth120-26196796882123-2607160009,2026-07-16T04:42:36Z,http://web.archive.org/web/20260717013017/https://www.20minutes.fr/sport/football/4234722-20260716-coupe-monde-2026-aucun-regret-comment-thomas-tuchel-saborde-angleterre-contre-argentine,"«Selon moi, les joueurs avaient davantage peur dêtre éliminés du tournoi quils navaient lenthousiasme daller le gagner. » Voilà lune des premières sorties médiatiques fortes de Thomas Tuchel, début 2… [+8107 chars]",,fr,'Angleterre'
https://www.presse-citron.net/france-voici-les-vignettes-a-coller-obligatoirement-sur-votre-pare-brise-des-aujourdhui/,https://www.presse-citron.net/france-voici-les-vignettes-a-coller-obligatoirement-sur-votre-pare-brise-des-aujourdhui/,0,www.presse-citron.net,France : voici les vignettes à coller obligatoirement sur votre pare-brise dès aujourd’hui,Voici tout ce qu’il faut savoir à ce sujet.,https://www.presse-citron.net/app/uploads/2024/05/vignette-assurance-maif-1500x900.jpg,2026-07-16T05:51:10Z,http://web.archive.org/web/20260716173622/https://www.presse-citron.net/france-voici-les-vignettes-a-coller-obligatoirement-sur-votre-pare-brise-des-aujourdhui/,"Surprise, en 2026, il ny a quasiment plus aucune vignette à coller obligatoirement sur le pare-brise de votre véhicule. Si lon a employé le terme « quasiment », cest car il existe quelques nuances à … [+2756 chars]",,fr,'France'
https://www.franceinfo.fr/monde/iran/guerre-entre-les-etats-unis-israel-et-l-iran/direct-guerre-au-moyen-orient-l-iran-affirme-avoir-frappe-une-base-aerienne-americaine-en-jordanie-avec-des-missiles-balistiques-iraniens_8109812.html,https://www.franceinfo.fr/monde/iran/guerre-entre-les-etats-unis-israel-et-l-iran/direct-guerre-au-moyen-orient-l-iran-affirme-avoir-frappe-une-base-aerienne-americaine-en-jordanie-avec-des-missiles-balistiques-iraniens_8109812.html,0,www.franceinfo.fr,Guerre au Moyen-Orient : l'Iran affirme avoir frappé une base aérienne américaine en Jordanie avec des missiles balistiques iraniens,"Plus tôt dans la matinée, l'Iran a également revendiqué des attaques contre des installations militaires américaines au Koweït et à Bahreïn.",https://www.franceinfo.fr/pictures/bUK1MrjY4zu-VQDf_YH2zp8p6qA/0x0:3498x1968/1500x843/2026/07/16/6a587b9f9fd88455642484.jpg,2026-07-16T06:51:49Z,http://web.archive.org/web/20260717101856/https://www.franceinfo.fr/monde/iran/guerre-entre-les-etats-unis-israel-et-l-iran/direct-guerre-au-moyen-orient-l-iran-affirme-avoir-frappe-une-base-aerienne-americaine-en-jordanie-avec-des-missiles-balistiques-iraniens_8109812.html,"Le conflit entre Washington et Téhéran continue de s'étendre à l'ensemble de la région. Après une énième nuit de frappes américaines en Iran, la République islamique d'Iran a affirmé, jeudi 16 juille… [+1606 chars]",,fr,'L'Iran'
https://www.courrierinternational.com/article/coupe-du-monde-la-presse-argentine-exulte-apres-la-qualification-pour-la-finale-une-demonstration-de-foi_250143,https://www.courrierinternational.com/article/coupe-du-monde-la-presse-argentine-exulte-apres-la-qualification-pour-la-finale-une-demonstration-de-foi_250143,0,www.courrierinternational.com,La presse argentine exulte après la qualification pour la finale : “Une démonstration de foi”,"Au terme d’un match d’une intensité rare, l’équipe d’Argentine a éliminé Angleterre, mercredi 15 juillet, se qualifiant ainsi pour la finale de la Coupe du monde, où elle défendra son titre contre l’Espagne. La presse argentine laisse exploser sa joie.",https://focus.courrierinternational.com/2026/07/15/0/25/4209/2806/1200/630/60/0/8281eee_ftp-1-exy5l16rx6to-2026-07-15t212400z-940283683-up1em7f1nfyoi-rtrmadp-3-soccer-worldcup-eng-arg.JPG,2026-07-16T07:44:34Z,,"Serait-ce peu professionnel de dire quon écrit en pleurant ? Sinterroge le quotidien sportif argentin Olé,quelques heures après la victoire de lAlbiceleste face à lAngleterre en demi-finale de Coupe … [+1073 chars]",,fr,'Espagne'
https://www.lejournaldesentreprises.com/breve/gamm-vert-centralise-ses-flux-logistiques-en-isere-chez-fm-logistic-2146677,https://www.lejournaldesentreprises.com/breve/gamm-vert-centralise-ses-flux-logistiques-en-isere-chez-fm-logistic-2146677,0,www.lejournaldesentreprises.com,Gamm vert centralise ses flux logistiques en Isère chez FM Logistic,"Spécialiste des solutions logistiques, le mosellan FM Logistic (1,7 Md€ de CA ; 28 000 salariés) opère depuis septembre la nouvelle plateforme de Saint-Georges-d’Espéranche, en Isère.",,2026-07-16T08:10:00Z,,"Spécialiste des solutions logistiques, le mosellan FM Logistic (1,7 Md de CA ; 28 000 salariés) opère depuis septembre la nouvelle plateforme de Saint-Georges-dEspéranche, en Isère. Dune superficie d… [+1078 chars]",,fr,'Isère'
https://www.lejournaldesentreprises.com/breve/un-nouveau-president-pour-le-bailleur-social-auvergne-habitat-2146678,https://www.lejournaldesentreprises.com/breve/un-nouveau-president-pour-le-bailleur-social-auvergne-habitat-2146678,0,www.lejournaldesentreprises.com,Un nouveau président pour le bailleur social Auvergne Habitat,"Philippe Bion a été élu président d’Auvergne Habitat, premier bailleur social d’Auvergne. Il succède à Arnaud Guillemain d’Echon, après avoir intégré le conseil d’administration en début d’année en qualité d’administrateur, sur proposition du MEDEF, conformém…",https://www.lejournaldesentreprises.com/sites/lejournaldesentreprises.com/files/styles/landscape_web_lg_2x/public/2026-07/Philippe-Bion-prsident-dAuvergne-Habitat-576580.jpeg?h=bf31872d&itok=RXUF0160,2026-07-16T08:20:51Z,,"Philippe Bion, président dAuvergne Habitat
 — Photo : RichardFerron-Images/Photos - Richard Ferron
Philippe Bion a été élu président dAuvergne Habitat, premier bailleur social dAuvergne. Il succède… [+504 chars]",,fr,'Auvergne'
https://www.huffingtonpost.fr/france/video/orages-violents-et-grelons-causent-des-degats-en-france-les-images-sont-impressionnantes_289809.html,https://www.huffingtonpost.fr/france/video/orages-violents-et-grelons-causent-des-degats-en-france-les-images-sont-impressionnantes_289809.html,0,www.huffingtonpost.fr,"Orages violents et grêle causent des dégâts en France, les images sont impressionnantes","Les départements de l’Ardèche, de la Charente-Maritime et de la Côte-d’Or ont particulièrement été touchés.",https://focus.huffingtonpost.fr/2026/07/16/144/0/642/361/1820/1023/75/0/37bd8bd_upload-1-dsxxkotwi7ls-capture-d-ecran-2026-07-16-102245.png,2026-07-16T08:27:35Z,,"Des orages de quelques minutes, mais aux dégâts conséquents. De lArdèche à la Côte dOr, plusieurs départements ont été touchés par de violents orages, mercredi 15 juillet, en fin de journée. Deux sal… [+4620 chars]",,fr,'Rhône'
https://www.frandroid.com/marques/oneplus/3181807_oneplus-quitte-la-france-sav-mises-a-jour-on-fait-le-point-sur-la-situation,https://www.frandroid.com/marques/oneplus/3181807_oneplus-quitte-la-france-sav-mises-a-jour-on-fait-le-point-sur-la-situation,0,www.frandroid.com,"OnePlus quitte la France : SAV, mises à jour, on fait le point sur la situation","Si vous avez un smartphone OnePlus, sachez que la disparition de la marque en France ne perturbe pas les mises à jour ni le SAV. OnePlus quitte la France","https://c0.lestechnophiles.com/images.frandroid.com/wp-content/uploads/2026/07/smartphone-oneplus-mise-a-jour-sav.jpg?resize=1600,900&key=3fe0dc24",2026-07-16T09:02:00Z,,"Si vous avez un smartphone OnePlus, sachez que la disparition de la marque en France ne perturbe pas les mises à jour ni le SAV.
OnePlus quitte la France : le point sur les mises à jour des smartpho… [+1878 chars]",,fr,'France'
https://www.huffingtonpost.fr/divertissement/article/avant-espagne-argentine-en-finale-du-mondial-cette-celebre-photo-de-messi-et-yamal-prend-tout-son-sens_289841.html,https://www.huffingtonpost.fr/divertissement/article/avant-espagne-argentine-en-finale-du-mondial-cette-celebre-photo-de-messi-et-yamal-prend-tout-son-sens_289841.html,0,www.huffingtonpost.fr,"Avant Espagne-Argentine en finale du Mondial, cette célèbre photo de Messi et Yamal prend tout son sens","En finale de la Coupe du monde dimanche 19 juillet, Lionel Messi et Lamine Yamal s’affronteront pour la première fois dans un match de football.",https://focus.huffingtonpost.fr/2026/07/11/63/0/1024/576/1820/1023/75/0/3e4d15b_upload-1-ljbiqbbkkkyh-afp-20260710-aa-11072026-2878947-v1-midres-spainvbelgiumfifaworldcup2026quarter.jpg,2026-07-16T09:08:53Z,,"En 2024, le monde du football sextasiait de la précocité dun jeune footballeur espagnol, devenu lors de lEuro 2024 le plus jeune buteur de lhistoire de la compétition. Son nom : Lamine Yamal. À lépoq… [+3990 chars]",,fr,'Miami'
https://www.ledauphine.com/sport/2026/07/16/gratifiant-de-pouvoir-filer-un-coup-de-main-la-championne-du-monde-de-kayak-extreme-nouria-newman-raconte-son-attachement-a-la-savoie,https://www.ledauphine.com/sport/2026/07/16/gratifiant-de-pouvoir-filer-un-coup-de-main-la-championne-du-monde-de-kayak-extreme-nouria-newman-raconte-son-attachement-a-la-savoie,0,www.ledauphine.com,Kayak. « Gratifiant de pouvoir filer un coup de main » : la championne du monde de kayak extrême Nouria Newman raconte son attachement à la Savoie,"C’est sur le bord du bassin international de Bourg-Saint-Maurice que l’on retrouve Nouria Newman. Sur ses terres , là où tout a commencé à cinq ...",https://cdn-s-www.ledauphine.com/images/AE968C17-62C6-4FB2-9CEC-FCE70B315FE0/FB1200/photo-1784144638.jpg,2026-07-16T10:05:00Z,,"Le Dauphiné Libéré, en tant que responsable de traitement, recueille dans ce formulaire des informations qui sont enregistrées dans un fichier informatisé par son Service Relations Clients, la finali… [+854 chars]",,fr,'Savoie'
https://www.ledauphine.com/faits-divers-justice/2026/07/16/violente-collision-frontale-entre-un-quad-et-un-poids-lourd-un-mort-et-un-enfant-de-10-ans-heliporte-en-urgence-absolue,https://www.ledauphine.com/faits-divers-justice/2026/07/16/violente-collision-frontale-entre-un-quad-et-un-poids-lourd-un-mort-et-un-enfant-de-10-ans-heliporte-en-urgence-absolue,0,www.ledauphine.com,Haute-Savoie. Violente collision frontale entre un quad et un poids lourd : un mort et un enfant de 10 ans héliporté en urgence absolue,"Ce jeudi 16 juillet en milieu de matinée, peu après 10 h, un terrible accident de la circulation s’est produit sur la route des Aravis, à la sortie de Thônes.",https://cdn-s-www.ledauphine.com/images/96DAB785-E034-4575-9786-C10099AC6ADC/FB1200/photo-1784196512.jpg,2026-07-16T10:08:00Z,http://web.archive.org/web/20260716155841/https://www.ledauphine.com/faits-divers-justice/2026/07/16/violente-collision-frontale-entre-un-quad-et-un-poids-lourd-un-mort-et-un-enfant-de-10-ans-heliporte-en-urgence-absolue,"Ce jeudi 16 juillet en milieu de matinée, peu après 10 h, un terrible accident de la circulation sest produit sur la route des Aravis, à la sortie de Thônes. Selon les premiers éléments, un poids lou… [+2103 chars]",,fr,'Savoie'
https://www.lesinrocks.com/cinema/fid-marseille-2026-les-cinq-films-a-retenir-dune-edition-sous-tension-699538-16-07-2026/,https://www.lesinrocks.com/cinema/fid-marseille-2026-les-cinq-films-a-retenir-dune-edition-sous-tension-699538-16-07-2026/,0,www.lesinrocks.com,FID Marseille 2026 : les cinq films à retenir d’une édition sous tension,"Malgré l'ombre de la polémique dont le festival a fait l'objet, le FID Marseille a conclu sa 37ème édition avec l'annonce habituelle de son palmarès. Pour y voir plus clair, nous avons sélectionné 5 films à retenir de cette année, entre documentaires intimes …",https://www.lesinrocks.com/wp-content/thumbnails/uploads/2026/07/BeFunky-collage-2-1-t-3000x1750.jpg,2026-07-16T10:15:04Z,,"Malgré l’ombre de la polémique dont le festival a fait l’objet, le FID Marseille a conclu sa 37ème édition avec l’annonce habituelle de son palmarès. Pour y voir plus clair, nous avons sélectionné 5 … [+6108 chars]",,fr,'Marseille'
https://www.mediapart.fr/journal/international/160726/ukraine-pourquoi-le-limogeage-du-ministre-de-la-defense-fait-polemique,https://www.mediapart.fr/journal/international/160726/ukraine-pourquoi-le-limogeage-du-ministre-de-la-defense-fait-polemique,0,www.mediapart.fr,Ukraine: pourquoi le limogeage du ministre de la défense fait polémique,"Volodymyr Zelensky a mis fin aux fonctions de Mykhaïlo Fedorov, mercredi 15 juillet. Selon notre partenaire « The Kyiv Independent », le jeune ministre paye son opposition au chef d’état-major de l’armée, Oleksandr Syrsky. La décision provoque une importante …",https://static.mediapart.fr/etmagine/og/journal/files/2026/07/16/260716-img-limogeage-controverse-du-ministre-de-la-defense-ukrainien.jpg,2026-07-16T13:02:56Z,http://web.archive.org/web/20260717013144/https://www.mediapart.fr/journal/international/160726/ukraine-pourquoi-le-limogeage-du-ministre-de-la-defense-fait-polemique,"Les cookies et technologies similaires que nous utilisons sur Mediapart sont de différentes natures et nous permettent de poursuivre différentes finalités. 
Certains sont nécessaires au fonctionneme… [+3291 chars]",,fr,'Ukraine'
https://www.lyonpeople.com/le-carnet-mondain/les-mariages-2026-07-16.html,https://www.lyonpeople.com/le-carnet-mondain/les-mariages-2026-07-16.html,0,www.lyonpeople.com,Les mariages à Lyon,"Tous les mois, Lyon People vous fait part des mariages annoncés dans la capitale des Gaules",https://www.lyonpeople.com/wp-content/uploads/2024/11/02-Marie-Arnaud-et-Cyrille-Bremens.jpg,2026-07-16T15:00:29Z,,"Lyon People vous fait part des mariages annoncés dans la capitale des Gaules.
&gt; Merci de nous envoyer vos annonces par mail : carnet@lyonpeople.com
Mariages 2026
27/06/2026 Candice Laforêt et R… [+22523 chars]",,fr,'Voiron'
https://www.journaldugeek.com/2026/07/16/iptv-la-justice-rend-lacces-encore-plus-difficile-en-bloquant-le-contournement-des-vpn/,https://www.journaldugeek.com/2026/07/16/iptv-la-justice-rend-lacces-encore-plus-difficile-en-bloquant-le-contournement-des-vpn/,0,www.journaldugeek.com,IPTV : la justice rend l’accès encore plus difficile en bloquant le contournement des VPN,La dernière décision du tribunal judiciaire de Paris referme progressivement les possibilités de profiter des services de l’IPTV.,https://www.journaldugeek.com/app/uploads/2025/07/iptv-box-tv-1600x900.jpg,2026-07-16T16:10:02Z,http://web.archive.org/web/20260716210901/https://www.journaldugeek.com/2026/07/16/iptv-la-justice-rend-lacces-encore-plus-difficile-en-bloquant-le-contournement-des-vpn/,"La plupart des IPTV offres services de télévision par Internet non autorisés proposent des abonnements à 5-15  par mois donnant accès à des milliers de chaînes, dont les matchs de Ligue 1, la Formule… [+4371 chars]",,fr,'Paris'
https://www.mediapart.fr/journal/culture-et-idees/160726/la-justice-donne-tort-au-college-de-france-qui-avait-annule-un-colloque-sur-la-palestine,https://www.mediapart.fr/journal/culture-et-idees/160726/la-justice-donne-tort-au-college-de-france-qui-avait-annule-un-colloque-sur-la-palestine,0,www.mediapart.fr,"La justice donne tort au Collège de France, qui avait annulé un colloque sur la Palestine","Dans un jugement rendu mercredi 15 juillet, le tribunal administratif de Paris a estimé que les raisons pour lesquelles les requérants l’avaient saisi « sont fondées ». Il considère que la décision de l’institution « est entachée d’une erreur d’appréciation ».",https://static.mediapart.fr/etmagine/og/journal/files/2026/07/16/260716-img-la-justice-annule-l-annulation-du-colloque-palestine-par-le-college-de-france.jpg,2026-07-16T16:22:29Z,http://web.archive.org/web/20260717065445/https://www.mediapart.fr/journal/culture-et-idees/160726/la-justice-donne-tort-au-college-de-france-qui-avait-annule-un-colloque-sur-la-palestine,"Les cookies et technologies similaires que nous utilisons sur Mediapart sont de différentes natures et nous permettent de poursuivre différentes finalités. 
Certains sont nécessaires au fonctionneme… [+3291 chars]",,fr,'Palestine'
https://www.presse-citron.net/revolution-livraison-repas-uber-offre-delivery-hero-milliards-euros/,https://www.presse-citron.net/revolution-livraison-repas-uber-offre-delivery-hero-milliards-euros/,0,www.presse-citron.net,"Révolution dans la livraison de repas : Uber s’offre Delivery Hero pour 12,7 milliards d’euros",Uber avale l'allemand Delivery Hero. Objectif du géant américain : donner naissance à la plus grande plateforme de mobilité et de livraison hors de Chine.,https://www.presse-citron.net/app/uploads/2026/07/uber-delvery-hero-1600x900.jpg,2026-07-16T17:00:53Z,http://web.archive.org/web/20260716205758/https://www.presse-citron.net/revolution-livraison-repas-uber-offre-delivery-hero-milliards-euros/,"Uber a officialisé, ce jeudi 16 juillet, une offre de rachat sur l’allemand Delivery Hero. Le géant américain du VTC propose 41,50 euros par action, ce qui valorise l’entreprise autour de 12,7 millia… [+3550 chars]",,fr,'Chine'
https://www.20minutes.fr/monde/ukraine/4234789-20260716-guerre-ukraine-dissensions-armee-ukrainienne-negociations-impasse,https://www.20minutes.fr/monde/ukraine/4234789-20260716-guerre-ukraine-dissensions-armee-ukrainienne-negociations-impasse,0,www.20minutes.fr,Guerre en Ukraine : Un limogeage qui ne passe pas à Kiev et des négociations avec la Russie dans l’impasse,"« 20 Minutes » fait le point pour vous tous les soirs sur le conflit en Ukraine. Ce jeudi 16 juillet a été marqué par des dissensions internes dans l’armée de Kiev, en plein remaniement gouvernemental",https://img.20mn.fr/ISFzzj89QGSjyvSM9prUMik/1444x920_le-president-ukrainien-volodymyr-zelensky-photographie-lors-d-une-conference-de-presse-lors-de-la-reunion-des-dirigeants-de-la-coalition-des-volants-a-l-hotel-des-invalides-a-paris-en-france-le-13-juillet-2026-photo-d-eliot-blondet-abacapress-com-sipa-sipa0091-credit-eliot-blondet-pool-sipa-2607140744,2026-07-16T17:37:29Z,http://web.archive.org/web/20260716215738/https://www.20minutes.fr/monde/ukraine/4234789-20260716-guerre-ukraine-dissensions-armee-ukrainienne-negociations-impasse,"Vous avez raté les derniers événements sur la guerre en Ukraine ? 20 Minutes fait le point pour vous tous les soirs. Voici lessentiel de ce jeudi 16 juillet 2026, 1.603e jour du conflit.
Le fait du … [+3132 chars]",,fr,'Kiev'
https://www.sofoot.com/breves/apres-la-banderole-brandie-par-les-joueurs-de-lalbicesleste-le-president-argentin-javier-milei-confirme-que-les-malouines-sont-argentines,https://www.sofoot.com/breves/apres-la-banderole-brandie-par-les-joueurs-de-lalbicesleste-le-president-argentin-javier-milei-confirme-que-les-malouines-sont-argentines,0,www.sofoot.com,"Après la banderole brandie par les joueurs de l’Albicesleste, le président argentin Javier Milei confirme que les Malouines sont argentines",À la suite de la victoire de l’Argentine contre l’Angleterre (2-1) en demi-finales de la Coupe…,https://sofoot.s3.eu-central-1.amazonaws.com/wp-content/uploads/2026/07/16173039/14294763-1400x933.jpg,2026-07-16T17:46:43Z,,"À la suite de la victoire de lArgentine contre lAngleterre (2-1) en demi-finales de la Coupe du monde, plusieurs joueurs de lAlbiceleste ont brandi une banderoleproclamant que « les Malouines sont ar… [+1421 chars]",,fr,'Argentine'
https://www.lalibre.be/sports/football/coupe-du-monde/2026/07/16/si-donald-trump-assistera-bien-a-la-finale-du-mondial-un-autre-chef-detat-brillera-par-son-absence-par-superstition-QH5C7NXNYJD2XO6X5BPJIIVTF4/,https://www.lalibre.be/sports/football/coupe-du-monde/2026/07/16/si-donald-trump-assistera-bien-a-la-finale-du-mondial-un-autre-chef-detat-brillera-par-son-absence-par-superstition-QH5C7NXNYJD2XO6X5BPJIIVTF4/,0,www.lalibre.be,"Si Donald Trump assistera bien à la finale du Mondial, un autre chef d'Etat brillera par son absence... par superstition","Donald Trump assistera dimanche à la finale de la Coupe du monde de football opposant l'Espagne à l'Argentine, a annoncé jeudi la porte-parole de la Maison Blanche. ...",https://www.lalibre.be/resizer/v2/N7BY2PSVHZFFVBG72QCNNIZYSI.jpg?auth=b8f525bf7a74b3884897dfb9fa771c3671ee3119595fd867db43f8238bdb62b6&width=1200&height=630&quality=85&focal=2083%2C1388,2026-07-16T19:15:03Z,http://web.archive.org/web/20260717035726/https://www.lalibre.be/sports/football/coupe-du-monde/2026/07/16/si-donald-trump-assistera-bien-a-la-finale-du-mondial-un-autre-chef-detat-brillera-par-son-absence-par-superstition-QH5C7NXNYJD2XO6X5BPJIIVTF4/,"Le roi d'Espagne Felipe VI sera aussi présent au stade près de New York, a annoncé mercredi la Maison royale espagnole, au lendemain de la victoire de son équipe en demi-finale contre la France (2-0)… [+1371 chars]",,fr,'Argentine'
https://rmcsport.bfmtv.com/football/coupe-du-monde/coupe-du-monde-2026-les-bleus-depites-de-ne-pas-avoir-une-revanche-face-a-l-argentine-en-finale_AV-202607160726.html,https://rmcsport.bfmtv.com/football/coupe-du-monde/coupe-du-monde-2026-les-bleus-depites-de-ne-pas-avoir-une-revanche-face-a-l-argentine-en-finale_AV-202607160726.html,0,rmcsport.bfmtv.com,Coupe du monde 2026: les Bleus dépités de ne pas avoir une revanche face à l’Argentine en finale,"Avant d’être éliminés face à l’Espagne en demi-finale, les joueurs de l'équipe de France parlaient entre d’eux d’une possible revanche de la finale du Mondial 2022 face à l’Argentine. La qualification de l'Albiceleste aux dépens de l'Angleterre mercredi a ajo…",https://images.bfmtv.com/4G6NJsFghJhvG_3xcNjUMhOOCKs=/0x0:2048x1152/images/Lautaro-Martinez-face-a-Dayot-Upamecano-lors-de-la-finale-de-la-Coupe-du-monde-France-Argentine-1764488.jpg,2026-07-16T19:30:16Z,http://web.archive.org/web/20260718052150/https://rmcsport.bfmtv.com/football/coupe-du-monde/coupe-du-monde-2026-les-bleus-depites-de-ne-pas-avoir-une-revanche-face-a-l-argentine-en-finale_AV-202607160726.html,"Avant dêtre éliminés face à lEspagne en demi-finale, les joueurs de l'équipe de France parlaient entre deux dune possible revanche de la finale du Mondial 2022 face à lArgentine. La qualification de … [+1829 chars]",,fr,'Argentine'
https://www.franceinfo.fr/environnement/meteo/orages-vingt-six-departements-de-la-moitie-est-du-pays-en-vigilance-orange-16-departements-en-alerte-orange-canicule_8110898.html,https://www.franceinfo.fr/environnement/meteo/orages-vingt-six-departements-de-la-moitie-est-du-pays-en-vigilance-orange-16-departements-en-alerte-orange-canicule_8110898.html,0,www.franceinfo.fr,"Orages : huit départements en vigilance orange, 17 départements en alerte orange canicule","Météo France a annoncé des ""orages localement violents du centre du pays au Grand-Est ce jeudi soir, puis du Massif Central aux Alpes en nuit de jeudi à vendredi"".",https://www.franceinfo.fr/pictures/kqxKumRgqy3xMPfJ3BMs4DM5iUM/0x191:1024x767/1500x843/2026/07/16/6a5953bf7a02b961182252.jpg,2026-07-16T22:09:59Z,http://web.archive.org/web/20260717101901/https://www.franceinfo.fr/environnement/meteo/orages-vingt-six-departements-de-la-moitie-est-du-pays-en-vigilance-orange-16-departements-en-alerte-orange-canicule_8110898.html,"La chaleur recule, mais les orages sont de retour. Au total, huit départements étaient en vigilance orange aux orages, dans la nuit du jeudi 16 au vendredi 17 juillet, selon le dernier bulletin de Mé… [+1236 chars]",,fr,'Alpes'
https://rmcsport.bfmtv.com/football/coupe-du-monde/equipe-de-france-l-emouvante-haie-d-honneur-des-employes-du-camp-de-base-des-bleus-avant-leur-depart-pour-miami_AN-202607170080.html,https://rmcsport.bfmtv.com/football/coupe-du-monde/equipe-de-france-l-emouvante-haie-d-honneur-des-employes-du-camp-de-base-des-bleus-avant-leur-depart-pour-miami_AN-202607170080.html,0,rmcsport.bfmtv.com,Equipe de France: l'émouvante haie d'honneur des employés du camp de base des Bleus avant leur départ pour Miami,"Les joueurs de l'équipe de France ont quitté leur camp de base à Boston après y avoir passé un mois avant de prendre la direction de Miami pour y disputer la petite finale, samedi (23h) contre l'Angleterre.",https://images.bfmtv.com/EgfLkG-xMYFzrptaUk5xZGkz3Tk=/3x43:1315x781/images/Les-adieux-des-employes-de-l-hotel-de-Boston-a-l-equipe-de-France-le-16-juillet-2026-2321351.jpg,2026-07-17T04:04:42Z,,"Les joueurs de l'équipe de France ont quitté leur camp de base à Boston après y avoir passé un mois avant de prendre la direction de Miami pour y disputer la petite finale, samedi (23h) contre l'Angl… [+2594 chars]",,fr,'Angleterre'
https://www.dhnet.be/sports/cyclisme/2026/07/17/tour-de-france-2026-et-si-tim-merlier-nallait-pas-jusqua-larrivee-a-paris-IOIY6FMDMJEBFPVOSULFE2B2WU/,https://www.dhnet.be/sports/cyclisme/2026/07/17/tour-de-france-2026-et-si-tim-merlier-nallait-pas-jusqua-larrivee-a-paris-IOIY6FMDMJEBFPVOSULFE2B2WU/,0,www.dhnet.be,Tour de France 2026 : et si Tim Merlier n’allait pas jusqu’à l’arrivée à Paris…,Le triple vainqueur d’étapes pourrait quitter le Tour mercredi prochain à Voiron où il devrait avoir une dernière chance de victoire. ...,https://www.dhnet.be/resizer/v2/FFAAURQHG5DFXIW5XGOMODEMKA.JPG?auth=8088da2cd27d5de3010c3d7d5ed831955d7f2b7f926a35ff21cb3adffa772147&width=1200&height=630&quality=85&focal=2853%2C1902,2026-07-17T05:07:58Z,http://web.archive.org/web/20260718075820/https://www.dhnet.be/sports/cyclisme/2026/07/17/tour-de-france-2026-et-si-tim-merlier-nallait-pas-jusqua-larrivee-a-paris-IOIY6FMDMJEBFPVOSULFE2B2WU/,"Tour de France 2026 Tim Merlier après sa 3e victoire d'étape : ""J'espère que mon fils Jules se souviendra de ce jour""L'Anversois de 28 ans ne compte pas baisser les bras pour autant. ""On va continuer… [+1835 chars]",,fr,'Paris'
https://www.ledauphine.com/faits-divers-justice/2026/07/17/un-agent-du-departement-grievement-blesse-apres-avoir-ete-percute-par-une-voiture-le-chauffard-prend-la-fuite,https://www.ledauphine.com/faits-divers-justice/2026/07/17/un-agent-du-departement-grievement-blesse-apres-avoir-ete-percute-par-une-voiture-le-chauffard-prend-la-fuite,0,www.ledauphine.com,"Savoie. Un agent du Département grièvement blessé après avoir été percuté par une voiture, le chauffard prend la fuite","Un agent du conseil départemental de la Savoie a été percuté par une voiture, en pleine nuit ce vendredi 17 juillet, peu après 1 heure du matin.",https://cdn-s-www.ledauphine.com/images/34A2D4D0-C64A-4C94-AA61-08709C2BE844/FB1200/photo-1784265302.jpg,2026-07-17T05:14:00Z,http://web.archive.org/web/20260718133033/https://www.ledauphine.com/faits-divers-justice/2026/07/17/un-agent-du-departement-grievement-blesse-apres-avoir-ete-percute-par-une-voiture-le-chauffard-prend-la-fuite,"Un agent du conseil départemental de la Savoie a été percuté par une voiture, en pleine nuit ce vendredi 17 juillet, peu après 1 heure du matin.
L'homme tronçonnait un arbre sur la route département… [+1087 chars]",,fr,'Savoie'
https://www.lesnumeriques.com/societe-numerique/la-chine-et-la-russie-ont-un-plan-secret-pour-detruire-starlink-quitte-a-sacrifier-leurs-propres-satellites-n259387.html,https://www.lesnumeriques.com/societe-numerique/la-chine-et-la-russie-ont-un-plan-secret-pour-detruire-starlink-quitte-a-sacrifier-leurs-propres-satellites-n259387.html,0,www.lesnumeriques.com,"Actualité : La Chine et la Russie ont un plan secret pour détruire Starlink, quitte à sacrifier leurs propres satellites","La Chine et la Russie préparent la destruction de Starlink, quitte à sacrifier leurs propres satellites. Des documents confidentiels détaillent ce plan commun contre la constellation Starlink de SpaceX.",https://cdn.lesnumeriques.com/optim/news/25/259387/a16c057a-la-chine-et-la-russie-ont-un-plan-secret-pour-detruire-starlink-quitte-a-sacrifier-leurs-propres-satellites__1200_678__0-163-4096-2313.jpg,2026-07-17T05:30:00Z,http://web.archive.org/web/20260718212707/https://www.lesnumeriques.com/societe-numerique/la-chine-et-la-russie-ont-un-plan-secret-pour-detruire-starlink-quitte-a-sacrifier-leurs-propres-satellites-n259387.html,"C'est au début de ce mois de juillet que le média The Insider et l'hebdomadaire Der Spiegel ont publié ces documents pourtant top secret. Une source anonyme leur a transmis ces fichiers, un peu plus … [+5474 chars]",,fr,'Russie'
https://www.franceinfo.fr/environnement/evenements-meteorologiques-extremes/orages/ma-vitre-arriere-est-completement-eclatee-de-violents-orages-se-sont-abattus-sur-plusieurs-departements-en-france-jeudi-soir_8111219.html,https://www.franceinfo.fr/environnement/evenements-meteorologiques-extremes/orages/ma-vitre-arriere-est-completement-eclatee-de-violents-orages-se-sont-abattus-sur-plusieurs-departements-en-france-jeudi-soir_8111219.html,0,www.franceinfo.fr,"""Ma vitre arrière est complètement éclatée"" : de violents orages se sont abattus sur plusieurs départements en France jeudi soir","Rafales de vent, chutes de gros grêlons et impacts de foudre ont à nouveau fait d'importants dégâts, jeudi soir.",https://www.franceinfo.fr/pictures/YXQw5-R4Ixmiti15GVOKre9Cj9c/0x0:1200x675/1500x843/2026/07/17/6a59c1da85787349964244.jpeg,2026-07-17T05:48:07Z,,"De violents orages ont touché plusieurs départements en France dont la Loire, l'Isère, la Haute-Savoie ou encore la Corrèze, jeudi 16 juillet dans la soirée. Après avoir mis en garde plus tôt contre … [+2249 chars]",,fr,'Isère'
https://www.20minutes.fr/planete/4234938-20260717-orages-alerte-levee-toute-france-degats-loire-alpes,https://www.20minutes.fr/planete/4234938-20260717-orages-alerte-levee-toute-france-degats-loire-alpes,0,www.20minutes.fr,"Orages : L’alerte levée dans toute la France, des dégâts dans la Loire et dans les Alpes","Météo-France a officiellement levé ce vendredi matin sa vigilance orange aux orages dans le Sud-Est, marquant la fin d’un épisode virulent marqué par d’importants dégâts matériels",https://img.20mn.fr/gMURp0uxT1SZTHoOhQhuBCk/1444x920_apres-une-tempete-de-grele-a-dijon-france-bourgogne-cote-d-or-le-15-juillet-2026-apres-un-orage-de-greve-a-dijon-france-bourgogne-cote-d-or-le-15-juillet-2026-dolidzesabrina-16290156-credit-sabrina-dolidze-sipa-2607160907,2026-07-17T06:21:02Z,http://web.archive.org/web/20260717083741/https://www.20minutes.fr/planete/4234938-20260717-orages-alerte-levee-toute-france-degats-loire-alpes,Le grand nettoyage va pouvoir commencer après la tempête. Les prévisionnistes de Météo-France indiquent que lépisode orageux particulièrement destructeur est désormais terminé sur lensemble des dépar… [+2340 chars],,fr,'France'
https://www.ledauphine.com/environnement/2026/07/17/orages-violents-53-000-foyers-sont-toujours-sans-electricite-selon-enedis,https://www.ledauphine.com/environnement/2026/07/17/orages-violents-53-000-foyers-sont-toujours-sans-electricite-selon-enedis,0,www.ledauphine.com,"Météo. Orages violents : 53 000 foyers sont toujours sans électricité, selon Enedis","Après les violents orages et la grêle dans la nuit de jeudi à vendredi, de nombreux foyers sont sans électricité, principalement en Auvergne-Rhône-Alpes et Nouvelle-Aquitaine.",https://cdn-s-www.ledauphine.com/images/97580013-9D13-4D3C-8603-C3269BFC55F8/FB1200/photo-1784271467.jpg,2026-07-17T07:02:00Z,,"Quelque 53 000 foyers sont touchés par des coupures de courant après les « violents orages » survenus dans la nuit de jeudi à vendredi, a annoncé le distributeur et gestionnaire de réseau électrique … [+1253 chars]",,fr,'Auvergne'
https://rmcsport.bfmtv.com/football/coupe-du-monde/france-angleterre-deschamps-a-refuse-de-laisser-sortir-les-bleus-a-miami-avant-la-petite-finale_AV-202607170277.html,https://rmcsport.bfmtv.com/football/coupe-du-monde/france-angleterre-deschamps-a-refuse-de-laisser-sortir-les-bleus-a-miami-avant-la-petite-finale_AV-202607170277.html,0,rmcsport.bfmtv.com,France-Angleterre: Deschamps a refusé de laisser sortir les Bleus à Miami avant la petite finale,Didier Deschamps a refusé d'accorder une soirée libre aux joueurs de l'équipe de France après leur arrivée ce jeudi à Miami en marge de la petite finale de la Coupe du monde 2026 contre l'Angleterre.,https://images.bfmtv.com/rR3VCe1_ITWPW3Pb560-G1P0FrA=/0x106:2048x1258/images/Didier-Deschamps-au-milieu-des-joueurs-de-l-equipe-de-France-pendant-un-entrainement-juin-2026-2319617.jpg,2026-07-17T07:04:44Z,,Didier Deschamps a refusé d'accorder une soirée libre aux joueurs de l'équipe de France après leur arrivée ce jeudi à Miami en marge de la petite finale de la Coupe du monde 2026 contre l'Angleterre.… [+2106 chars],,fr,'Angleterre'
https://www.huffingtonpost.fr/france/article/en-raison-d-orages-violents-deux-personnes-sont-mortes-en-france_290240.html,https://www.huffingtonpost.fr/france/article/en-raison-d-orages-violents-deux-personnes-sont-mortes-en-france_290240.html,0,www.huffingtonpost.fr,"En raison d’orages violents, deux personnes sont mortes en France","Une femme est décédée en Haute-Vienne et un homme dans l’Isère lors des orages qui ont traversé l’Hexagone jeudi 16 juillet, en fin de journée.",https://focus.huffingtonpost.fr/2022/09/07/0/0/3000/1687/1820/1023/75/0/fac0cc9_1662525827195-000-par855611.jpg,2026-07-17T07:42:11Z,,"Deux personnes sont décédées en raison des violents orages survenus jeudi 16 juillet au soir dans plusieurs départements en France, a appris, ce vendredi, lAFP de source proche des autorités.
À Sain… [+1635 chars]",,fr,'Isère'
https://rmcsport.bfmtv.com/football/coupe-du-monde/direct-coupe-du-monde-2026-equipe-de-france-toutes-les-infos-sur-les-bleus-avant-le-match-pour-la-3e-place-contre-l-angleterre_LN-202607170319.html,https://rmcsport.bfmtv.com/football/coupe-du-monde/direct-coupe-du-monde-2026-equipe-de-france-toutes-les-infos-sur-les-bleus-avant-le-match-pour-la-3e-place-contre-l-angleterre_LN-202607170319.html,0,rmcsport.bfmtv.com,"DIRECT. Coupe du monde 2026, équipe de France: toutes les infos sur les Bleus avant le match pour la 3e place contre l'Angleterre","Battue par l'Espagne mardi en demi-finale de la Coupe du monde 2026 (2-0), l'équipe de France affrontera samedi soir à Miami (23h, heure de Paris) l'Angleterre dans le match pour la 3e place. Suivez toutes les infos sur les Bleus dans le direct commenté de RM…",https://images.bfmtv.com/suiI_QEAz9ydbm_xuCfnnMZQOCI=/0x111:2048x1263/images/Kylian-Mbappe-a-Miami-avec-l-equipe-de-France-le-16-juillet-2026-2321531.jpg,2026-07-17T08:03:43Z,http://web.archive.org/web/20260718125730/https://rmcsport.bfmtv.com/football/coupe-du-monde/direct-coupe-du-monde-2026-equipe-de-france-toutes-les-infos-sur-les-bleus-avant-le-match-pour-la-3e-place-contre-l-angleterre_LN-202607170319.html,"Après avoir quitté leur camp de base de Boston pour la Floride ce jeudi, les joueurs de l'équipe de France ont tenté d'obtenir une soirée libre à deux jours du choc contre les Three Lions.
Une deman… [+343 chars]",,fr,'Boston'
https://www.20minutes.fr/planete/canicule/4234947-20260717-orages-deux-personnes-trouve-mort-haute-vienne-isere,https://www.20minutes.fr/planete/canicule/4234947-20260717-orages-deux-personnes-trouve-mort-haute-vienne-isere,0,www.20minutes.fr,Orages : Deux personnes ont trouvé la mort en Haute-Vienne et en Isère,"Alors que la vigilance orange aux orages vient d’être levée, le premier bilan humain fait état de deux morts et de 53.000 foyers privés d’électricité à travers le pays",https://img.20mn.fr/ireqXehgTyiQZMF6TD7_eCk/1444x920_apres-une-tempete-de-grele-a-dijon-france-bourgogne-cote-d-or-le-15-juillet-2026-apres-un-orage-de-greve-a-dijon-france-bourgogne-cote-d-or-le-15-juillet-2026-dolidzesabrina-16290160-credit-sabrina-dolidze-sipa-2607160907,2026-07-17T08:05:43Z,http://web.archive.org/web/20260717210353/https://www.20minutes.fr/planete/canicule/4234947-20260717-orages-deux-personnes-trouve-mort-haute-vienne-isere,"Le passage du front orageux virulent a malheureusement tourné au drame dans plusieurs départements. Deux personnes ont perdu la vie jeudi soir lors de ces violents épisodes météorologiques, a-t-on ap… [+1650 chars]",,fr,'Isère'
https://www.franceinfo.fr/coupe-du-monde/a-mon-avis-ils-ne-vont-pas-etre-au-top-mentalement-avant-france-angleterre-l-apprehension-des-supporters-des-bleus_8111384.html,https://www.franceinfo.fr/coupe-du-monde/a-mon-avis-ils-ne-vont-pas-etre-au-top-mentalement-avant-france-angleterre-l-apprehension-des-supporters-des-bleus_8111384.html,0,www.franceinfo.fr,"""À mon avis, ils ne vont pas être au top mentalement"" : avant France-Angleterre, l'appréhension des supporters des Bleus","Trois jours après l'élimination face à l'Espagne, les Bleus doivent se remobiliser pour affronter l'Angleterre samedi à Miami. Un match pour la troisième place du Mondial, qui sera aussi le dernier du sélectionneur Didier Deschamps.",https://www.franceinfo.fr/pictures/l9goWISdot8Z_Enzj7f7tuyksWQ/0x42:3500x2010/1500x843/2026/07/17/6a59eb0c3bed2634310767.jpg,2026-07-17T08:45:39Z,,Ne pas rester sur le goût amer d'un Mondial qui avait bien débuté : voilà le souhait de tous ceux qui ont suivi les Bleus dans cette Coupe du monde 2026. L'équipe de France a gardé toute sa popularit… [+1408 chars],,fr,'France'
https://www.sofoot.com/articles/coupe-du-monde-2026-william-saliba-france-ca-fait-froid-dans-le-dos,https://www.sofoot.com/articles/coupe-du-monde-2026-william-saliba-france-ca-fait-froid-dans-le-dos,0,www.sofoot.com,"Coupe du monde 2026 : William Saliba (France), ça fait froid dans le dos",Ne nous referait-il pas une Umtiti 2018 ?,https://sofoot.s3.eu-central-1.amazonaws.com/wp-content/uploads/2026/07/17020913/ICONSPORT_370163_0817-1400x933.jpg,2026-07-17T10:00:50Z,,"Il faut dire quils en parlaient beaucoup, pour un non-sujet. Depuis le début de ce Mondial américain, le sujet du dos de William Saliba revenait en conférence de presse dans la bouche des joueurs qui… [+5788 chars]",,fr,'France'
https://www.futura-sciences.com/planete/actualites/meteorologie-secheresse-extreme-jusquou-restrictions-eau-pourraient-elles-aller-cet-ete-136265/,https://www.futura-sciences.com/planete/actualites/meteorologie-secheresse-extreme-jusquou-restrictions-eau-pourraient-elles-aller-cet-ete-136265/,0,www.futura-sciences.com,Sécheresse extrême : jusqu’où les restrictions d’eau pourraient-elles aller cet été ?,"Après trois canicules et des dômes anticycloniques à répétition, la France est complètement asséchée. Le nombre de départements concernés par les restrictions d'eau n'a jamais été aussi élevé et les prévisions s'orientent vers un été historiquement sec.",https://cdn8.futura-sciences.com/a1280/images/actu/secheresse-agricole-monde.jpeg,2026-07-17T10:01:06Z,http://web.archive.org/web/20260723102258/https://www.futura-sciences.com/planete/actualites/meteorologie-secheresse-extreme-jusquou-restrictions-eau-pourraient-elles-aller-cet-ete-136265/,"Ce jeudi 16 juillet, la sécheresse de surface (ou agricole) est classée comme « extrême », le niveau le plus fort, sur près de la moitié du pays : l'extrême Nord, le Centre, le Centre-Ouest, le Bassi… [+5660 chars]",,fr,'Rhône'
https://www.franceinfo.fr/environnement/evenements-meteorologiques-extremes/orages/chute-d-arbre-incendie-provoque-par-la-foudre-ce-que-l-on-sait-des-deux-morts-provoquees-par-les-orages_8111468.html,https://www.franceinfo.fr/environnement/evenements-meteorologiques-extremes/orages/chute-d-arbre-incendie-provoque-par-la-foudre-ce-que-l-on-sait-des-deux-morts-provoquees-par-les-orages_8111468.html,0,www.franceinfo.fr,"Chute d'arbre, incendie provoqué par la foudre... Ce que l'on sait des deux morts provoquées par les orages","De violents orages ont éclaté dans la nuit de jeudi à vendredi, tuant une femme lors de la chute d'un arbre en Haute-Vienne et un homme dans un incendie provoqué par la foudre en Isère. Voici ce que l'on sait.",https://www.franceinfo.fr/pictures/oAortExhxDFEJN9Cedl03HJkTN0/0x2:1200x677/1500x843/2026/07/17/6a5a04ea83f90433023829.jpeg,2026-07-17T10:37:07Z,,"De violents orages ont éclaté dans la nuit de jeudi à vendredi, tuant une femme lors de la chute d'un arbre en Haute-Vienne et un homme dans un incendie provoqué par la foudre en Isère. Voici ce que … [+3975 chars]",,fr,'Isère'
https://www.huffingtonpost.fr/sport/article/apres-argentine-angleterre-ce-cadeau-tres-americain-que-recevront-les-champions-du-monde_290249.html,https://www.huffingtonpost.fr/sport/article/apres-argentine-angleterre-ce-cadeau-tres-americain-que-recevront-les-champions-du-monde_290249.html,0,www.huffingtonpost.fr,"Après Argentine-Angleterre, ce cadeau très américain que recevront les champions du monde","Jusque-là, les champions du monde ne recevaient que le trophée de la Coupe du monde et les traditionnelles médailles d’or.",https://focus.huffingtonpost.fr/2025/12/11/217/0/8256/4644/1820/1023/75/0/d9ecd2d_upload-1-spoxfkv9am1i-afp-20251205-879e9kb-v3-highres-topshotfblwc2026draw.jpg,2026-07-17T11:22:12Z,,"Un cadeau « sur mesure » à laméricaine. La Fifa a annoncé, dans un communiqué, jeudi 16 juillet, que les vainqueurs du Mondial-2026 recevront chacun une bague, en plus du trophée de la Coupe du monde… [+2193 chars]",,fr,'Angleterre'
https://www.lesnumeriques.com/vpn/harry-potter-streaming-ou-regarder-les-films-en-france-a259310.html,https://www.lesnumeriques.com/vpn/harry-potter-streaming-ou-regarder-les-films-en-france-a259310.html,0,www.lesnumeriques.com,Dossier : Harry Potter streaming : où regarder les films en France ?,"Harry Potter streaming : où regarder les films en France, disponibilité sur Netflix, HBO Max, achat, location, replay TV et alternatives légales.",https://cdn.lesnumeriques.com/optim/article/25/259310/4cb83c27-harry-potter-streaming-ou-regarder-les-films-en-france_png__1200_678__overflow.jpg,2026-07-17T12:00:00Z,,"La saga Harry Potter fait partie des franchises les plus recherchées en streaming, mais sa disponibilité change régulièrement selon les plateformes et les droits de diffusion. En France, la question … [+6835 chars]",,fr,'France'
https://www.numerama.com/politique/2296741-climatiser-les-hopitaux-avec-des-appareils-mobiles-a-300-e-les-limites-du-plan-wauquiez.html,https://www.numerama.com/politique/2296741-climatiser-les-hopitaux-avec-des-appareils-mobiles-a-300-e-les-limites-du-plan-wauquiez.html,0,www.numerama.com,Climatiser les hôpitaux avec des appareils mobiles à 300 € : les limites du plan Wauquiez,"La Région Auvergne-Rhône-Alpes veut constituer une flotte de 1 500 climatiseurs mobiles pour répondre rapidement aux canicules dans les hôpitaux, les Ehpad et les écoles. Une solution de répit immédiatement disponible , mais qui soulève une question sur la pé…","https://c0.lestechnophiles.com/www.numerama.com/wp-content/uploads/2026/07/wauquiez-clim-4.jpg?resize=1600,900&key=fa9fec24",2026-07-17T12:33:51Z,http://web.archive.org/web/20260718000728/https://www.numerama.com/politique/2296741-climatiser-les-hopitaux-avec-des-appareils-mobiles-a-300-e-les-limites-du-plan-wauquiez.html,"La Région Auvergne-Rhône-Alpes veut constituer une flotte de 1 500 climatiseurs mobiles pour répondre rapidement aux canicules dans les hôpitaux, les Ehpad et les écoles. Une solution de répit immédi… [+10072 chars]",,fr,'Rhône'
https://www.franceinfo.fr/environnement/evenements-meteorologiques-extremes/orages/orages-le-16-juillet-devient-la-journee-la-plus-foudroyee-de-2026-avec-plus-de-20-000-eclairs_8111753.html,https://www.franceinfo.fr/environnement/evenements-meteorologiques-extremes/orages/orages-le-16-juillet-devient-la-journee-la-plus-foudroyee-de-2026-avec-plus-de-20-000-eclairs_8111753.html,0,www.franceinfo.fr,Orages : le 16 juillet devient la journée la plus foudroyée de 2026 avec plus de 20 000 éclairs,"C'est la région Auvergne-Rhône-Alpes qui a été la plus touchée par l'activité électrique jeudi, avec plus de 7 500 éclairs.",https://www.franceinfo.fr/pictures/qbjYBw_xQH5nMVSjyWXfLlVviQs/1500x843/2026/06/19/6a3502857e0be688342434.jpg,2026-07-17T13:08:21Z,,"Le jeudi 16 juillet devient la journée la plus foudroyée de 2026, a appris vendredi franceinfo auprès de Meteorage, filiale de Météo-France et expert européen de la détection de la foudre. Meteorage … [+944 chars]",,fr,'Auvergne'
https://www.huffingtonpost.fr/sport/article/coupe-du-monde-la-promesse-de-rayan-cherki-avant-la-petite-finale-des-bleus_290344.html,https://www.huffingtonpost.fr/sport/article/coupe-du-monde-la-promesse-de-rayan-cherki-avant-la-petite-finale-des-bleus_290344.html,0,www.huffingtonpost.fr,Coupe du monde : La promesse de Rayan Cherki avant la petite finale des Bleus,"À la veille de la petite finale face à l’Angleterre, ce samedi à Miami, Rayan Cherki est revenu sur la déception des Bleus après leur élimination par l’Espagne.",https://focus.huffingtonpost.fr/2026/07/17/0/11/904/509/1820/1023/75/0/a838c6d_upload-1-sfrbq9pc5jss-capture-d-ecran-2026-07-17-173621.png,2026-07-17T16:13:49Z,,"Une promesse malgré limmense déception. Dans lavion pour Miami, où les Bleus doivent jouer face à l'Angleterre ce samedi 18 juillet à 23 heures pour aller chercher la troisième place de la Coupe du m… [+1990 chars]",,fr,'Espagne'
https://www.20minutes.fr/monde/ukraine/4235010-20260717-guerre-ukraine-remaniement-zelensky-inquiete-ue-russie-met-detracteurs,https://www.20minutes.fr/monde/ukraine/4235010-20260717-guerre-ukraine-remaniement-zelensky-inquiete-ue-russie-met-detracteurs,0,www.20minutes.fr,"Guerre en Ukraine : Le remaniement de Zelensky inquiète l’UE, la Russie met ses détracteurs au pas","« 20 Minutes » fait le point pour vous tous les soirs sur le conflit en Ukraine. Ce vendredi 17 juillet, le départ du ministre de la Défense ukrainien fait encore parler",https://img.20mn.fr/QOK8cPGJTCKp50h9DWyyrCk/1444x920_combo-cette-combinaison-de-photos-creee-le-18-aout-2025-montre-le-president-ukrainien-volodymyr-zelensky-l-a-washington-dc-le-18-aout-2025-et-le-president-russe-vladimir-poutine-a-anchorage-en-alaska-le-15-aout-2025-le-president-russe-vladimir-poutine-a-declare-a-son-homologue-americain-donald-trump-le-18-aout-qu-il-etait-dispose-a-rencontrer-le-dirigeant-ukrainien-volodymyr-zelensky-a-indique-une-personne-au-fait-de-l-appel-poutine-a-declare-a-trump-qu-il-a-rencontre-le-15-aout-en-alaska-qu-il-etait-pret-a-rencontrer-zelensky-lors-d-un-appel-telephonique-alors-qu-il-interrompait-les-discussions-de-la-maison-blanche-a-washington-avec-les-dirigeants-europeens-a-declare-la-personne-sous-couvert-d-anonymat-photo-de-mandel-ngan-et-andrew-caballero-reynolds-afp,2026-07-17T17:39:16Z,http://web.archive.org/web/20260718001109/https://www.20minutes.fr/monde/ukraine/4235010-20260717-guerre-ukraine-remaniement-zelensky-inquiete-ue-russie-met-detracteurs,"Vous avez raté les derniers événements sur la guerre en Ukraine ? 20 Minutes fait le point pour vous tous les soirs. Voici lessentiel de ce vendredi 17 juillet 2026, 1.604e jour du conflit.
Le fait … [+2948 chars]",,fr,'Russie'
https://www.sofoot.com/breves/mondial-2026-les-bleus-de-retour-sous-les-fortes-chaleur-pour-defier-langleterre,https://www.sofoot.com/breves/mondial-2026-les-bleus-de-retour-sous-les-fortes-chaleur-pour-defier-langleterre,0,www.sofoot.com,Mondial 2026 : Les Bleus de retour sous les fortes chaleur pour défier l’Angleterre,Pas de deuxième coup de clim. Après avoir bénéficié de la climatisation du stade de Dallas,https://sofoot.s3.eu-central-1.amazonaws.com/wp-content/uploads/2026/07/17221638/ICONSPORT_369903_1492-1-1400x933.jpg,2026-07-17T20:22:26Z,,"Pas de deuxième coup de clim. Après avoir bénéficié de la climatisation du stade de Dallas en demi-finale face à lEspagne, les Bleus devront à nouveau lutter contre la chaleur pour la petite finale d… [+589 chars]",,fr,'Boston'
https://www.franceinfo.fr/environnement/evenements-meteorologiques-extremes/vagues-de-chaleur-canicules/six-departements-du-sud-est-en-vigilance-orange-canicule-le-departement-des-alpes-maritimes-en-alerte-orange-a-partir-de-samedi-midi_8112380.html,https://www.franceinfo.fr/environnement/evenements-meteorologiques-extremes/vagues-de-chaleur-canicules/six-departements-du-sud-est-en-vigilance-orange-canicule-le-departement-des-alpes-maritimes-en-alerte-orange-a-partir-de-samedi-midi_8112380.html,0,www.franceinfo.fr,"Six départements du Sud-Est en vigilance orange canicule, le département des Alpes-Maritimes en alerte orange à partir de samedi midi","Vendredi soir, l'Ardèche, la Drôme, le Vaucluse et le département des Alpes-de-Haute-Provence sont passés en vigilance jaune canicule, précise Météo-France.",https://www.franceinfo.fr/pictures/yDQcX3quIKVwAVkE6J2MfPrpzm4/0x73:1024x649/1500x843/2026/07/17/6a5aa49672e0e298950374.jpg,2026-07-17T21:56:24Z,http://web.archive.org/web/20260718143844/https://www.franceinfo.fr/environnement/evenements-meteorologiques-extremes/vagues-de-chaleur-canicules/six-departements-du-sud-est-en-vigilance-orange-canicule-le-departement-des-alpes-maritimes-en-alerte-orange-a-partir-de-samedi-midi_8112380.html,"Sept départements du Sud-Est seront en vigilance orange canicule, samedi 18 juillet, a rapporté Météo-France dans son dernier bulletin de prévisions, vendredi 17 juillet. Six départements étaient en … [+917 chars]",,fr,'France'
https://www.huffingtonpost.fr/sport/article/france-angleterre-pour-la-3e-place-ou-comment-s-interesser-a-un-match-que-personne-ne-veut-jouer_290239.html,https://www.huffingtonpost.fr/sport/article/france-angleterre-pour-la-3e-place-ou-comment-s-interesser-a-un-match-que-personne-ne-veut-jouer_290239.html,0,www.huffingtonpost.fr,"France-Angleterre pour la 3e place, ou comment s’intéresser à un match que personne ne veut jouer","On a bien trouvé quelques raisons de vous convaincre d’allumer votre télévision ce samedi à 23h, pour cette « petite finale » qui existe depuis 1934 en Coupe du monde.",https://focus.huffingtonpost.fr/2026/07/17/0/0/4000/2250/1820/1023/75/0/181ad42_upload-1-wswdhgrltvei-afp-20260717-c2ek9kg-v1-highres-combofblwc2026match103fraeng.jpg,2026-07-18T05:02:11Z,,"Cest le match que personne navait osé imaginer pour les Bleus avant le coup denvoi de France-Espagne, quatre jours plus tôt. Et pourtant. Après la leçon reçue par les joueurs de Didier Deschamps mard… [+5512 chars]",,fr,'Angleterre'
https://www.ledauphine.com/coupe-du-monde-de-football/2026/07/18/un-personnage-exceptionnel-vos-hommages-a-didier-deschamps-avant-son-dernier-match-a-la-tete-de-bleus,https://www.ledauphine.com/coupe-du-monde-de-football/2026/07/18/un-personnage-exceptionnel-vos-hommages-a-didier-deschamps-avant-son-dernier-match-a-la-tete-de-bleus,0,www.ledauphine.com,Témoignages. « Un personnage exceptionnel » : vos hommages à Didier Deschamps avant son dernier match à la tête de Bleus,"Avant le dernier match de l’équipe de France avec Didier Deschamps à sa tête, ce samedi face à l’Angleterre (23 heures) en petite finale du Mondial, les lecteurs du groupe EBRA (dont fait partie notre journal) rendent hommage au parcours du sélectionneur et r…",https://cdn-s-www.ledauphine.com/images/FAE50503-596E-4D62-84A5-1C874FE8078A/FB1200/photo-1784312575.jpg,2026-07-18T05:15:00Z,http://web.archive.org/web/20260719021202/https://www.ledauphine.com/coupe-du-monde-de-football/2026/07/18/un-personnage-exceptionnel-vos-hommages-a-didier-deschamps-avant-son-dernier-match-a-la-tete-de-bleus,Quatorze années et 184 matches disputés : Didier Deschamps va vivre sa dernière rencontre à la tête des Bleus ce samedi soir pour la petite finale de la Coupe du monde 2026 (23 heures). Personnage ce… [+2830 chars],,fr,'Chambéry'
https://www.ledauphine.com/coupe-du-monde-de-football/2026/07/18/performances-mentalite-comment-kylian-mbappe-a-conquis-les-etats-unis,https://www.ledauphine.com/coupe-du-monde-de-football/2026/07/18/performances-mentalite-comment-kylian-mbappe-a-conquis-les-etats-unis,0,www.ledauphine.com,"Coupe du monde 2026. Performances, mentalité... comment Kylian Mbappé a conquis les États-Unis","Durant cette Coupe du monde, Kylian Mbappé a pu éprouver sa popularité aux États-Unis. Le Français est une star internationale qui transcende son sport.",https://cdn-s-www.ledauphine.com/images/DFEDACF8-660C-4EBD-97CE-FD573FF729D2/FB1200/photo-1784282984.jpg,2026-07-18T06:30:00Z,http://web.archive.org/web/20260719013832/https://www.ledauphine.com/coupe-du-monde-de-football/2026/07/18/performances-mentalite-comment-kylian-mbappe-a-conquis-les-etats-unis,"Une scène qui se répète. À chaque match de léquipe de France. Dès que son visage apparaît sur lécran géant, les applaudissements pleuvent et les tribunes se mettent à crier, de Boston à Dallas en pas… [+2291 chars]",,fr,'Boston'
https://www.franceinfo.fr/monde/iran/guerre-entre-les-etats-unis-israel-et-l-iran/direct-guerre-au-moyen-orient-bahrein-repousse-une-nouvelle-attaque-iranienne-apres-une-septieme-nuit-de-frappes-entre-washington-et-teheran_8112620.html,https://www.franceinfo.fr/monde/iran/guerre-entre-les-etats-unis-israel-et-l-iran/direct-guerre-au-moyen-orient-bahrein-repousse-une-nouvelle-attaque-iranienne-apres-une-septieme-nuit-de-frappes-entre-washington-et-teheran_8112620.html,0,www.franceinfo.fr,"Guerre au Moyen-Orient : Bahreïn repousse une nouvelle attaque iranienne, après une septième nuit de frappes entre Washington et Téhéran","L'armée américaine a de nouveau ciblé plusieurs sites en Iran, avant que les Gardiens de la Révolution ne répliquent en déclenchant des tirs contre des bases américaines de la région.",https://www.franceinfo.fr/pictures/-kFuUWo1Zoq19HqiNauLWGZhTT4/0x0:3499x1968/1500x843/2026/07/18/6a5b25a83b1d0435135310.jpg,2026-07-18T07:05:53Z,http://web.archive.org/web/20260719013052/https://www.franceinfo.fr/monde/iran/guerre-entre-les-etats-unis-israel-et-l-iran/direct-guerre-au-moyen-orient-bahrein-repousse-une-nouvelle-attaque-iranienne-apres-une-septieme-nuit-de-frappes-entre-washington-et-teheran_8112620.html,"L'escalade militaire continue au Moyen-Orient avec des échanges de frappes quotidiens et des incidents maritimes en série. Les Etats-Unis ont de nouveau mené des frappes en Iran, samedi 18 juillet, p… [+1401 chars]",,fr,'Maritimes'
https://www.20minutes.fr/tempo/diaporama-4234341-images-vacances-iles-autour-france-voitures-bienvenues,https://www.20minutes.fr/tempo/diaporama-4234341-images-vacances-iles-autour-france-voitures-bienvenues,0,www.20minutes.fr,En images - Vacances d’été : Ces îles autour de la France où les voitures ne sont pas les bienvenues,"Les îles 100 % piétonnes ne manquent pas en France. De la Grande île de l’archipel de Chausey à Porquerolles, voici un moyen de se ressourcer sans le bruit de la circulation et la pollution qui l’accompagne",https://img.20mn.fr/iRrpt5VxRtCxEoSv7iLVhSk/1444x920_ile-de-brehat-cotes-d-armor-bretagne-france-21-08-2012-credit-gile-michel-sipa-1210151714,2026-07-18T08:02:36Z,,"Maelys Courpotin
Publié le 18/07/2026 à 10h02 Mis à jour le 18/07/2026 à 10h02
Imaginez des vacances dété sur des îles aux eaux dun bleu azur, le tout sans le moindre bruit de moteur ni la moindre … [+5002 chars]",,fr,'France'
https://www.20minutes.fr/sport/football/4234738-20260718-france-angleterre-sais-plus-medaille-pourquoi-match-3e-place-existe-encore,https://www.20minutes.fr/sport/football/4234738-20260718-france-angleterre-sais-plus-medaille-pourquoi-match-3e-place-existe-encore,0,www.20minutes.fr,France - Angleterre : « Je ne sais même plus où est ma médaille »… Pourquoi le match pour la 3e place existe encore ?,"Les Bleus vont disputer pour la quatrième fois de leur histoire la petite finale d’une Coupe du monde, ce samedi (23 heures) contre l’Angleterre. Mais hors Jeux olympiques, cette médaille de bronze rime-t-elle vraiment à quelque chose ?",https://img.20mn.fr/m5WydPAtT36p4sTud-YhDyk/1444x920_14-juillet-2026-l-attaquant-francais-kylian-mbappe-10-ans-plaide-devant-l-arbitre-lors-de-la-demi-finale-de-la-coupe-du-monde-de-la-fifa-entre-la-france-et-l-espagne-au-stade-de-dallas-a-arlington-au-texas-michael-dorn-cal-sport-media-sipa-etats-unis-image-de-credit-michael-dorn-cal-sport-media-sipa-etats-unis-71790749-zeus-2607161346,2026-07-18T08:17:36Z,,"La Fifa sait décidément nous divertir, même lorsquil sagit de présenter sur son site la finale pour la troisième place, dont une bonne partie du monde du football réclame la peau. « Malgré sa décepti… [+7851 chars]",,fr,'Angleterre'
https://www.lavenir.net/sports/cyclisme/2026/07/18/remco-evenepoel-est-face-a-son-week-end-decisif-lors-de-ce-tour-de-france-2026-avec-deux-terribles-montees-le-tour-commence-seulement-aujourdhui-7TT6ZT4VG5FG7BX6E5764R4FPQ/,https://www.lavenir.net/sports/cyclisme/2026/07/18/remco-evenepoel-est-face-a-son-week-end-decisif-lors-de-ce-tour-de-france-2026-avec-deux-terribles-montees-le-tour-commence-seulement-aujourdhui-7TT6ZT4VG5FG7BX6E5764R4FPQ/,0,www.lavenir.net,"Remco Evenepoel est face à son week-end décisif lors de ce Tour de France 2026 avec deux terribles montées : ""Le Tour commence seulement aujourd’hui""","Les deux étapes de ce week-end pourraient être décisives. Le Belge Remco Evenepoel en a conscience, quelques heures avant de prendre le départ de la 14e étape ce samedi 18 juillet 2026. ...",https://www.lavenir.net/resizer/v2/73HF5HN7FZA6ZPGKXAROJAJ3MY.jpg?auth=5e59d994730d2fa2b10d446cddc8c5f4304e9d2f667d141580e4cc119accd103&width=1200&height=630&quality=85&focal=2560%2C1708,2026-07-18T08:41:56Z,,"Pidcock revient sur les talons d'Evenepoel
Mais un gros client a pris ces risques évoqués par le Brabançon, à savoir Tom Pidcock. Et ça lui a plutôt réussi, puisque le Britannique, troisième à franc… [+5192 chars]",,fr,'Belge'
https://www.numerama.com/pop-culture/2296349-maigre-lot-de-consolation-et-derniere-de-deschamps-ou-voir-le-match-france-angleterre-pour-la-troisieme-place-du-mondial-2026.html,https://www.numerama.com/pop-culture/2296349-maigre-lot-de-consolation-et-derniere-de-deschamps-ou-voir-le-match-france-angleterre-pour-la-troisieme-place-du-mondial-2026.html,0,www.numerama.com,Dernière de Deschamps : où voir le match France-Angleterre pour la troisième place du Mondial 2026 ?,"C'est l'heure de tourner plusieurs pages pour l'équipe de France. Celle du Mondial 2026, mais aussi celle de l'ère Deschamps. Ce samedi 18 juillet, les Bleus affrontent l'Angleterre, elle aussi éliminée en demi-finale de la compétition. Les deux équipes s'aff…","https://c0.lestechnophiles.com/www.numerama.com/wp-content/uploads/2026/07/design-sans-titre-2026-07-16t162652901.jpg?resize=1600,900&key=5b5a5c85",2026-07-18T10:05:00Z,http://web.archive.org/web/20260718115407/https://www.numerama.com/pop-culture/2296349-maigre-lot-de-consolation-et-derniere-de-deschamps-ou-voir-le-match-france-angleterre-pour-la-troisieme-place-du-mondial-2026.html,"C’est l’heure de tourner plusieurs pages pour l’équipe de France. Celle du Mondial 2026, mais aussi celle de l’ère Deschamps. Ce samedi 18 juillet, les Bleus affrontent l’Angleterre, elle aussi élimi… [+3627 chars]",,fr,'France'
https://www.frandroid.com/produits-android/3184069_france-angleterre-comment-voir-le-match-pour-la-3e-place-de-la-coupe-du-monde-2026-en-streaming,https://www.frandroid.com/produits-android/3184069_france-angleterre-comment-voir-le-match-pour-la-3e-place-de-la-coupe-du-monde-2026-en-streaming,0,www.frandroid.com,France-Angleterre : comment voir le match pour la 3e place de la Coupe du monde 2026 en streaming ?,"La France et l'Angleterre s'affrontent ce samedi 18 juillet 2026 pour la 3e place de la Coupe du monde, la petite finale, qui n'a peut-être pas la saveur d'une finale, mais qui reste un dernier rendez-vous entre deux grandes nations du football. Voici tout ce…","https://c0.lestechnophiles.com/images.frandroid.com/wp-content/uploads/2026/07/france-angleterre.jpg?resize=1600,900&key=f51c8002",2026-07-18T10:30:00Z,,"La France et l’Angleterre s’affrontent ce samedi 18 juillet 2026 pour la 3e place de la Coupe du monde, la petite finale, qui n’a peut-être pas la saveur d’une finale, mais qui reste un dernier rende… [+3301 chars]",,fr,'Angleterre'
https://www.presse-citron.net/coupe-du-monde-la-diffusion-du-match-france-angleterre-sera-interrompue-en-direct-ce-soir/,https://www.presse-citron.net/coupe-du-monde-la-diffusion-du-match-france-angleterre-sera-interrompue-en-direct-ce-soir/,0,www.presse-citron.net,Coupe du Monde : la diffusion du match France-Angleterre sera interrompue en direct ce soir,Une grosse menace pour tous les utilisateurs de services pirates.,https://www.presse-citron.net/app/uploads/2026/03/Mbappe-Equipe-de-France-1600x900.jpg,2026-07-18T11:21:06Z,,"Comme promis, la nouvelle arme redoutable contre lIPTV se déploie en France à loccasion de la Coupe du monde. Si vous nen avez pas encore entendu parler, sachez quil sagit du blocage en temps réel de… [+2819 chars]",,fr,'Angleterre'
https://www.huffingtonpost.fr/sport/article/les-derniers-mots-de-didier-deschamps-avant-son-dernier-match-l-equipe-de-france-va-me-manquer_290732.html,https://www.huffingtonpost.fr/sport/article/les-derniers-mots-de-didier-deschamps-avant-son-dernier-match-l-equipe-de-france-va-me-manquer_290732.html,0,www.huffingtonpost.fr,Les derniers mots de Didier Deschamps avant son dernier match : « L’équipe de France va me manquer »,"Après un quart de siècle consacré aux Bleus, Didier Deschamps va refermer un immense chapitre de sa carrière après France-Angleterre au Mondial-2026.",https://focus.huffingtonpost.fr/2026/07/18/54/162/645/363/1820/1023/75/0/aefa439_upload-1-h1zh1wunwxzo-capture-d-ecran-2026-07-18-142618.png,2026-07-18T13:49:28Z,,"Sil préfère rester concentré sur le football jusquau bout, Didier Deschamps a eu bien du mal à cacher son émotion vendredi 17 juillet, lors de ses ultimes interviews à la veille du match de léquipe d… [+2916 chars]",,fr,'Angleterre'
https://www.lesnumeriques.com/societe-numerique/la-canicule-touche-a-sa-fin-en-france-sauf-dans-ces-territoires-qui-subiront-encore-la-chaleur-etouffante-n259449.html,https://www.lesnumeriques.com/societe-numerique/la-canicule-touche-a-sa-fin-en-france-sauf-dans-ces-territoires-qui-subiront-encore-la-chaleur-etouffante-n259449.html,0,www.lesnumeriques.com,"Actualité : La canicule touche à sa fin en France, sauf dans ces territoires qui subiront encore la chaleur étouffante","Ce samedi 18 juillet 2026, la canicule prend fin sur la majeure partie de la France. Malheureusement, le sud-est fait exception, avec sept départements toujours en vigilance orange. Partout sur le reste de l'Hexagone, les températures sont enfin supportables.",https://cdn.lesnumeriques.com/optim/news/25/259449/7543336c-la-canicule-touche-a-sa-fin-en-france-sauf-dans-ces-territoires-qui-subiront-encore-la-chaleur-etouffante__1200_678__162-558-4309-2735.jpg,2026-07-18T14:15:00Z,http://web.archive.org/web/20260718212924/https://www.lesnumeriques.com/societe-numerique/la-canicule-touche-a-sa-fin-en-france-sauf-dans-ces-territoires-qui-subiront-encore-la-chaleur-etouffante-n259449.html,"La canicule prend fin après douze jours d'une chaleur étouffante. Il s'agit d'un retrait progressif, les départements sortent de l'alerte les uns après les autres. Météo-France garde en alerte les Bo… [+3223 chars]",,fr,'Alpes'
https://www.20minutes.fr/monde/niger/4235138-20260718-niger-journaliste-importante-radio-libere-apres-plus-an-detention,https://www.20minutes.fr/monde/niger/4235138-20260718-niger-journaliste-importante-radio-libere-apres-plus-an-detention,0,www.20minutes.fr,Niger : Un journaliste d’une importante radio libéré après plus d’un an de détention,"Hamid Mahmoud, un journaliste de Radio Sahara FM d’Agadez, avait été arrêté en mai 2025 après avoir évoqué la « rupture » présumée de contrats sécuritaires entre le Niger et la Russie",https://img.20mn.fr/xC3pyu67RVawqeakVriMcCk/1444x920_les-drapeaux-nationaux-du-niger-et-de-la-russie-sont-vus-alors-que-des-partisans-du-conseil-national-pour-la-sauvegarde-de-la-patrie-cnsp-du-niger-manifestent-devant-la-base-aerienne-nigerienne-et-francaise-de-niamey-le-2-septembre-2023-pour-exiger-le-depart-de-l-armee-francaise-du-niger-photo-de-l-afp,2026-07-18T14:22:33Z,http://web.archive.org/web/20260719035741/https://www.20minutes.fr/monde/niger/4235138-20260718-niger-journaliste-importante-radio-libere-apres-plus-an-detention,"«Notre confrère [] a été libéré ce vendredi. » Cest par ces mots quun membre dune association de médias nigériens privés a annoncé la libération dHamid Mahmoud, un journaliste de Radio Sahara FM dAga… [+1837 chars]",,fr,'Russie'
https://www.lesnumeriques.com/evenement-sportif/france-angleterre-comment-voir-la-petite-finale-de-la-coupe-du-monde-en-streaming-n259348.html,https://www.lesnumeriques.com/evenement-sportif/france-angleterre-comment-voir-la-petite-finale-de-la-coupe-du-monde-en-streaming-n259348.html,0,www.lesnumeriques.com,Actualité : France-Angleterre : comment voir la petite finale de la Coupe du monde en streaming ?,"L'équipe de France affronte l'Angleterre ce samedi à la Coupe du monde 2026 de la FIFA avec le match pour la troisième place. Voici les informations à connaître pour rien rater de la rencontre : programme, horaire, diffusion en clair ou sur les plateformes de…",https://cdn.lesnumeriques.com/optim/news/25/259348/8e55d4c3-france-angleterre-comment-voir-la-petite-finale-de-la-coupe-du-monde-en-streaming_png__1200_678__0-17-1997-1065.jpg,2026-07-18T14:30:00Z,,"Ce samedi 18 juillet, les Bleus terminent leur campagne avec une rencontre face à l'Angleterre lors de la ""petite finale"" qui décidera du troisième de cette Coupe du monde 2026 de football.
Comme c'… [+3584 chars]",,fr,'France'
https://www.courrierinternational.com/article/analyse-en-iran-trump-prend-le-risque-d-une-nouvelle-guerre-sans-fin-pour-les-etats-unis_250342,https://www.courrierinternational.com/article/analyse-en-iran-trump-prend-le-risque-d-une-nouvelle-guerre-sans-fin-pour-les-etats-unis_250342,0,www.courrierinternational.com,"En Iran, Trump prend le risque d’une nouvelle “guerre sans fin” pour les États-Unis","Cessez-le-feu rompu et détroit d’Ormuz de nouveau bloqué : l’accord entre Téhéran et Washington semble dans l’impasse, comme si les deux belligérants y avaient vu “le prolongement de la guerre par d’autres moyens et non un tremplin vers la paix”, relève un ex…",https://focus.courrierinternational.com/2026/07/10/1/0/5000/3333/1200/630/60/0/952efe7_ftp-1-vv9nnl6c2qma-trump-iran-strategy.JPG,2026-07-18T14:54:05Z,,"Personne ne déclare une guerre en supposant quelle sera éternelle.
Il nempêche que, depuis le Vietnam, les présidents des États-Unis ne cessent de sengager dans des conflits qui paraissent sans fin,… [+7282 chars]",,fr,'Maritimes'
https://www.20minutes.fr/monde/ukraine/4235150-20260718-guerre-ukraine-visite-ministre-nord-coreenne-affaires-etrangeres-moscou-botswanais-front-russe,https://www.20minutes.fr/monde/ukraine/4235150-20260718-guerre-ukraine-visite-ministre-nord-coreenne-affaires-etrangeres-moscou-botswanais-front-russe,0,www.20minutes.fr,"Guerre en Ukraine : Visite de la ministre nord-coréenne des Affaires étrangères à Moscou, des Botswanais sur le front russe","« 20 Minutes » fait le point pour vous tous les soirs sur le conflit en Ukraine. Ce samedi 18 juillet, la ministre nord-coréenne des Affaires étrangères est en visite à Moscou",https://img.20mn.fr/ElGwOCtlTNOgB4k32WV1eyk/1444x920_coree-du-nord-pyongyang-30-mai-2026-le-ministre-des-affaires-etrangeres-de-la-coree-du-nord-choe-son-hui-assiste-a-une-ceremonie-de-devoilement-d-une-plaque-a-la-memoire-d-alexander-matsegora-ambassadeur-de-russie-en-coree-du-nord-2014-2025-a-l-ambassade-de-russie-credit-image-stanislav-varivoda-tass-via-zuma-press-20260530-zaa-t113-170-zeus-2605301615,2026-07-18T17:21:17Z,http://web.archive.org/web/20260719013903/https://www.20minutes.fr/monde/ukraine/4235150-20260718-guerre-ukraine-visite-ministre-nord-coreenne-affaires-etrangeres-moscou-botswanais-front-russe,"Vous avez raté les derniers événements sur la guerre en Ukraine ? 20 Minutes fait le point pour vous tous les soirs. Voici lessentiel de ce samedi 18 juillet 2026, 1.605e jour du conflit.
Le fait du… [+3854 chars]",,fr,'Russie'
https://www.20minutes.fr/sport/football/4235093-20260718-direct-france-angleterre-bleus-vont-soigner-der-deschamps-mbappe-meilleur-buteur-suivez-petite-finale,https://www.20minutes.fr/sport/football/4235093-20260718-direct-france-angleterre-bleus-vont-soigner-der-deschamps-mbappe-meilleur-buteur-suivez-petite-finale,0,www.20minutes.fr,France - Angleterre : Les Bleus s'inclinent mais nous auront fait rêver 45 minutes... Revivez cette dinguerie avec nous,"Après avoir été ridicules pendant 45 minutes, Les Bleus ont relevé la tête en seconde période et fait honneur au maillot pour la dernière de Didier Deschamps",https://img.20mn.fr/TxbfgItYTAyULq9T6AGSXCk/1444x920_l-entraineur-chef-de-la-france-didier-deschamps-au-centre-s-entretient-avec-adrien-rabiot-14-ans-theo-hernandez-19-ans-et-ibrahima-konate-15-ans-lors-du-match-de-football-pour-la-troisieme-place-de-la-coupe-du-monde-entre-la-france-et-l-angleterre-a-miami-gardens-en-floride-le-samedi-18-juillet-2026-ap-photo-rebecca-blackwell-wctg161-26199793232089-2607190003,2026-07-18T18:32:37Z,,"99e
L'Angleterre s'impose 6 buts à 4 et monte sur la troisième marche du podium. On vient d'assister au plus beau match de la Coupe du monde et de trèèèèèèès loin. C'était fou, merci encore aux joue… [+4235 chars]",,fr,'France'
https://www.huffingtonpost.fr/sport/article/coupe-du-monde-l-hommage-touchant-de-mbappe-avant-la-derniere-de-deschamps_290864.html,https://www.huffingtonpost.fr/sport/article/coupe-du-monde-l-hommage-touchant-de-mbappe-avant-la-derniere-de-deschamps_290864.html,0,www.huffingtonpost.fr,"Avant France-Angleterre, l’hommage touchant de Mbappé avant la dernière de Deschamps","Le capitaine de l’équipe de France de football a publié un émouvant message sur Instagram, à quelques heures du dernier match de Didier Deschamps en tant que sélectionneur des Bleus.",https://focus.huffingtonpost.fr/2026/07/18/79/0/3218/1810/1820/1023/75/0/c49de32_upload-1-ul2ngv05vy1e-gettyimages-2285417331.jpg,2026-07-18T18:52:04Z,,Une page immense de lhistoire des Bleus sapprête à se tourner. Alors que Didier Deschamps va diriger ce samedi 18 juillet son dernier match à la tête de léquipe de France pour la petite finale de la … [+2516 chars],,fr,'Angleterre'
https://www.huffingtonpost.fr/sport/article/france-angleterre-des-bleus-a-deux-visages-battus-pour-la-derniere-de-didier-deschamps_290930.html,https://www.huffingtonpost.fr/sport/article/france-angleterre-des-bleus-a-deux-visages-battus-pour-la-derniere-de-didier-deschamps_290930.html,0,www.huffingtonpost.fr,France-Angleterre : des Bleus à deux visages battus pour la dernière de Didier Deschamps.,"Après avoir perdu la petite finale, l’équipe de France termine quatrième de la Coupe du monde. Kylian Mbappé a inscrit un nouveau doublé.",https://focus.huffingtonpost.fr/2026/07/18/313/604/5413/3045/1820/1023/75/0/9c792c7_upload-1-ucvoucfabykt-afp-20260718-bretonhernandez-franceve260718-npwaz-v1-highres-francevenglandbron.jpg,2026-07-18T23:05:52Z,,"EN BREFLéquipe de France termine quatrième de la Coupe du monde après une défaite 6-4 contre lAngleterre.Les Bleus avaient complètement manqué leur première période, encaissant 4 buts.Cette défaite a… [+4071 chars]",,fr,'France'
https://www.courrierinternational.com/article/vu-d-angleterre-fou-thriller-classique-la-france-perd-encore-mais-vibre-contre-l-angleterre_251133,https://www.courrierinternational.com/article/vu-d-angleterre-fou-thriller-classique-la-france-perd-encore-mais-vibre-contre-l-angleterre_251133,0,www.courrierinternational.com,"“Fou”, “thriller”, “classique” : La France perd encore mais vibre contre l’Angleterre","Le match pour la troisième place, opposant généralement des joueurs démotivés, a accouché d’un spectaculaire 6-4 après une première mi-temps catastrophique des Bleus.",https://focus.courrierinternational.com/2026/07/18/0/22/1753/1169/1200/630/60/0/32e3808_ftp-1-5s7kwqurximy-2026-07-18t231058z-132967042-up1em7i1s56pu-rtrmadp-3-soccer-worldcup-fra-eng.JPG,2026-07-19T03:55:00Z,,"Par où commencer avec ce match en forme de montagnes russes, se demande le Guardian. On peut lui répondre avec une jolie formule de la BBC : le match que personne ne voulait jouer est devenu le match… [+2397 chars]",,fr,'Miami'
https://www.courrierinternational.com/article/pendant-que-vous-dormiez-allemagne-freres-tate-et-luis-manuel-otero-alcantara-les-informations-de-la-nuit_251100,https://www.courrierinternational.com/article/pendant-que-vous-dormiez-allemagne-freres-tate-et-luis-manuel-otero-alcantara-les-informations-de-la-nuit_251100,0,www.courrierinternational.com,"Allemagne, frères Tate et Luis Manuel Otero Alcántara : les informations de la nuit","Un leader de la CDU démissionne. Jens Spahn, à la tête du groupe parlementaire des conservateurs allemands, a décidé de quitter le parti parce qu’il a eu un enfant avec son mari via la gestation pour autrui aux États-Unis. La GPA est interdite en Allemagne et…",https://focus.courrierinternational.com/2026/07/18/0/0/5295/3530/1200/630/60/0/ad6001a_ftp-1-jlqozjgoqqih-afp-c2ja2we.jpg,2026-07-19T03:55:06Z,,"Un leader de la CDU démissionne. Jens Spahn, à la tête du groupe parlementaire des conservateurs allemands, a décidé de quitter le parti parce quil a eu un enfant avec son mari via la gestation pour … [+2254 chars]",,fr,'Miami'
https://www.20minutes.fr/football/diaporama-4235175-images-france-angleterre-mbappe-meilleur-buteur-olise-reprend-konate-sombre-notes-bleus,https://www.20minutes.fr/football/diaporama-4235175-images-france-angleterre-mbappe-meilleur-buteur-olise-reprend-konate-sombre-notes-bleus,0,www.20minutes.fr,"EN IMAGES. France - Angleterre : Mbappé meilleur buteur, Olise se reprend et Konaté sombre... Les notes des Bleus",Les Bleus ne sont pas passés loin d'une humiliation planétaire avant de se reprendre en seconde période malgré la défaite,https://img.20mn.fr/oa9Odb0vShy7eTfGpnFDOyk/1444x920_en-inscrivant-un-double-contre-l-angleterre-kylian-mbappe-est-devenu-samedi-le-meilleur-buteur-de-l-histoire-de-la-coupe-du-monde,2026-07-19T04:32:36Z,,"Aymeric Le Gall
Publié le 19/07/2026 à 06h32 Mis à jour le 19/07/2026 à 06h32
Léquipe de France a montré deux visages totalement opposés lors de cette petite finale contre lAngleterre, samedi, à Mi… [+8008 chars]",,fr,'Sénégal'
https://www.franceinfo.fr/tour-de-france/direct-tour-de-france-2026-qui-va-s-imposer-au-plateau-de-solaison-au-terme-de-l-etape-la-plus-difficile-de-cette-edition_8113469.html,https://www.franceinfo.fr/tour-de-france/direct-tour-de-france-2026-qui-va-s-imposer-au-plateau-de-solaison-au-terme-de-l-etape-la-plus-difficile-de-cette-edition_8113469.html,0,www.franceinfo.fr,"Tour de France 2026 : qui va s'imposer au plateau de Solaison, au terme de l'étape la plus difficile de cette édition ?","Après la 14e étape remportée par Tadej Pogacar, les coureurs vont devoir gravir le plateau de Solaison, en Haute-Savoie, pour la première fois dans l'histoire de la Grande Boucle.",https://www.franceinfo.fr/pictures/zPKMTGqk8AhdoAFH2KX3_4fLWzs/0x0:6407x3603/1500x843/2026/07/19/6a5c113f5d0aa552676944.jpg,2026-07-19T05:00:13Z,http://web.archive.org/web/20260720025652/https://www.franceinfo.fr/tour-de-france/direct-tour-de-france-2026-qui-va-s-imposer-au-plateau-de-solaison-au-terme-de-l-etape-la-plus-difficile-de-cette-edition_8113469.html,"Place aux choses (très) sérieuses sur le Tour de France : la 15e étape verra le peloton rallier le plateau de Solaison, en Haute-Savoie, depuis Champagnole, dans le Jura, dimanche 19 juillet, pour l'… [+257 chars]",,fr,'Savoie'
https://www.20minutes.fr/sport/football/4235168-20260719-france-angleterre-honte-nationale-resurrection-bleus-offrent-der-mouvementee-deschamps,https://www.20minutes.fr/sport/football/4235168-20260719-france-angleterre-honte-nationale-resurrection-bleus-offrent-der-mouvementee-deschamps,0,www.20minutes.fr,"France - Angleterre : De la honte nationale à la résurrection, les Bleus offrent une der' mouvementée à Deschamps","Pathétiques puis géniaux, les Bleus ont fait vivre un roller coaster d’émotions à Didier Deschamps, samedi, contre l’Angleterre, pour son dernier match à la tête des Bleus",https://img.20mn.fr/rGvqaX9VTIWOMP5AafvL-Sk/1444x920_credit-obligatoire-photo-de-jose-breton-afp7-shutterstock-16997232ay-didier-deschamps-selectionneur-de-la-france-s-entretient-avec-l-equipe-lors-du-match-pour-la-medaille-de-bronze-de-la-coupe-du-monde-de-la-fifa-2026-entre-la-france-et-l-angleterre-au-miami-stadium-le-18-juillet-2026-a-miami-gardens-aux-etats-unis-france-angleterre-match-pour-la-medaille-de-bronze-coupe-du-monde-de-la-fifa-2026-miami-gardens-floride-etats-unis-18-juillet-2026-shutterstock-editorial-france-v-england-bronze-medal-16997232ay-2607190002,2026-07-19T06:02:36Z,,"De notre envoyé spécial (pas) à Miami (mais à New York),
Bravo aux Anglais pour leur titre de champion du monde. Comment ça, il y a un match dimanche soir entre lEspagne et lArgentine ? Hé bien, bon… [+5988 chars]",,fr,'France'
https://rmcsport.bfmtv.com/football/coupe-du-monde/il-n-a-jamais-ete-bon-prestation-insipide-contre-l-angleterre-embrouille-avec-deschamps-y-a-t-il-un-probleme-cherki_AV-202607190129.html,https://rmcsport.bfmtv.com/football/coupe-du-monde/il-n-a-jamais-ete-bon-prestation-insipide-contre-l-angleterre-embrouille-avec-deschamps-y-a-t-il-un-probleme-cherki_AV-202607190129.html,0,rmcsport.bfmtv.com,"""Il n’a jamais été bon"": prestation insipide contre l'Angleterre, embrouille avec Deschamps… Y a-t-il un problème Cherki?","Titulaire face à l’Angleterre (4-6) lors du match pour la 3e place de la Coupe du monde 2026, le meneur de l’équipe de France, Rayan Cherki, a participé au naufrage des Bleus en première période avant d’être parmi les joueurs remplacés à la pause. Entre temps…",https://images.bfmtv.com/0yg32fTg8EA6EQrVC3u53MXvQdk=/0x58:2048x1210/images/Le-Francais-Rayan-Cherki-face-a-l-Angleterre-le-18-juillet-2026-a-Miami-2322179.jpg,2026-07-19T07:00:07Z,,"Titulaire face à lAngleterre (4-6) lors du match pour la 3e place de la Coupe du monde 2026, le meneur de léquipe de France, Rayan Cherki, a participé au naufrage des Bleus en première période avant … [+2711 chars]",,fr,'Angleterre'
https://rmcsport.bfmtv.com/football/equipe-de-france/france-angleterre-c-est-moi-qui-me-suis-trompe-pas-eux-deschamps-protege-ses-joueurs_AV-202607190137.html,https://rmcsport.bfmtv.com/football/equipe-de-france/france-angleterre-c-est-moi-qui-me-suis-trompe-pas-eux-deschamps-protege-ses-joueurs_AV-202607190137.html,0,rmcsport.bfmtv.com,"France-Angleterre: ""C'est moi qui me suis trompé, pas eux"", Deschamps protège ses joueurs","Après une défaite amère contre l'Angleterre en petite finale de Coupe du monde (4-6), Didier Deschamps a pris l'entière responsabilité du naufrage en première période, où les Bleus ont encaissé un 4-0.",https://images.bfmtv.com/wEVUgGabey4gklKVA81Hzx_DxCc=/160x189:1344x855/images/Didier-Deschamps-lors-de-France-Angleterre-le-18-juillet-2026-2322121.jpg,2026-07-19T07:10:15Z,,"Après une défaite amère contre l'Angleterre en petite finale de Coupe du monde (4-6), Didier Deschamps a pris l'entière responsabilité du naufrage en première période, où les Bleus ont encaissé un 4-… [+1896 chars]",,fr,'Angleterre'
https://www.sofoot.com/breves/mondial-2026-didier-deschamps-reagit-a-son-clash-avec-rayan-cherki-a-la-mi-temps-de-france-angleterre,https://www.sofoot.com/breves/mondial-2026-didier-deschamps-reagit-a-son-clash-avec-rayan-cherki-a-la-mi-temps-de-france-angleterre,0,www.sofoot.com,Mondial 2026 : Didier Deschamps réagit à son « clash » avec Rayan Cherki à la mi-temps de France-Angleterre,Un feu de paille. A la suite de la première mi-temps catastrophique de l’équipe de France face à l’Angleterre ce…,https://sofoot.s3.eu-central-1.amazonaws.com/wp-content/uploads/2026/07/19093622/14201263-1400x933.jpg,2026-07-19T07:10:43Z,,"Un feu de paille. A la suite de la première mi-temps catastrophique de léquipe de France face à lAngleterre ce samedi soir en petite finale de la Coupe du monde (0-4 à la pause), Didier Deschamps a p… [+918 chars]",,fr,'Angleterre'
https://rmcsport.bfmtv.com/football/coupe-du-monde/coupe-du-monde-2026-entre-gigantisme-stades-magnifiques-et-football-spectacle-ce-qu-on-a-aime-ou-pas-dans-ce-mondial_AV-202607190140.html,https://rmcsport.bfmtv.com/football/coupe-du-monde/coupe-du-monde-2026-entre-gigantisme-stades-magnifiques-et-football-spectacle-ce-qu-on-a-aime-ou-pas-dans-ce-mondial_AV-202607190140.html,0,rmcsport.bfmtv.com,"Coupe du monde 2026: entre gigantisme, stades magnifiques et football-spectacle... ce qu'on a aimé ou pas dans ce Mondial","Après 103 matches disputés entre les États-Unis, le Canada et le Mexique, la Coupe du monde 2026 s'achève ce dimanche avec la finale entre l'Argentine et l'Espagne au MetLife Stadium de New York (21h). Pendant plus d'un mois et demi, RMC Sport a sillonné les …",https://images.bfmtv.com/2lbVcoxwOn3p4FnXO-ah8fCJvwQ=/0x0:2048x1152/images/Le-Hard-Rock-Stadium-de-Miami-avant-la-petite-finale-France-Angleterre-le-18-juillet-2026-2322102.jpg,2026-07-19T07:24:44Z,,"Après 103 matches disputés entre les États-Unis, le Canada et le Mexique, la Coupe du monde 2026 s'achève ce dimanche avec la finale entre l'Argentine et l'Espagne au MetLife Stadium de New York (21h… [+4585 chars]",,fr,'Argentine'
https://www.sofoot.com/breves/mondial-2026-aurelien-tchouameni-decu-de-ne-pas-avoir-gagne-le-match-france-angleterre-pour-la-derniere-de-didier-deschamps-avec-les-bleus,https://www.sofoot.com/breves/mondial-2026-aurelien-tchouameni-decu-de-ne-pas-avoir-gagne-le-match-france-angleterre-pour-la-derniere-de-didier-deschamps-avec-les-bleus,0,www.sofoot.com,Mondial 2026 : Aurélien Tchouaméni « déçu » de ne pas avoir gagné le match France-Angleterre pour la dernière de Didier Deschamps avec les Bleus,« Mea culpa ». Même s’il n’a pas participé à la débâcle des Bleus face à l’Angleterre (4-6) ce samedi soir…,https://sofoot.s3.eu-central-1.amazonaws.com/wp-content/uploads/2026/07/19094807/14298834-1400x933.jpg,2026-07-19T07:27:25Z,,"«Mea culpa». Même sil na pas participé à la débâcle des Bleus face à lAngleterre (4-6) ce samedi soir en petite finale du Mondial 2026, Aurélien Tchouaméni a été choisi par la FFF pour aller répondre… [+1062 chars]",,fr,'Angleterre'
https://rmcsport.bfmtv.com/football/coupe-du-monde/france-angleterre-pathetique-desolant-des-figurants-le-coup-de-gueule-de-jean-michel-larque_AV-202607190143.html,https://rmcsport.bfmtv.com/football/coupe-du-monde/france-angleterre-pathetique-desolant-des-figurants-le-coup-de-gueule-de-jean-michel-larque_AV-202607190143.html,0,rmcsport.bfmtv.com,"France-Angleterre: ""Pathétique, désolant, des figurants..."" Le coup de gueule de Jean-Michel Larqué à propos de l'attitude des Bleus","Jean-Michel Larqué dresse un sévère réquisitoire à l'encontre des Bleus au lendemain de la défaite 4-6 face à l'Angleterre, lors de la petite finale de la Coupe du monde 2026. ""Je me demande s'ils n'avaient pas lâché Didier Deschamps"", s'interroge-t-il au mic…",https://images.bfmtv.com/biMYTFqvdFe2zY7kPqHeiEHMMgM=/0x124:2048x1276/images/Les-joueurs-de-l-equipe-de-France-apres-la-defaite-contre-l-Angleterre-le-18-juillet-2026-a-Miami-2322172.jpg,2026-07-19T07:29:49Z,,"Jean-Michel Larqué dresse un sévère réquisitoire à l'encontre des Bleus au lendemain de la défaite 4-6 face à l'Angleterre, lors de la petite finale de la Coupe du monde 2026. ""Je me demande s'ils n'… [+3158 chars]",,fr,'Angleterre'
https://www.sofoot.com/breves/mondial-2026-michael-olise-en-larmes-apres-la-petite-finale-france-angleterre,https://www.sofoot.com/breves/mondial-2026-michael-olise-en-larmes-apres-la-petite-finale-france-angleterre,0,www.sofoot.com,Mondial 2026 : Michael Olise en larmes après la petite finale France-Angleterre,"Up and down. Avec la défaite de la France en petite finale face à l’Angleterre (4-6), c’est un…",https://sofoot.s3.eu-central-1.amazonaws.com/wp-content/uploads/2026/07/19101643/14312637-1400x933.jpg,2026-07-19T07:48:19Z,,"Up and down.Avec la défaite de la France en petite finale face à lAngleterre (4-6), cest un Mondial mi-figue mi-raisin qui sachève pour Michael Olise. Dun côté, lattaquant du Bayern Munich a battu le… [+640 chars]",,fr,'Angleterre'
https://www.huffingtonpost.fr/international/article/l-influenceur-mascu-andrew-tate-accuse-de-viol-arrete-aux-etats-unis_291030.html,https://www.huffingtonpost.fr/international/article/l-influenceur-mascu-andrew-tate-accuse-de-viol-arrete-aux-etats-unis_291030.html,0,www.huffingtonpost.fr,"L’influenceur mascu Andrew Tate, accusé de viol, arrêté aux États-Unis","Son frère Tristan a également été arrêté, à la demande du Royaume-Uni qui réclame l’extradition des deux hommes pour viols présumés.",https://focus.huffingtonpost.fr/2025/04/19/0/0/7325/4120/1820/1023/75/0/0847199_sirius-fs-upload-1-82i0y0yzc9dx-1745075841082-000-36py9xc.jpg,2026-07-19T08:00:08Z,,À voir aussi sur Le HuffPost La lecture de ce contenu est susceptible dentraîner un dépôt de cookies de la part de lopérateur tiers qui lhéberge. Compte-tenu des choix que vous avez exprimés en matiè… [+3050 chars],,fr,'Royaume-Uni'
https://www.presse-citron.net/paris-grenoble-en-opel-grandland-comment-ses-sieges-magiques-ont-sauve-mon-dos-en-7-heures-de-route/,https://www.presse-citron.net/paris-grenoble-en-opel-grandland-comment-ses-sieges-magiques-ont-sauve-mon-dos-en-7-heures-de-route/,0,www.presse-citron.net,J’ai fait Paris-Grenoble en Opel Grandland : comment ses sièges magiques ont sauvé mon dos en 7 heures de route,"Opel, ça ne respire généralement pas la joie de vivre. Et rien ne change pas avec le Grandland. Je l’ai tout de même mis à l’épreuve d’un grand trajet entre Paris et Grenoble, et au bout du compte, ce sont surtout ses sièges qui m’ont surpris.",https://www.presse-citron.net/app/uploads/2026/07/opel-grandland-10-1600x900.jpg,2026-07-19T08:00:15Z,http://web.archive.org/web/20260719132850/https://www.presse-citron.net/paris-grenoble-en-opel-grandland-comment-ses-sieges-magiques-ont-sauve-mon-dos-en-7-heures-de-route/,"Il est 11h sur le parking PX de laéroport Paris-Charles de Gaulle. Les 32°C affichés sur lordinateur de bord indiquent que nous sommes bien en été. Lhabitacle est bouillant, mais il faut rapidement f… [+6568 chars]",,fr,'Paris'
https://rmcsport.bfmtv.com/football/coupe-du-monde/france-angleterre-l-excuse-ne-marche-pas-riolo-en-desaccord-total-avec-les-explications-de-mbappe-sur-la-defaite-des-bleus_AV-202607190165.html,https://rmcsport.bfmtv.com/football/coupe-du-monde/france-angleterre-l-excuse-ne-marche-pas-riolo-en-desaccord-total-avec-les-explications-de-mbappe-sur-la-defaite-des-bleus_AV-202607190165.html,0,rmcsport.bfmtv.com,"France-Angleterre: ""L’excuse ne marche pas"", Riolo en désaccord total avec les explications de Mbappé sur la défaite des Bleus","Après l’incroyable défaite de l’équipe de France 6-4 face à l’Angleterre lors du match pour la 3e place de la Coupe du monde 2026 samedi à Miami, Kylian Mbappé a mis en avant l’aspect ""humain"" pour expliquer le naufrage en première période. Un mauvais argumen…",https://images.bfmtv.com/k97IG5_a4tvjvznaHJUFU4daXMI=/0x74:2048x1226/images/Le-capitaine-de-l-equipe-de-France-Kylian-Mbappe-contre-l-Angleterre-le-18-juillet-2026-a-Miami-2322198.jpg,2026-07-19T08:27:52Z,,"Après lincroyable défaite de léquipe de France 6-4 face à lAngleterre lors du match pour la 3e place de la Coupe du monde 2026 samedi à Miami, Kylian Mbappé a mis en avant laspect ""humain"" pour expli… [+1589 chars]",,fr,'Angleterre'
https://www.huffingtonpost.fr/sport/article/la-presse-encense-france-angleterre-qui-a-dit-que-le-match-pour-la-3e-place-etait-inutile_291029.html,https://www.huffingtonpost.fr/sport/article/la-presse-encense-france-angleterre-qui-a-dit-que-le-match-pour-la-3e-place-etait-inutile_291029.html,0,www.huffingtonpost.fr,La presse encense France-Angleterre : « Qui a dit que le match pour la 3e place était inutile ? »,"Match « inoubliable », un « classique »… Cette petite finale de la Coupe du Monde que personne ne voulait jouer a fini par devenir une rencontre mythique.",https://focus.huffingtonpost.fr/2026/07/19/327/0/8256/4644/1820/1023/75/0/70806ab_upload-1-xcc7uqxy6x9h-afp-20260718-c2jw9ux-v1-highres-fblwc2026match103fraeng.jpg,2026-07-19T08:58:48Z,,"« Le match que personne ne voulait jouer est devenu le match que personne ne voulait voir cesser », estime la BBC au lendemain du match France-Angleterre. Il y a encore quelques jours, cette petite f… [+2049 chars]",,fr,'France'
https://rmcsport.bfmtv.com/football/equipe-de-france/france-angleterre-tchouameni-loue-un-discours-exceptionnel-de-deschamps-a-la-pause_AV-202607190173.html,https://rmcsport.bfmtv.com/football/equipe-de-france/france-angleterre-tchouameni-loue-un-discours-exceptionnel-de-deschamps-a-la-pause_AV-202607190173.html,0,rmcsport.bfmtv.com,"France-Angleterre: Tchouaméni loue un ""discours exceptionnel"" de Deschamps à la pause","Alors que les Bleus étaient menés 4-0 lors de la petite finale de Coupe du monde 2026 par l'Angleterre, les coéquipiers de Kylian Mbappé ont montré un tout autre visage en seconde période (4-6), motviés par un ""discours exceptionnel"" de Didier Deschamps.",https://images.bfmtv.com/OZI2FmQg5CHIDkE-tTmFxhBHMpY=/96x78:1904x1095/images/Didier-Deschamps-et-Aurelien-Tchouameni-le-4-juin-2026-2298152.jpg,2026-07-19T09:00:07Z,,"Alors que les Bleus étaient menés 4-0 lors de la petite finale de Coupe du monde 2026 par l'Angleterre, les coéquipiers de Kylian Mbappé ont montré un tout autre visage en seconde période (4-6), motv… [+2486 chars]",,fr,'France'
https://www.sofoot.com/breves/mondial-2026-apres-france-angleterre-jules-kounde-exprime-son-desinteret-pour-les-petites-finales,https://www.sofoot.com/breves/mondial-2026-apres-france-angleterre-jules-kounde-exprime-son-desinteret-pour-les-petites-finales,0,www.sofoot.com,"Mondial 2026 : Après France-Angleterre, Jules Koundé exprime son désintérêt pour les petites finales","Six minutes de jouées, beaucoup plus à dire. Entré dans le temps additionnel de la petite finale perdue…",https://sofoot.s3.eu-central-1.amazonaws.com/wp-content/uploads/2026/07/19112152/14299129-1400x933.jpg,2026-07-19T09:29:00Z,,"Six minutes de jouées, beaucoup plus à dire. Entré dans le temps additionnel de la petite finale perdue par les Bleus face à lAngleterre (4-6), Jules Koundé na pas mâché ses mots une fois en zone mix… [+756 chars]",,fr,'Angleterre'
https://www.numerama.com/tech/2296343-coupe-du-monde-2026-comment-voir-la-finale-entre-lespagne-et-largentine-et-le-concert-de-justin-bieber.html,https://www.numerama.com/tech/2296343-coupe-du-monde-2026-comment-voir-la-finale-entre-lespagne-et-largentine-et-le-concert-de-justin-bieber.html,0,www.numerama.com,Coupe du monde 2026 : comment voir la finale entre l’Espagne et l’Argentine (et le concert de Justin Bieber) ?,"Dimanche 19 juillet 2026 à 21 heures, plus d'un milliard de personnes devraient assister à la finale de la Coupe du monde de la FIFA entre l'Espagne et l'Argentine. Une affiche difficile à regarder pour un supporter français, mais qui pourrait être passionnan…","https://c0.lestechnophiles.com/www.numerama.com/wp-content/uploads/2026/07/world-cup-finale.jpg?resize=1600,900&key=11192271",2026-07-19T10:00:00Z,,"Dimanche 19 juillet 2026 à 21 heures, plus d’un milliard de personnes devraient assister à la finale de la Coupe du monde de la FIFA entre l’Espagne et l’Argentine. Une affiche difficile à regarder p… [+4752 chars]",,fr,'Miami'
https://www.dhnet.be/sports/football/coupe-du-monde/2026/07/19/france-angleterre-4-6-les-chiffres-dune-folie-qui-font-entrer-kylian-mbappe-et-michael-olise-dans-lhistoire-UN6ZPAMEYBDRTCZ5HMAMWSDQ6Y/,https://www.dhnet.be/sports/football/coupe-du-monde/2026/07/19/france-angleterre-4-6-les-chiffres-dune-folie-qui-font-entrer-kylian-mbappe-et-michael-olise-dans-lhistoire-UN6ZPAMEYBDRTCZ5HMAMWSDQ6Y/,0,www.dhnet.be,France – Angleterre 4-6 : les chiffres d’une folie qui font entrer Kylian Mbappé et Michael Olise dans l’histoire,"En attendant Lionel Messi, l’attaquant a repris la tête du classement des buteurs quand le milieu a battu le record de Pelé. ...",https://www.dhnet.be/resizer/v2/VWUE3SKORVFOXKTD3AQGJ6KAAA.jpg?auth=55445aaaa23ac8b9161a736d324824054e7a04190b9de937e87a937e1dbd85b2&width=1200&height=630&quality=85&focal=1362%2C958,2026-07-19T10:32:43Z,,"France Angleterre 4-6 : de la folie furieuse pour la dernière de Didier Deschamps134
Declan Rice a ouvert le score après 134 secondes, inscrivant le deuxième but le plus rapide de l'histoire anglais… [+1884 chars]",,fr,'Angleterre'
https://www.ledauphine.com/insolite/2026/07/19/des-herissons-en-papier-bourres-de-pages-coquines-distribues-a-des-enfants-en-angleterre,https://www.ledauphine.com/insolite/2026/07/19/des-herissons-en-papier-bourres-de-pages-coquines-distribues-a-des-enfants-en-angleterre,0,www.ledauphine.com,Insolite. Des hérissons en papier bourrés de pages coquines distribués à des enfants en Angleterre,"En Angleterre, un vieil homme a vendu, à son insu, des hérissons en origami truffés de contenu pornographique à de jeunes enfants.",https://cdn-s-www.ledauphine.com/images/256B76CA-24BB-44FB-BCC0-13229AB6C34E/FB1200/photo-1784449038.jpg,2026-07-19T10:55:00Z,,"Une collecte de charité qui tourne au vinaigre
Scandal aux hérissons ! Dans la région du Wirral, à deux pas de Liverpool, un octogénaire multipliait les gestes généreux en confectionnant des hérisso… [+2347 chars]",,fr,'Angleterre'
https://www.challenges.fr/entreprise/tech-numerique/la-chine-ecrase-ce-marche-les-etats-unis-et-leurope-deja-distances-dans-les-robots-humanoides_644911,https://www.challenges.fr/entreprise/tech-numerique/la-chine-ecrase-ce-marche-les-etats-unis-et-leurope-deja-distances-dans-les-robots-humanoides_644911,0,www.challenges.fr,« La Chine écrase ce marché » : les États-Unis et l’Europe déjà distancés dans les robots humanoïdes,"Alors que l’américain Agility Robotics a annoncé son introduction en Bourse, l’Occident tente de résister au déferlement des robots humanoïdes programmé par Pékin.",https://www.challenges.fr/_ipx/f_jpg&enlarge_true&s_1200x630/cha/static/2026-07/59199.HR_0.jpg%3FVersionId=WY8hnY9GJK99ZgVBlp4OdN14O16Usjpk,2026-07-19T11:00:00Z,,"A lombre des introductions en Bourse des géants de lintelligence artificielle (IA), lannonce passerait presque inaperçue. Le spécialiste américain des robots humanoïdes Agility Robotics a pourtant dé… [+3520 chars]",,fr,'Boston'
https://www.ledauphine.com/transport/2026/07/19/departs-en-vacances-apres-de-50-kilometres-de-bouchons-sur-l-autoroute-a7,https://www.ledauphine.com/transport/2026/07/19/departs-en-vacances-apres-de-50-kilometres-de-bouchons-sur-l-autoroute-a7,0,www.ledauphine.com,Circulation. Départs en vacances : près de 50 kilomètres de bouchons sur l'autoroute A7,"C'est le troisième week-end de ces vacances d'été ! Hier, les automobilistes étaient particulièrement nombreux sur nos routes et ce dimanche, c'est à nouveau le cas. La journée est classée orange selon Bison Futé, dans la région Auvergne-Rhône-Alpes.",https://cdn-s-www.ledauphine.com/images/50EE4A26-5A93-46E1-970C-E04882638263/FB1200/photo-1784395516.jpg,2026-07-19T11:20:00Z,http://web.archive.org/web/20260720090425/https://www.ledauphine.com/transport/2026/07/19/departs-en-vacances-apres-de-50-kilometres-de-bouchons-sur-l-autoroute-a7,"Le Dauphiné Libéré, en tant que responsable de traitement, recueille dans ce formulaire des informations qui sont enregistrées dans un fichier informatisé par son Service Relations Clients, la finali… [+854 chars]",,fr,'Alpes'
https://rmcsport.bfmtv.com/football/coupe-du-monde/espagne-argentine-j-ai-mal-tous-les-jours-dibu-martinez-joue-avec-un-doigt-casse-depuis-le-debut-de-la-coupe-du-monde_AV-202607190224.html,https://rmcsport.bfmtv.com/football/coupe-du-monde/espagne-argentine-j-ai-mal-tous-les-jours-dibu-martinez-joue-avec-un-doigt-casse-depuis-le-debut-de-la-coupe-du-monde_AV-202607190224.html,0,rmcsport.bfmtv.com,"Espagne-Argentine: ""J'ai mal tous les jours"", Dibu Martinez joue avec un doigt cassé depuis le début de la Coupe du monde","Après avoir subi une fracure du doigt lors de la finale de la Ligue Europa le 20 mai dernier, Emiliano Martinez continue de garder les cages de l'Albiceleste lors de cette Coupe du monde 2026 malgré cette blessure et ce jusqu'en finale.",https://images.bfmtv.com/vyrtn3LlmTZCDcVrRpVQmFN8lY0=/0x95:2048x1247/images/Emiliano-Martinez-lors-de-la-conference-de-presse-avant-la-finale-de-la-Coupe-du-monde-2026-contre-l-Espagne-le-17-juillet-2026-2322236.jpg,2026-07-19T11:37:00Z,,"Après avoir subi une fracure du doigt lors de la finale de la Ligue Europa le 20 mai dernier, Emiliano Martinez continue de garder les cages de l'Albiceleste lors de cette Coupe du monde 2026 malgré … [+2182 chars]",,fr,'Angleterre'
https://www.dhnet.be/medias/musique/2026/07/19/the-rubettes-sugar-baby-love-en-deuil-tony-thorpe-guitariste-et-chanteur-du-groupe-de-pop-variete-anglais-est-decede-a-lage-de-80-ans-PJOXCBHU7FCVNJJAEBCGY7YCFM/,https://www.dhnet.be/medias/musique/2026/07/19/the-rubettes-sugar-baby-love-en-deuil-tony-thorpe-guitariste-et-chanteur-du-groupe-de-pop-variete-anglais-est-decede-a-lage-de-80-ans-PJOXCBHU7FCVNJJAEBCGY7YCFM/,0,www.dhnet.be,"The Rubettes (Sugar Baby Love) en deuil : Tony Thorpe, guitariste et chanteur du groupe de pop variété anglais, est décédé à l’âge de 80 ans",La voix derrière “Baby I Know” a disparu ce 18 juillet 2026 dans son Angleterre natale. ...,https://www.dhnet.be/resizer/v2/BMM5C5KPXNC7PNPOM64RNWAOOM.jpg?auth=c59dc9aed611cd3f6bd828f9064b0bf228470b8f64ca52c2aa49558de113351b&width=1200&height=630&quality=85&focal=610%2C424,2026-07-19T13:33:06Z,,"Le groupe, formé en 1974 à la suite du succès de ""Sugar Baby Love"", un titre écrit par Wayne Bickerton et Tony Waddington, s'est distingué à la fin de l'ère glam rock avec ses tenues blanches et ses … [+377 chars]",,fr,'Angleterre'
https://www.huffingtonpost.fr/france/article/le-concert-de-barbara-butch-stoppe-a-grenoble-apres-l-irruption-de-militants-pro-palestine_291194.html,https://www.huffingtonpost.fr/france/article/le-concert-de-barbara-butch-stoppe-a-grenoble-apres-l-irruption-de-militants-pro-palestine_291194.html,0,www.huffingtonpost.fr,Le concert de Barbara Butch stoppé à Grenoble après l’irruption de militants pro-Palestine,Le concert n’avait débuté que depuis une vingtaine de minutes. Un appel au boycott avait été soutenu par la section grenobloise de la France Insoumise.,https://focus.huffingtonpost.fr/2026/07/19/15/0/1200/675/1820/1023/75/0/57b3bc9_upload-1-kfjmdrnzkp5k-afp-20260306-a29d9mw-v1-midres-francemusicportrait.jpg,2026-07-19T14:09:26Z,,"Le concert de la DJ Barbara Butch, à Grenoble ce samedi 18 juillet, a rapidement pris une tournure politique. Alors que lartiste se produisait dans le cadre du festival « Cabaret Frappé », une centai… [+4036 chars]",,fr,'Grenoble'
https://rmcsport.bfmtv.com/football/coupe-du-monde/espagne-argentine-a-quelle-heure-et-sur-quelle-chaine-suivre-la-finale-de-la-coupe-du-monde-2026_AV-202607190272.html,https://rmcsport.bfmtv.com/football/coupe-du-monde/espagne-argentine-a-quelle-heure-et-sur-quelle-chaine-suivre-la-finale-de-la-coupe-du-monde-2026_AV-202607190272.html,0,rmcsport.bfmtv.com,Espagne-Argentine: à quelle heure et sur quelle chaîne suivre la finale de la Coupe du monde 2026?,La grande finale de la Coupe du monde 2026 entre l'Espagne et l'Argentine se déroule ce dimanche à New York. Avec le choc tant attendu entre Lamine Yamal et Lionel Messi.,https://images.bfmtv.com/MkvUi_mdBr3MecHdyAqF7FF5t14=/0x0:2048x1152/images/Lamine-Yamal-et-Lionel-Messi-vont-s-affronter-lors-de-la-finale-de-la-Coupe-du-monde-Espagne-Argentine-19-juillet-2026-2322126.jpg,2026-07-19T15:15:33Z,,"La grande finale de la Coupe du monde 2026 entre l'Espagne et l'Argentine se déroule ce dimanche à New York. Avec le choc tant attendu entre Lamine Yamal et Lionel Messi.
La Coupe du monde 2026 s'ac… [+1310 chars]",,fr,'New York'
https://www.courrierinternational.com/article/coupe-du-monde-le-capitaine-de-l-espagne-rodri-est-un-don-pour-le-football_250745,https://www.courrierinternational.com/article/coupe-du-monde-le-capitaine-de-l-espagne-rodri-est-un-don-pour-le-football_250745,0,www.courrierinternational.com,"Le capitaine de l’Espagne, Rodri, est un “don pour le football”","Maillot rentré dans le short, tête relevée et genou réparé, le milieu de terrain de la Roja évolue au niveau qui avait fait de lui un Ballon d’or en 2024. Le leader de l’Espagne n’est plus qu’à une victoire contre l’Argentine de soulever la Coupe du monde, di…",https://focus.courrierinternational.com/2026/07/02/16/0/3313/2208/1200/630/60/0/1dc5cb7_ftp-1-nanqnzxsfhsj-2026-07-02t211257z-2013405415-up1em721mxjf3-rtrmadp-3-soccer-worldcup-esp-aut.JPG,2026-07-19T15:55:04Z,,"Rodri possède lélégance propre aux grands milieux de terrain espagnols, constate le site madrilène El Plural. À limage de ses prédécesseurs Xabi Alonso ou Sergio Busquets, il est capable de lever les… [+2597 chars]",,fr,'Espagne'
https://www.ledauphine.com/faits-divers-justice/2026/07/19/quatre-spectateurs-blesses-dans-une-competition-de-motocross,https://www.ledauphine.com/faits-divers-justice/2026/07/19/quatre-spectateurs-blesses-dans-une-competition-de-motocross,0,www.ledauphine.com,Haute-Savoie. Quatre spectateurs blessés dans une compétition de motocross en Haute-Savoie,"Deux pilotes ont perdu le contrôle de leur véhicule ce dimanche 19 juillet, lors d’une compétition de motocross. Ils ont heurté une barrière derrière laquelle se trouvait du public. Un premier bilan fait état de quatre victimes.",https://cdn-s-www.ledauphine.com/images/A723B193-57A9-40F4-A53D-1F5FD21E2990/FB1200/photo-1784480288.jpg,2026-07-19T17:07:00Z,,"Le Moto club rumillien avait organisé ce week-end une épreuve de motocross sur un terrain situé entre le hameau dArzy et la combe de Sillingy.
Ce dimanche 19 juillet vers 17 h 50, un accident est su… [+589 chars]",,fr,'Savoie'
https://www.20minutes.fr/arts-stars/culture/4235210-20260719-grenoble-concert-dj-barbara-butch-interrompu-militants-propalestiniens-lfi,https://www.20minutes.fr/arts-stars/culture/4235210-20260719-grenoble-concert-dj-barbara-butch-interrompu-militants-propalestiniens-lfi,0,www.20minutes.fr,Grenoble : Un concert de la DJ Barbara Butch interrompu par des militants propalestiniens et LFI,Un concert de la DJ Barbara Butch a été interrompu samedi soir à Grenoble après que des militants propalestiniens ont perturbé sa performance,https://img.20mn.fr/MnNhd947RYml29weqnPnfyk/1444x920_la-dj-francaise-barbara-butch-lors-de-la-soiree-de-cloture-du-week-end-culturel-du-sommet-pour-l-action-sur-l-intelligence-artificielle-paris-france-09-02-2025-sadaka-sada030-credit-sadaka-edmond-sipa-2502100915,2026-07-19T17:39:10Z,,"Depuis le mois de mai, ce spectacle faisait lobjet dun appel au boycott, notamment de la part de lantenne grenobloise de La France insoumise. Un concert de la DJ Barbara Butch a été interrompu samedi… [+2442 chars]",,fr,'Grenoble'
https://rmcsport.bfmtv.com/football/coupe-du-monde/coupe-du-monde-2026-le-tableau-final-du-mondial-apres-le-sacre-de-l-espagne-face-a-l-argentine_AN-202607190400.html,https://rmcsport.bfmtv.com/football/coupe-du-monde/coupe-du-monde-2026-le-tableau-final-du-mondial-apres-le-sacre-de-l-espagne-face-a-l-argentine_AN-202607190400.html,0,rmcsport.bfmtv.com,Coupe du monde 2026: le tableau final du Mondial après le sacre de l'Espagne face à l'Argentine,Retrouvez le tableau complet de la phase à élimination directe de la Coupe du monde 2026 remportée par l'Espagne en prolongations face à l'Argentine.,https://images.bfmtv.com/sQEL6ZzTYwRWlrAVhIt-JOWFJBU=/0x106:2048x1258/images/Lionel-Messi-et-Lamine-Yamal-lors-de-la-finale-de-la-Coupe-du-monde-2026-2322396.jpg,2026-07-19T22:21:35Z,,"Retrouvez le tableau complet de la phase à élimination directe de la Coupe du monde 2026 remportée par l'Espagne en prolongations face à l'Argentine.
Pour cette première édition à 48 équipes, la Cou… [+2828 chars]",,fr,'Argentine'
https://rmcsport.bfmtv.com/football/coupe-du-monde/il-ne-s-agissait-pas-seulement-de-gagner-la-coupe-du-monde-mais-de-sauver-le-football-la-presse-europeenne-soulagee-par-la-victoire-de-l-espagne-face-a-l-argentine_AV-202607200041.html,https://rmcsport.bfmtv.com/football/coupe-du-monde/il-ne-s-agissait-pas-seulement-de-gagner-la-coupe-du-monde-mais-de-sauver-le-football-la-presse-europeenne-soulagee-par-la-victoire-de-l-espagne-face-a-l-argentine_AV-202607200041.html,0,rmcsport.bfmtv.com,"""Il ne s'agissait pas seulement de gagner la Coupe du monde mais de sauver le football"": la presse européenne soulagée par la victoire de l'Espagne face à l'Argentine","Alléchante sur le papier, la finale de la Coupe du monde 2026 entre l'Espagne et l'Argentine a offert un spectacle assez pauvre, conclu en prolongation par une Roja désormais deux fois championne du monde (1-0). Dans son ensemble, la presse internationale s'e…",https://images.bfmtv.com/ZuJrMTZo-Zs1Nbzku8aE_UksJFQ=/0x306:2032x1449/images/Les-joueurs-de-l-Espagne-sur-le-podium-de-la-Coupe-du-monde-19-juillet-2026-2322433.jpg,2026-07-20T00:57:52Z,,"Alléchante sur le papier, la finale de la Coupe du monde 2026 entre l'Espagne et l'Argentine a offert un spectacle assez pauvre, conclu en prolongation par une Roja désormais deux fois championne du … [+5149 chars]",,fr,'Angleterre'
https://www.franceinfo.fr/coupe-du-monde/les-buteurs-au-rendez-vous-l-omnipresence-de-donald-trump-les-prix-exorbitants-ce-qu-on-a-aime-et-moins-aime-lors-de-la-coupe-du-monde-2026_8110256.html,https://www.franceinfo.fr/coupe-du-monde/les-buteurs-au-rendez-vous-l-omnipresence-de-donald-trump-les-prix-exorbitants-ce-qu-on-a-aime-et-moins-aime-lors-de-la-coupe-du-monde-2026_8110256.html,0,www.franceinfo.fr,"Les buteurs au rendez-vous, l'omniprésence de Donald Trump, les prix exorbitants... Ce qu'on a aimé et moins aimé lors de la Coupe du monde 2026",La finale entre l'Espagne et l'Argentine a refermé dimanche le plus long Mondial de l'histoire et le premier organisé dans trois pays.,https://www.franceinfo.fr/pictures/ihZhIIAnpzkMqU-lQaFtu_U0flM/0x0:5982x3364/1500x843/2026/07/19/6a5cfdb915c84607032819.jpg,2026-07-20T04:20:01Z,http://web.archive.org/web/20260720044512/https://www.franceinfo.fr/coupe-du-monde/les-buteurs-au-rendez-vous-l-omnipresence-de-donald-trump-les-prix-exorbitants-ce-qu-on-a-aime-et-moins-aime-lors-de-la-coupe-du-monde-2026_8110256.html,"L'heure du bilan. Après cinq semaines et demie de compétition, le premier Mondial étendu à 48 nations, que l'équipe de France a achevé à la quatrième place, s'est achevé dimanche 19 juillet. Organisé… [+7398 chars]",,fr,'Boston'
https://www.franceinfo.fr/monde/iran/guerre-entre-les-etats-unis-israel-et-l-iran/direct-guerre-au-moyen-orient-les-gardiens-iraniens-disent-avoir-frappe-des-cibles-militaires-americaines-au-koweit_8114603.html,https://www.franceinfo.fr/monde/iran/guerre-entre-les-etats-unis-israel-et-l-iran/direct-guerre-au-moyen-orient-les-gardiens-iraniens-disent-avoir-frappe-des-cibles-militaires-americaines-au-koweit_8114603.html,0,www.franceinfo.fr,Guerre au Moyen-Orient : les Gardiens iraniens disent avoir frappé des cibles militaires américaines au Koweït,"L'armée idéologique de Téhéran affirme que ses forces ont ""complètement détruit un système de radar d'alerte précoce américain dans une frappe de drone. De leur côté, les Etats-Unis ont annoncé avoir mené des frappes sur l'Iran pour la neuvième nuit consécuti…",https://www.franceinfo.fr/pictures/qZJnl5NAp9e5OIEQ7yCVq_oaKzE/0x0:1024x576/1500x843/2026/07/20/6a5da6cbcb8a7689720643.jpg,2026-07-20T04:42:57Z,http://web.archive.org/web/20260720060117/https://www.franceinfo.fr/monde/iran/guerre-entre-les-etats-unis-israel-et-l-iran/direct-guerre-au-moyen-orient-les-gardiens-iraniens-disent-avoir-frappe-des-cibles-militaires-americaines-au-koweit_8114603.html,"L'heure n'est pas à la désescalade. Les Gardiens de la révolution iraniens ont déclaré, lundi 20 juillet, avoir frappé des cibles militaires américaines sur une base au Koweït, selon l'agence officie… [+2345 chars]",,fr,'L'Iran'
https://www.20minutes.fr/monde/etats-unis/4235358-20260720-guerre-moyen-orient-direct-trump-frappe-iran-tres-durement-riposte-jordanie-koweit,https://www.20minutes.fr/monde/etats-unis/4235358-20260720-guerre-moyen-orient-direct-trump-frappe-iran-tres-durement-riposte-jordanie-koweit,0,www.20minutes.fr,"Guerre au Moyen-Orient : EN DIRECT. Trump a frappé l’Iran « très durement », qui riposte en Jordanie et au Koweït…","Retrouvez les principales informations de ce lundi 20 juillet 2026 sur le conflit au Moyen-Orient, notamment entre l’Iran et les Etats-Unis, qui a repris malgré un protocole d’accord envisagé il y a plusieurs semaines",https://img.20mn.fr/KAVg9xwIT8uWLoBi7PWe0Ck/1444x920_le-president-donald-trump-s-adresse-aux-journalistes-alors-qu-il-quitte-air-force-one-a-la-base-interarmees-andrews-dans-le-maryland-apres-avoir-assiste-a-la-finale-de-la-coupe-du-monde-de-football-le-dimanche-19-juillet-2026-ap-photo-jacquelyn-martin-dcws446-26201027177170-2607200247,2026-07-20T05:22:37Z,,"07h35
L'armée du Koweït a annoncé faire face ce lundi à une attaque de drones iraniens contre le territoire de l'émirat. « Les défenses aériennes koweïtiennes sont actuellement en train d'intercepte… [+2642 chars]",,fr,'Maritimes'
https://www.franceinfo.fr/replay-radio/l-il-de-marion/des-critiques-aux-hommages-les-bleus-ont-retourne-les-reseaux-lors-de-france-angleterre_8092331.html,https://www.franceinfo.fr/replay-radio/l-il-de-marion/des-critiques-aux-hommages-les-bleus-ont-retourne-les-reseaux-lors-de-france-angleterre_8092331.html,0,www.franceinfo.fr,"Des critiques aux hommages, les Bleus ont retourné les réseaux lors de France-Angleterre","Menée 4-0 à la mi-temps face à l’Angleterre, l’équipe de France de football a réussi à renverser le scénario, et les réseaux sociaux avec eux. Entre analyses, scènes du match, et hommages à Didier Deschamps, TikTok, X et Instagram racontent la fin d’une avent…",https://www.franceinfo.fr/pictures/4XIfytHKVY3P050uaLfeiedf5OI/0x55:1024x631/1500x843/2026/07/20/6a5db78ac52b7660256270.jpg,2026-07-20T05:54:59Z,,"Menée 4-0 à la mi-temps face à lAngleterre, léquipe de France de football a réussi à renverser le scénario, et les réseaux sociaux avec eux. Entre analyses, scènes du match, et hommages à Didier Desc… [+2940 chars]",,fr,'Angleterre'
https://www.prnewswire.com/news-releases/presentation-de-la-bremont-supernova-hawking-en-edition-limitee-302829239.html,https://www.prnewswire.com/news-releases/presentation-de-la-bremont-supernova-hawking-en-edition-limitee-302829239.html,0,www.prnewswire.com,PRÉSENTATION DE LA BREMONT SUPERNOVA HAWKING EN ÉDITION LIMITÉE,"HENLEY-ON-THAMES, Angleterre, 20 juillet 2026 /PRNewswire/ -- Bremont est fière d'annoncer le lancement de la Supernova Hawking, la seconde collaboration de Bremont créée pour célébrer la vie et l'œuvre du professeur Stephen Hawking, et premier modèle Wayfind…",https://mmx.prnewswire.com/media/MS1884799/Bremont_Supernova_Hawking_BR_Hero_Angle.jpg?id=OA2769034&p=facebook,2026-07-20T06:01:00Z,,"HENLEY-ON-THAMES, Angleterre, 20 juillet 2026 /PRNewswire/ -- Bremont est fière d'annoncer le lancement de la Supernova Hawking, la seconde collaboration de Bremont créée pour célébrer la vie et l'uv… [+7271 chars]",,fr,'Angleterre'
https://www.lavenir.net/sports/football/coupe-du-monde/2026/07/20/coupe-du-monde-2026-la-presse-encense-les-rois-despagne-fin-du-reve-et-larmes-de-messi-video-3Y67OARX5ZDS7GNDDQZ3IUK5YA/,https://www.lavenir.net/sports/football/coupe-du-monde/2026/07/20/coupe-du-monde-2026-la-presse-encense-les-rois-despagne-fin-du-reve-et-larmes-de-messi-video-3Y67OARX5ZDS7GNDDQZ3IUK5YA/,0,www.lavenir.net,"Coupe du monde 2026: la presse encense les ""rois"" d'Espagne, ""fin du rêve"" et larmes de Messi (vidéo)","""Les rois de tous les temps!"", ""l'Espagne invincible"", ""L'Espagne entre dans l'éternité"": la presse espagnole n'avait pas assez de superlatifs ce lundi 20 juillet 2026 pour célébrer l'exploit de sa sélection en finale de la Coupe du monde face à l'Argentine. …",https://www.lavenir.net/resizer/v2/YBLR46WUWFBGLAUD37HJB2PLAM.jpg?auth=e109c361c7dfd5768a4fefc0dfb4d25ba28989f163d4a89dd92bb4e82f0b088a&width=1200&height=630&quality=85&focal=925%2C625,2026-07-20T06:15:34Z,,"Et de souligner que ""jamais auparavant un pays n'avait été en même temps champion du monde en catégories féminine et masculine"". L'équipe d'Espagne féminine a été sacrée en 2023.
""Une sélection admi… [+3628 chars]",,fr,'Argentine'
https://www.franceinfo.fr/coupe-du-monde/recit-des-ruines-de-knsyna-et-de-l-euro-2012-au-sommet-du-monde-comment-didier-deschamps-a-reconcilie-les-francais-avec-l-equipe-de-france_8101373.html,https://www.franceinfo.fr/coupe-du-monde/recit-des-ruines-de-knsyna-et-de-l-euro-2012-au-sommet-du-monde-comment-didier-deschamps-a-reconcilie-les-francais-avec-l-equipe-de-france_8101373.html,0,www.franceinfo.fr,RECIT. Des ruines de Knsyna et de l'Euro 2012 au sommet du monde : comment Didier Deschamps a réconcilié les Français avec l'équipe de France,"Remporter la Coupe du monde 2018 n'a pas été le seul exploit du sélectionneur. Il restera celui qui a tiré des limbes une équipe qui s'était déconnectée de ses supporters, pour la propulser au sommet du football mondial.",https://www.franceinfo.fr/pictures/0pdg5OoPjVZQw25kHZ5ntjfCje0/0x244:4605x2834/1500x843/2026/07/19/6a5cf7b56dd07741739929.jpg,2026-07-20T06:51:29Z,,"A l'issue de la défaite (6-4) contre l'Angleterre dans le match pour la troisième place de la Coupe du monde, Didier Deschamps a refermé son chapitre à la tête de l'équipe de France, samedi 18 juille… [+17273 chars]",,fr,'Angleterre'
https://www.20minutes.fr/monde/ukraine/4235363-20260720-direct-guerre-ukraine-attaque-drones-region-moscou-degats-plusieurs-blesses,https://www.20minutes.fr/monde/ukraine/4235363-20260720-direct-guerre-ukraine-attaque-drones-region-moscou-degats-plusieurs-blesses,0,www.20minutes.fr,"EN DIRECT Guerre en Ukraine : Une attaque de drones sur la région de Moscou, des dégâts et plusieurs blessés...",Suivez avec nous en ce lundi 20 juillet les dernières informations concernant le conflit militaire entre la Russie et l'Ukraine,https://img.20mn.fr/h0IfQIdMTKW6aVsRyQBvbSk/1444x920_note-de-la-redaction-contenu-graphique-des-sauveteurs-recuperent-un-corps-dans-les-decombres-d-un-immeuble-residentiel-partiellement-detruit-a-la-suite-d-une-frappe-russe-a-zaporizhzhia-le-19-juillet-2026-lors-de-l-invasion-russe-de-l-ukraine-photo-de-darya-nazarova-str-zaporizhzhia-afp,2026-07-20T07:11:29Z,http://web.archive.org/web/20260721095409/https://www.20minutes.fr/monde/ukraine/4235363-20260720-direct-guerre-ukraine-attaque-drones-region-moscou-degats-plusieurs-blesses,"Le gouverneur régional russe a fait état de dégâts à Domodedovo, Podolsk et Odintsovo, évoquant des résidences privées et des infrastructures civiles endommagées par des chutes de drones.
« Six pers… [+346 chars]",,fr,'Moscou'
https://www.dhnet.be/sports/football/coupe-du-monde/2026/07/20/fin-du-reve-tres-mauvais-match-les-rois-de-tous-les-temps-magistrale-la-presse-mondiale-revient-sur-le-sacre-espagnol-contre-largentine-KCN3HA5F55ATHMKASYKIKRH2C4/,https://www.dhnet.be/sports/football/coupe-du-monde/2026/07/20/fin-du-reve-tres-mauvais-match-les-rois-de-tous-les-temps-magistrale-la-presse-mondiale-revient-sur-le-sacre-espagnol-contre-largentine-KCN3HA5F55ATHMKASYKIKRH2C4/,0,www.dhnet.be,"""Fin du rêve"", ""Très mauvais match"", ""Les rois de tous les temps !"", ""Magistrale"": la presse mondiale revient sur le sacre espagnol contre l’Argentine","De Madrid à Buenos Aires, la presse est unanime : l’Espagne est devenue championne du monde en pratiquant le jeu le plus séduisant du tournoi et surtout de la finale. Partout dans le monde, nos confrères évoquent aussi la probable der' de Lionel Messi. ...",https://www.dhnet.be/resizer/v2/2OHZNUDODRCKHHE7RHUGECQLB4.jpg?auth=a7f8867fa8e17bf198085196c8caac42ab61d6b9da6b19ede5b1be8bb062143a&width=1200&height=630&quality=85&focal=2843%2C1895,2026-07-20T07:12:07Z,,"Ce lundi matin, la presse espagnole célèbre ses champions, alors qu'en Argentine, on pleure Lionel Messi. Partout ailleurs, on loue la Roja. Revue de presse.
Coupe du monde 2026: Donald Trump et Gia… [+5158 chars]",,fr,'Angleterre'
https://www.franceinfo.fr/coupe-du-monde/l-espagne-invincible-pour-les-medias-espagnols-la-fin-du-reve-et-les-larmes-de-messi-en-argentine-la-revue-de-presse-apres-le-sacre-de-la-roja-en-coupe-du-monde_8114765.html,https://www.franceinfo.fr/coupe-du-monde/l-espagne-invincible-pour-les-medias-espagnols-la-fin-du-reve-et-les-larmes-de-messi-en-argentine-la-revue-de-presse-apres-le-sacre-de-la-roja-en-coupe-du-monde_8114765.html,0,www.franceinfo.fr,"""L'Espagne invincible"", pour les médias espagnols, la ""fin du rêve"" et les larmes de Messi en Argentine, la revue de presse après le sacre de la Roja en Coupe du monde","Au lendemain de la finale de la Coupe du monde, les médias espagnols ont célébré leur nouvelle étoile sur le maillot, alors que l'Argentine s'est réveillée avec la gueule de bois après la défaite de son équipe, portée par un Lionel Messi méconnaissable dimanc…",https://www.franceinfo.fr/pictures/5ClMf6vOnblmBU57PxdKGiaG1dc/0x0:2404x1352/1500x843/2026/07/20/6a5dd0da3e79e186037120.jpg,2026-07-20T07:58:28Z,,"""Les rois de tous les temps!"", ""l'Espagne invincible"", ""L'Espagne entre dans l'éternité"". La presse espagnole n'avait pas assez de superlatifs, lundi 20 juillet, pour célébrer l'exploit de sa sélecti… [+5557 chars]",,fr,'Argentine'
https://www.lalibre.be/sports/football/coupe-du-monde/2026/07/20/tres-mauvais-match-les-dieux-du-football-les-rois-de-tous-les-temps-la-presse-mondiale-commente-le-sacre-de-lespagne-contre-largentine-HXIUMZKNNJDKXF52PPZ7I5ZZSE/,https://www.lalibre.be/sports/football/coupe-du-monde/2026/07/20/tres-mauvais-match-les-dieux-du-football-les-rois-de-tous-les-temps-la-presse-mondiale-commente-le-sacre-de-lespagne-contre-largentine-HXIUMZKNNJDKXF52PPZ7I5ZZSE/,0,www.lalibre.be,"""Très mauvais match"", les ""dieux du football"", ""Les rois de tous les temps !"": la presse mondiale commente le sacre de l'Espagne contre l’Argentine","De Madrid à Buenos Aires, la presse est unanime : l’Espagne est devenue championne du monde en pratiquant le jeu le plus séduisant du tournoi et surtout de la finale. Partout dans le monde, nos confrères évoquent aussi la probable der' de Lionel Messi. ...",https://www.lalibre.be/resizer/v2/TEG5QUDAWRF4TMF6NJFQZHO2V4.jpg?auth=220f48639653f5368f4827c100d9a5e6b21b45ad5f09348b32b5755c1578d328&width=1200&height=630&quality=85&focal=2241%2C1436,2026-07-20T08:06:16Z,,"Ce lundi matin, la presse espagnole célèbre ses champions, alors qu'en Argentine, on pleure Lionel Messi. Partout ailleurs, on loue la Roja. Revue de presse.
L'Espagne manque de superlatifs
""Les ro… [+4915 chars]",,fr,'Espagne'
https://www.20minutes.fr/sport/football/4234912-20260720-coupe-monde-2026-americains-ur-main-zinzins-partout-mois-folie-etats-unis,https://www.20minutes.fr/sport/football/4234912-20260720-coupe-monde-2026-americains-ur-main-zinzins-partout-mois-folie-etats-unis,0,www.20minutes.fr,Coupe du monde 2026 : Des Américains le cœur sur la main et des zinzins partout… C’était un mois de folie aux Etats-Unis,"La Coupe du monde s’est terminée dimanche soir par la victoire de l’Espagne, qui a battu l’Argentine après prolongation",https://img.20mn.fr/ZLBSQOSKQj6eWfmFtO7xNik/1444x920_6-juillet-2026-washington-district-de-columbia-etats-unis-les-fans-reagissent-avec-deception-alors-que-les-supporters-regardent-l-equipe-des-etats-unis-s-incliner-face-a-la-belgique-lors-d-une-soiree-de-surveillance-publique-au-national-mall-de-washington-d-c-cette-defaite-elimine-les-etats-unis-du-tournoi-image-de-credit-matt-kaminsky-zuma-press-wire-20260706-znp-k206-008-zeus-2607070543,2026-07-20T09:02:36Z,,"De nos envoyés spéciaux aux Etats-Unis,
Cest peut-être le plus beau geste de cette finale à se taper la tête contre les murs. Un petit geste poli de Rodri pour écarter Donald Trump du podium au mome… [+6579 chars]",,fr,'Argentine'
https://www.lejournaldesentreprises.com/dossier/les-investissements-suivre-en-auvergne-rhone-alpes-2146847,https://www.lejournaldesentreprises.com/dossier/les-investissements-suivre-en-auvergne-rhone-alpes-2146847,0,www.lejournaldesentreprises.com,Les investissements à suivre en Auvergne-Rhône-Alpes,"Nouvelles usines ou simples extensions, Data Center, modernisation des outils de production, infrastructures pour le territoire... Le premier semestre 2026 a déjà vu de nombreux projets d'investissement se concrétiser ou démarrer en Auvergne-Rhône-Alpes. Des …",https://www.lejournaldesentreprises.com/sites/lejournaldesentreprises.com/files/styles/landscape_web_lg_2x/public/2026-07/Biom%C3%A9rieux%20invest%20250%20Millions.jpeg?h=c7d4ae9f&itok=GbNkJwoQ,2026-07-20T09:11:41Z,,"L'équipe dirigeante de Biomérieux lors de la pose de la première pierre de son futur pôle européen de diagnostic moléculaire
 — Photo : bioMérieux
Nouvelles usines ou simples extensions, Data Cente… [+294 chars]",,fr,'Auvergne'
https://www.franceinfo.fr/tour-de-france/podium-classement-final-de-paul-seixas-victoire-francaise-les-cinq-questions-avant-la-troisieme-et-derniere-semaine-du-tour-de-france-2026_8114039.html,https://www.franceinfo.fr/tour-de-france/podium-classement-final-de-paul-seixas-victoire-francaise-les-cinq-questions-avant-la-troisieme-et-derniere-semaine-du-tour-de-france-2026_8114039.html,0,www.franceinfo.fr,"Podium, classement final de Paul Seixas, victoire française... Les cinq questions avant la troisième et dernière semaine du Tour de France 2026","L'édition 2026 promet une troisième étape relevée dans les Alpes, avant la dernière étape à Paris, le 26 juillet.",https://www.franceinfo.fr/pictures/cMtY-atk_sgmj4axj6GH9OJwNr4/0x106:1024x682/1500x843/2026/07/19/6a5cd837d6d86810589799.jpg,2026-07-20T12:00:01Z,,"Après quinze jours de course, le Tour de France entre dans sa troisième semaine, tant attendue que redoutée, avec un Tadej Pogacar déjà impitoyable en jaune, un Paul Seixas impressionnant, et un aban… [+7163 chars]",,fr,'Chambéry'
https://rmcsport.bfmtv.com/football/coupe-du-monde/coupe-du-monde-2026-l-espagne-au-sommet-le-gros-bond-de-la-norvege-les-consequences-du-mondial-au-classement-fifa_AV-202607200457.html,https://rmcsport.bfmtv.com/football/coupe-du-monde/coupe-du-monde-2026-l-espagne-au-sommet-le-gros-bond-de-la-norvege-les-consequences-du-mondial-au-classement-fifa_AV-202607200457.html,0,rmcsport.bfmtv.com,"Coupe du monde 2026: l'Espagne au sommet, le gros bond de la Norvège... Les conséquences du Mondial au classement Fifa","Sacrée en finale face à l'Argentine sur la plus petite des marges (1-0), l'Espagne a ravi à l'Albiceleste sa première place au classement Fifa, reléguant Lionel Messi et les siens à la deuxième place. La France quatrième de ce Mondial, conserve sa place sur l…",https://images.bfmtv.com/ViYEV2T461GeJ003VAJb2NIQNXQ=/10x222:2042x1365/images/L-Espagne-est-sacre-championne-du-monde-2026-le-19-juillet-2026-2322411.jpg,2026-07-20T13:20:08Z,,"Sacrée en finale face à l'Argentine sur la plus petite des marges (1-0), l'Espagne a ravi à l'Albiceleste sa première place au classement Fifa, reléguant Lionel Messi et les siens à la deuxième place… [+3927 chars]",,fr,'Espagne'
https://www.lalibre.be/lifestyle/magazine/2026/07/20/de-nombreux-etrangers-se-rendent-a-bruxelles-pour-voir-le-film-lodyssee-cest-assez-valorisant-pour-la-belgique-D6IVLJDOBRFO3FQCG54UCAO47E/,https://www.lalibre.be/lifestyle/magazine/2026/07/20/de-nombreux-etrangers-se-rendent-a-bruxelles-pour-voir-le-film-lodyssee-cest-assez-valorisant-pour-la-belgique-D6IVLJDOBRFO3FQCG54UCAO47E/,0,www.lalibre.be,"De nombreux étrangers se rendent à Bruxelles pour voir le film L'Odyssée : ""C’est assez valorisant pour la Belgique""","“L’Odyssée”, le nouveau film de Christopher Nolan fait sensation, depuis sa sortie en salles. De nombreuses personnes font d’ailleurs des kilomètres pour le voir en une version précise, dans notre capitale. ...",https://www.lalibre.be/resizer/v2/MOSFALXFLZHTBGPYCKNQZF2ADA.jpg?auth=deee026b2f845653d192399338430201deb1b2b630535c2dc8feffcf04b31240&width=1200&height=630&quality=85&focal=3120%2C2080,2026-07-20T13:49:41Z,,"Et l'un d'entre eux se trouve chez nous, plus précisément à Bruxelles, au cinéma Kinepolis, qui a inauguré cette installation depuis quelques semaines à l'occasion de la sortie du film de Christopher… [+3042 chars]",,fr,'Belgique'
https://www.lalibre.be/sports/football/coupe-du-monde/2026/07/20/tensions-entre-la-fifa-et-luefa-le-president-aleksander-ceferin-a-boycotte-la-finale-ce-dimanche-S6ERUMMJH5GLRGQCLKPJEJS7FI/,https://www.lalibre.be/sports/football/coupe-du-monde/2026/07/20/tensions-entre-la-fifa-et-luefa-le-president-aleksander-ceferin-a-boycotte-la-finale-ce-dimanche-S6ERUMMJH5GLRGQCLKPJEJS7FI/,0,www.lalibre.be,"Tensions entre la FIFA et l'UEFA? Le président Aleksander Ceferin, a boycotté la finale ce dimanche","Le président de l'UEFA, Aleksander Ceferin, a boycotté la finale de la Coupe du monde 2026 dimanche à New York, marquant son mécontentement envers la FIFA, la fédération internationale. Il avait fait le déplacement à Mexico le 11 juin à l'occasion du match d'…",https://www.lalibre.be/resizer/v2/BEKAFBSYYBEZBL4V4TWT7GJ2KE.jpg?auth=81d43612defdc285bcdb2b2442b3337b04864094136249c66b56a9b0aa09b661&width=1200&height=630&quality=85&focal=1660%2C1128,2026-07-20T13:51:17Z,http://web.archive.org/web/20260721072102/https://www.lalibre.be/sports/football/coupe-du-monde/2026/07/20/tensions-entre-la-fifa-et-luefa-le-president-aleksander-ceferin-a-boycotte-la-finale-ce-dimanche-S6ERUMMJH5GLRGQCLKPJEJS7FI/,Le patron du football européen a publiquement critiqué la décision de la commission de discipline de la FIFA de retirer la suspension d'un match de l'attaquant américain Folarin Balogun face à la Bel… [+672 chars],,fr,'New York'
https://www.ledauphine.com/economie/2026/07/20/in-li-aura-filiale-d-action-logement-s-implante-a-annecy,https://www.ledauphine.com/economie/2026/07/20/in-li-aura-filiale-d-action-logement-s-implante-a-annecy,0,www.ledauphine.com,"Haute-Savoie. in’li Aura, filiale d’Action Logement, s’implante à Annecy","Foncière résidentielle du Groupe, dédiée au logement des salariés et des jeunes actifs salariés du secteur privé, in’li Aura ouvre un bureau de proximité à Annecy pour mieux répondre aux tensions sur le logement en Haute-Savoie. Elle annonce 150 nouveaux loge…",https://cdn-s-www.ledauphine.com/images/E30E5237-4614-4C30-819E-2EDD90ED2EA3/FB1200/photo-1784556006.jpg,2026-07-20T14:00:00Z,http://web.archive.org/web/20260720221627/https://www.ledauphine.com/economie/2026/07/20/in-li-aura-filiale-d-action-logement-s-implante-a-annecy,"Le Dauphiné Libéré, en tant que responsable de traitement, recueille dans ce formulaire des informations qui sont enregistrées dans un fichier informatisé par son Service Relations Clients, la finali… [+854 chars]",,fr,'Savoie'
https://www.20minutes.fr/faits_divers/4235441-20260720-isere-quatre-hommes-soupconnes-avoir-commis-cambriolage-echappent-apres-grave-accident-voiture,https://www.20minutes.fr/faits_divers/4235441-20260720-isere-quatre-hommes-soupconnes-avoir-commis-cambriolage-echappent-apres-grave-accident-voiture,0,www.20minutes.fr,"Isère : Quatre hommes, soupçonnés d’avoir commis un cambriolage, s’échappent après un grave accident de voiture",Quatre individus ont pris la fuite après un accident de la route sur l’autoroute A43 en Isère. Des coups de feu ont été tirés dans les airs par un policier pour tenter de stopper les fugitifs,https://img.20mn.fr/ONTDZOGPTriMiYvASXaRPyk/1444x920_infrastructure-ulys-television-et-vehicule-d-intervention-des-anges-gardiens-de-l-autoroute-barriere-de-peche-de-saint-arnoult-autoroute-a10-centre-boutique-telepeage-ulys-de-vinci-saint-arnoult-france-le-5-juillet-2019-infrastructure-ulys-teleping-t-et-vehicule-d-intervention-des-anges-gardiens-de-l-autoroute-saint-arnoult-france-le-5-juillet-2019-photo-d-arthur-nicholas-orchard-hans-lucas-via-afp,2026-07-20T14:05:17Z,http://web.archive.org/web/20260720174210/https://www.20minutes.fr/faits_divers/4235441-20260720-isere-quatre-hommes-soupconnes-avoir-commis-cambriolage-echappent-apres-grave-accident-voiture,Quatre hommes ont pris la fuite après un impressionnant accident de la route sur l'A43 dans le département de lIsère. Les faits se sont déroulés lundi matin aux alentours de 7h40. Selon les informati… [+955 chars],,fr,'Isère'
https://www.lavenir.net/sports/football/coupe-du-monde/2026/07/20/plus-dun-million-de-telespectateurs-devant-la-finale-espagne-argentine-de-la-coupe-du-monde-2026-sur-la-rtbf-IHXGGZJSEFDTJMZCF275ZPNEBQ/,https://www.lavenir.net/sports/football/coupe-du-monde/2026/07/20/plus-dun-million-de-telespectateurs-devant-la-finale-espagne-argentine-de-la-coupe-du-monde-2026-sur-la-rtbf-IHXGGZJSEFDTJMZCF275ZPNEBQ/,0,www.lavenir.net,Plus d'un million de téléspectateurs devant la finale Espagne-Argentine de la Coupe du monde 2026 sur la RTBF,"Près de 1,14 million de Belges ont suivi dimanche la finale de la Coupe du monde masculine de football entre l'Espagne et l'Argentine sur l'antenne de la RTBF, que ce soit en télévision ou sur Internet, a annoncé lundi le média de service public par communiqu…",https://www.lavenir.net/resizer/v2/YBLR46WUWFBGLAUD37HJB2PLAM.jpg?auth=e109c361c7dfd5768a4fefc0dfb4d25ba28989f163d4a89dd92bb4e82f0b088a&width=1200&height=630&quality=85&focal=925%2C625,2026-07-20T14:11:58Z,,"Ce sacre a ainsi été presque autant suivi que la précédente finale de la Coupe du monde, disputée le 18 décembre 2022 entre la France et l'Argentine. Le match, alors diffusé à 16h00, avait été regard… [+2250 chars]",,fr,'Angleterre'
https://france3-regions.franceinfo.fr/auvergne-rhone-alpes/isere/ca-pourrait-provenir-d-un-vol-un-vehicule-charge-de-telephones-retrouve-apres-un-accident-sur-l-a43-quatre-personnes-interpellees-3388162.html,https://france3-regions.franceinfo.fr/auvergne-rhone-alpes/isere/ca-pourrait-provenir-d-un-vol-un-vehicule-charge-de-telephones-retrouve-apres-un-accident-sur-l-a43-quatre-personnes-interpellees-3388162.html,0,france3-regions.franceinfo.fr,"""Ça pourrait provenir d'un vol"" : un véhicule chargé de téléphones retrouvé après un accident sur l'A43, quatre personnes interpellées","Quatre personnes ont été interpellées et placées en garde à vue ce lundi 20 juillet après un accident sur l'A43, à hauteur de Ruy-Montceau, près de Bourgoin-Jallieu en Isère. Ils avaient pris la fuite en abandonnant un véhicule accidenté contenant de nombreux…",https://france3-regions.franceinfo.fr/image/b5-8v6Y7s8m4EGf0h1aM6NIDp5A/930x620/regions/2026/07/20/6a5e2ede1216d852032511.jpg,2026-07-20T14:29:41Z,http://web.archive.org/web/20260720150124/https://france3-regions.franceinfo.fr/auvergne-rhone-alpes/isere/ca-pourrait-provenir-d-un-vol-un-vehicule-charge-de-telephones-retrouve-apres-un-accident-sur-l-a43-quatre-personnes-interpellees-3388162.html,"Quatre personnes ont été interpellées et placées en garde à vue ce lundi 20 juillet après un accident sur l'A43, à hauteur de Ruy-Montceau, près de Bourgoin-Jallieu en Isère. Ils avaient pris la fuit… [+1588 chars]",,fr,'Chambéry'
https://www.franceinfo.fr/environnement/evenements-meteorologiques-extremes/vagues-de-chaleur-canicules/canicule-la-vigilance-orange-maintenue-mardi-pour-six-departements-mais-s-achevera-dans-la-soiree-pour-le-gard-et-les-bouches-du-rhone_8115194.html,https://www.franceinfo.fr/environnement/evenements-meteorologiques-extremes/vagues-de-chaleur-canicules/canicule-la-vigilance-orange-maintenue-mardi-pour-six-departements-mais-s-achevera-dans-la-soiree-pour-le-gard-et-les-bouches-du-rhone_8115194.html,0,www.franceinfo.fr,"Canicule : la vigilance orange maintenue mardi pour six départements, mais s'achèvera dans la soirée pour le Gard et les Bouches-du-Rhône",Météo-France annonce que les très fortes chaleurs se maintiennent autour de la Méditerranée jusqu'à mardi soir. Le Gard et les Bouches-du-Rhône passeront en vigilance jaune mardi à 22 heures.,https://www.franceinfo.fr/pictures/OhxAPOgDHr6QM4YqfTmKDmPuWH4/0x224:4300x2643/1500x843/2026/07/20/6a5e31fc599ed081287571.jpg,2026-07-20T14:34:45Z,,"Une ""masse d'air très chaud"" qui ""stagne sur le sud-est du pays"". Six départements, l'Hérault, le Gard, les Bouches-du-Rhône, le Var, la Haute-Corse et la Corse-du-Sud, sont toujours placés en vigila… [+1158 chars]",,fr,'Rhône'
https://www.huffingtonpost.fr/international/video/la-premiere-promesse-tres-risquee-d-andy-burnham-le-nouveau-premier-ministre-britannique_291989.html,https://www.huffingtonpost.fr/international/video/la-premiere-promesse-tres-risquee-d-andy-burnham-le-nouveau-premier-ministre-britannique_291989.html,0,www.huffingtonpost.fr,"La première promesse très risquée d’Andy Burnham, le nouveau Premier ministre britannique","Pour sa prise de poste, Andy Burnham a affiché sa volonté de mettre fin au sans-abrisme en Angleterre. Une promesse qu’il n’était pas parvenu à tenir lorsqu’il était maire de Manchester.",https://focus.huffingtonpost.fr/2026/07/20/114/0/5376/3024/1820/1023/75/0/07ea815_upload-1-mnf4fjrrszfs-afp-20260720-c2mn3mm-v1-highres-britainpolitics.jpg,2026-07-20T14:47:14Z,,"La lecture de ce contenu est susceptible dentraîner un dépôt de cookies de la part de lopérateur tiers qui lhéberge. Compte-tenu des choix que vous avez exprimés en matière de dépôt de cookies, nous … [+4102 chars]",,fr,'Angleterre'
https://www.sofoot.com/breves/angleterre-kevin-keegan-est-decede-a-lage-de-75-ans,https://www.sofoot.com/breves/angleterre-kevin-keegan-est-decede-a-lage-de-75-ans,0,www.sofoot.com,Angleterre : Kevin Keegan est décédé à l’âge de 75 ans,"Le football anglais est en deuil. À 75 ans, le double Ballon d’or Kevin Keegan (1978 et 1979), l’un…",https://sofoot.s3.eu-central-1.amazonaws.com/wp-content/uploads/2026/07/20171151/ICONSPORT_268726_0005-1400x933.jpg,2026-07-20T14:54:13Z,,"Le football anglais est en deuil. À 75 ans, le double Ballon dor Kevin Keegan (1978 et 1979), lun des meilleurs attaquants anglais de lhistoire, est décédé ce lundi. Lancien joueur de Newcastle souff… [+1155 chars]",,fr,'Angleterre'
https://www.franceinfo.fr/faits-divers/accident/quatre-interpellations-apres-une-traque-en-helicoptere-aux-abords-de-l-a43-en-isere_8115251.html,https://www.franceinfo.fr/faits-divers/accident/quatre-interpellations-apres-une-traque-en-helicoptere-aux-abords-de-l-a43-en-isere_8115251.html,0,www.franceinfo.fr,Quatre interpellations après une traque en hélicoptère aux abords de l'A43 en Isère,"Les occupants d'une voiture ont pris la fuite à pied, laissant derrière eux leur véhicule, chargé ""d'objets dérobés"", notamment ""des téléphones et accessoires"".",https://www.franceinfo.fr/pictures/a-TgWUbCc3Oz3bQJ26eRYqR1jY8/0x250:4800x2950/1500x843/2026/07/20/6a5e382a056ae504220534.jpg,2026-07-20T15:04:05Z,http://web.archive.org/web/20260721134925/https://www.franceinfo.fr/faits-divers/accident/quatre-interpellations-apres-une-traque-en-helicoptere-aux-abords-de-l-a43-en-isere_8115251.html,"Hélicoptère, tirs de sommation... Les gendarmes de l'Isère ont déployé d'importants moyens, lundi 20 juillet, pour arrêter quatre personnes qui, après un accident sur l'A43, avaient abandonné une voi… [+1232 chars]",,fr,'Chambéry'
https://rmcsport.bfmtv.com/football/coupe-du-monde/coupe-du-monde-2026-quel-but-sera-elu-le-plus-beau-du-mondial-voici-les-12-finalistes_AV-202607200531.html,https://rmcsport.bfmtv.com/football/coupe-du-monde/coupe-du-monde-2026-quel-but-sera-elu-le-plus-beau-du-mondial-voici-les-12-finalistes_AV-202607200531.html,0,rmcsport.bfmtv.com,Coupe du monde 2026: quel but sera élu le plus beau du Mondial? Voici les 12 finalistes,"Au lendemain du sacre de l’Espagne face à l’Argentine, la Fifa a dévoilé les 12 buts présélectionnés pour être élus plus belle réalisation du tournoi. On retrouve notamment le deuxième but de Kylian Mbappé face au Sénégal.",https://images.bfmtv.com/hEohwLXNb-90cFojl3xGksAMI4o=/0x94:2048x1246/images/L-attaquant-de-l-equipe-de-France-Kylian-Mbappe-a-la-Coupe-du-monde-face-au-Senegal-le-16-juin-2026-a-New-York-2307789.jpg,2026-07-20T15:44:35Z,,"Au lendemain du sacre de lEspagne face à lArgentine, la Fifa a dévoilé les 12 buts présélectionnés pour être élus plus belle réalisation du tournoi. On retrouve notamment le deuxième but de Kylian Mb… [+8514 chars]",,fr,'Angleterre'
https://www.presse-citron.net/la-france-vient-de-bloquer-un-celebre-site-web-qui-a-fait-578-751-visites-en-juin-voici-les-raisons/,https://www.presse-citron.net/la-france-vient-de-bloquer-un-celebre-site-web-qui-a-fait-578-751-visites-en-juin-voici-les-raisons/,0,www.presse-citron.net,La France vient de bloquer un célèbre site web qui a fait 578 751 visites en juin : voici les raisons,Le site de Polymarket devient inaccessible en France. L’Autorité nationale des Jeux a demandé aux opérateurs de bloquer son adresse.,https://www.presse-citron.net/app/uploads/2026/01/polymarket-maduro-1600x900.jpg,2026-07-20T16:48:05Z,http://web.archive.org/web/20260721034118/https://www.presse-citron.net/la-france-vient-de-bloquer-un-celebre-site-web-qui-a-fait-578-751-visites-en-juin-voici-les-raisons/,"Si vous suivez régulièrement lactualité, vous avez certainement déjà entendu parler du site de prédictions Polymarket, qui propose des paris sur des événements comme les matchs de la Coupe du Monde, … [+2390 chars]",,fr,'Paris'
https://www.journaldugeek.com/2026/07/20/polymarket-est-desormais-bloque-en-france-on-vous-explique-les-raisons-de-cette-decision/,https://www.journaldugeek.com/2026/07/20/polymarket-est-desormais-bloque-en-france-on-vous-explique-les-raisons-de-cette-decision/,0,www.journaldugeek.com,Polymarket est désormais bloqué en France : on vous explique les raisons de cette décision,"Officiellement, les paris sur Polymarket étaient déjà interdits en France, puisque la plateforme avait mis en place un blocage des transactions. Cependant, l’ANJ estime aujourd’hui que cette mesure ne suffit pas. Et, de ce fait, le gendarme français a décidé …",https://www.journaldugeek.com/app/uploads/2026/07/Polymarket_1920x1280-1600x900.jpg,2026-07-20T17:01:13Z,http://web.archive.org/web/20260720225636/https://www.journaldugeek.com/2026/07/20/polymarket-est-desormais-bloque-en-france-on-vous-explique-les-raisons-de-cette-decision/,"Officiellement, les transactions sur Polymarket étaient déjà impossibles depuis la France, puisque le propriétaire de cette plateforme a mis en place un géoblocage, après avoir reçu une mise en demeu… [+2011 chars]",,fr,'France'
https://rmcsport.bfmtv.com/football/premier-league/three-lion-maudit-moment-d-anthologie-face-a-alex-ferguson-et-star-des-charts-kevin-keegan-une-icone-a-l-anglaise_AV-202607200622.html,https://rmcsport.bfmtv.com/football/premier-league/three-lion-maudit-moment-d-anthologie-face-a-alex-ferguson-et-star-des-charts-kevin-keegan-une-icone-a-l-anglaise_AV-202607200622.html,0,rmcsport.bfmtv.com,"Three Lion maudit, moment d'anthologie face à Alex Ferguson et star des charts... Kevin Keegan, une icône à l'anglaise","Légende de Liverpool et de Newcastle, homme aux mille vies, Kevin Keegan est décédé ce lundi à l'âge de 75 ans des suites d'un cancer de l'estomac. L'Angleterre pleure la perte de l'un des personnages les plus flamboyants et impactants de son histoire, qui la…",https://images.bfmtv.com/EBAGzLmTa-NM5En9o6dsDNGMKXA=/0x25:1856x1069/images/Kevin-Keegan-avec-Newcastle-le-2-mai-1982-2295792.jpg,2026-07-20T17:27:07Z,,"Légende de Liverpool et de Newcastle, homme aux mille vies, Kevin Keegan est décédé ce lundi à l'âge de 75 ans des suites d'un cancer de l'estomac. L'Angleterre pleure la perte de l'un des personnage… [+6843 chars]",,fr,'Angleterre'
https://www.20minutes.fr/monde/ukraine/4235478-20260720-guerre-ukraine-nouvelles-victimes-civiles-deux-cotes-royaume-uni-toujours-100-derriere-zelensky,https://www.20minutes.fr/monde/ukraine/4235478-20260720-guerre-ukraine-nouvelles-victimes-civiles-deux-cotes-royaume-uni-toujours-100-derriere-zelensky,0,www.20minutes.fr,"Guerre en Ukraine : Nouvelles victimes civiles des deux côtés, le Royaume-Uni toujours à « 100 % » derrière Zelensky","« 20 Minutes » fait le point pour vous tous les soirs sur le conflit en Ukraine. Ce lundi 20 juillet, des frappes des deux côtés de la frontière ont tué plusieurs civils",https://img.20mn.fr/sMlbgNXJQw61O2D3AJXddyk/1444x920_un-immeuble-d-appartements-du-district-de-solomianskyi-est-endommage-par-une-attaque-russe-contre-kiev-en-ukraine-le-19-juillet-2026-l-armee-russe-a-lance-une-frappe-massive-sur-la-capitale-ukrainienne-avec-des-missiles-balistiques-selon-les-donnees-preliminaires-du-service-d-urgence-de-l-etat-ukrainien-une-personne-a-ete-tuee-et-15-ont-ete-blessees-des-chutes-de-debris-et-des-incendies-ont-ete-signales-dans-cinq-quartiers-de-la-ville-tandis-qu-un-passage-souterrain-situe-pres-de-la-station-de-metro-lukianivska-a-ete-directement-touche-photo-de-danylo-antoniuk-ukrinform-ukr-inform-agency-ukr-inform1262-credit-danylo-antoniuk-sipa-2607191558,2026-07-20T17:32:36Z,http://web.archive.org/web/20260721010715/https://www.20minutes.fr/monde/ukraine/4235478-20260720-guerre-ukraine-nouvelles-victimes-civiles-deux-cotes-royaume-uni-toujours-100-derriere-zelensky,"Vous avez raté les derniers événements sur la guerre en Ukraine ? 20 Minutes fait le point pour vous tous les soirs. Voici lessentiel de ce lundi 20 juillet 2026, au 1.607e jour du conflit.
Le fait … [+2139 chars]",,fr,'Royaume-Uni'
https://www.ledauphine.com/economie/2026/07/20/isere-montalieu-vercieu-decarbonation-le-prefet-de-region-apporte-son-soutien-au-projet-geant-de-vicat,https://www.ledauphine.com/economie/2026/07/20/isere-montalieu-vercieu-decarbonation-le-prefet-de-region-apporte-son-soutien-au-projet-geant-de-vicat,0,www.ledauphine.com,Isère. Décarbonation : le préfet de région apporte son soutien au projet géant de Vicat,"En visite sur le site de Vicat, à Montalieu-Vercieu, ce lundi, Étienne Guyot, préfet de la région Auvergne-Rhône-Alpes, est venu mesurer l’ampleur du projet de décarbonation porté par le cimentier.",https://cdn-s-www.ledauphine.com/images/BDDEC672-7EA1-437D-81DD-9CD1B73B1677/FB1200/photo-1784571091.jpg,2026-07-20T18:11:00Z,,"Le Dauphiné Libéré, en tant que responsable de traitement, recueille dans ce formulaire des informations qui sont enregistrées dans un fichier informatisé par son Service Relations Clients, la finali… [+854 chars]",,fr,'Auvergne'
https://www.franceinfo.fr/sante/bebes-mort-nes-meres-grievement-blessees-en-angleterre-les-defaillances-des-maternites-au-c-ur-d-un-scandale-national_8115566.html,https://www.franceinfo.fr/sante/bebes-mort-nes-meres-grievement-blessees-en-angleterre-les-defaillances-des-maternites-au-c-ur-d-un-scandale-national_8115566.html,0,www.franceinfo.fr,"Bébés mort-nés, mères grièvement blessées… En Angleterre, les défaillances des maternités au cœur d'un scandale national","En Angleterre, les scandales se succèdent dans les maternités. Des bébés mort-nés, des mères grièvement blessées, des familles qui racontent ne pas avoir été écoutées… Un problème qui dépasse quelques établissements : sur les dernières maternités inspectées, …",https://www.franceinfo.fr/pictures/8J7OVl4oFC53GZK5mkSAXox20UQ/0x7:1332x757/1500x843/2026/07/20/6a5e8b6bb37d4961577302.jpg,2026-07-20T20:56:59Z,,"En Angleterre, les scandales se succèdent dans les maternités. Des bébés mort-nés, des mères grièvement blessées, des familles qui racontent ne pas avoir été écoutées Un problème qui dépasse quelques… [+3844 chars]",,fr,'Angleterre'
https://www.20minutes.fr/monde/etats-unis/4235517-20260721-etats-unis-washington-denonce-action-dangereuse-chine-apres-affrontement-marine-philippine,https://www.20minutes.fr/monde/etats-unis/4235517-20260721-etats-unis-washington-denonce-action-dangereuse-chine-apres-affrontement-marine-philippine,0,www.20minutes.fr,Etats-Unis : Washington dénonce l’action « dangereuse » de la Chine après un affrontement avec la marine philippine,"Après un incident entre les garde-côtes chinois et philippins en mer de Chine méridionale, les Etats-Unis ont condamné lundi les « actions dangereuses et agressives » de Pékin",https://img.20mn.fr/vqyB89xAQRC8PEfFb0NZgik/1444x920_scarborough-shoal-mer-de-chine-meridionale-15-juin-un-navire-de-guerre-de-la-marine-chinoise-est-apercu-depuis-un-avion-du-bureau-philippin-des-peches-et-des-ressources-aquatiques-bfar-le-15-juin-2026-a-scarborough-shoal-en-mer-de-chine-meridionale-des-navires-de-recherche-chinois-ont-recemment-ete-reperes-pres-de-scarborough-shoal-alors-que-les-philippines-protestaient-contre-la-presence-d-une-plate-forme-flottante-presumee-chinoise-sur-place-suscitant-de-nouvelles-inquietudes-quant-a-la-possibilite-que-pekin-mette-a-l-essai-des-mesures-en-vue-d-une-presence-plus-permanente-sur-le-point-nevralgique-conteste-de-la-mer-de-chine-meridionale-dans-un-contexte-de-tensions-persistantes-avec-manille-photo-d-ezra-acayan-getty-images-photo-d-ezra-acayan-getty-images-asiapac-getty-images-via-afp,2026-07-21T00:52:34Z,,"Les tensions en mer de Chine méridionale ont suscité une nouvelle réaction des Etats-Unis. Lundi, le département dEtat américain a dénoncé dans un communiqué « les actions dangereuses et agressives »… [+1401 chars]",,fr,'Washington'
https://www.courrierinternational.com/article/pendant-que-vous-dormiez-burnham-a-downing-street-naufrage-au-guyana-canada-japon-manifestation-en-inde-les-informations-de-la-nuit_251332,https://www.courrierinternational.com/article/pendant-que-vous-dormiez-burnham-a-downing-street-naufrage-au-guyana-canada-japon-manifestation-en-inde-les-informations-de-la-nuit_251332,0,www.courrierinternational.com,"Burnham à Downing Street, naufrage au Guyana, Canada, Japon, manifestation en Inde : les informations de la nuit",Les principales actualités de ces dernières heures vues par la presse internationale.,https://focus.courrierinternational.com/2026/07/20/0/4/4200/2800/1200/630/60/0/40ad72b_ftp-1-fvbhvjbo8euf-2026-07-20t122347z-264370297-rc2ohmakk0vs-rtrmadp-3-britain-politics.JPG,2026-07-21T03:00:16Z,,"Royaume-Uni : le nouveau Premier ministre Andy Burnham dévoile son gouvernement. Le travailliste, qui a officiellement pris ses fonctions lundi, a procédé à une purge des alliés de son prédécesseur K… [+4774 chars]",,fr,'Japon'
https://france3-regions.franceinfo.fr/auvergne-rhone-alpes/savoie/chambery/on-m-annoncait-mort-condamne-par-les-medecins-il-traverse-les-alpes-a-velo-quatre-ans-apres-un-grave-accident-3389425.html,https://france3-regions.franceinfo.fr/auvergne-rhone-alpes/savoie/chambery/on-m-annoncait-mort-condamne-par-les-medecins-il-traverse-les-alpes-a-velo-quatre-ans-apres-un-grave-accident-3389425.html,0,france3-regions.franceinfo.fr,"""On m’annonçait mort"": condamné par les médecins, il traverse les Alpes à vélo quatre ans après un grave accident","À 22 ans, Paul Vannet vient de parcourir près de 700 kilomètres à vélo entre Thonon-les-Bains, en Haute-Savoie, et Nice. Avec ce projet intitulé ""Second souffle"", le jeune homme voulait montrer ""que tout est possible"", après un grave accident qui a failli lui…",https://france3-regions.franceinfo.fr/image/spaTm2zPtFnKEbxliNHgvhU4pvI/930x620/regions/2026/07/20/6a5e3e6c98416708287540.jpg,2026-07-21T04:00:14Z,,"À 22 ans, Paul Vannet vient de parcourir près de 700 kilomètres à vélo entre Thonon-les-Bains, en Haute-Savoie, et Nice. Avec ce projet intitulé ""Second souffle"", le jeune homme voulait montrer ""que … [+2703 chars]",,fr,'Thonon-les-Bains'
https://france3-regions.franceinfo.fr/auvergne-rhone-alpes/savoie/tour-de-france-2026-horaires-parcours-routes-barrees-tout-savoir-sur-l-etape-du-22-juillet-entre-chambery-et-voiron-3379000.html,https://france3-regions.franceinfo.fr/auvergne-rhone-alpes/savoie/tour-de-france-2026-horaires-parcours-routes-barrees-tout-savoir-sur-l-etape-du-22-juillet-entre-chambery-et-voiron-3379000.html,0,france3-regions.franceinfo.fr,"Tour de France 2026. Horaires, parcours, routes barrées... Tout savoir sur l'étape du 22 juillet entre Chambéry et Voiron","Après le contre-la-montre sur les bords du Léman entre Évian et Thonon, la 17e étape du Tour de France 2026 se déroule entre Chambéry et Voiron ce mercredi 22 juillet. Une étape relativement plate avec quelques difficultés au programme. Voici tout ce qu'il fa…",https://france3-regions.franceinfo.fr/image/ssZfrt0E8iEYLrJDKeAdgei5sMM/930x620/regions/2026/07/01/6a4510c4180d5661783770.jpg,2026-07-21T04:05:03Z,,"Après le contre-la-montre sur les bords du Léman entre Évian et Thonon, la 17e étape du Tour de France 2026 se déroule entre Chambéry et Voiron ce mercredi 22 juillet. Une étape relativement plate av… [+2276 chars]",,fr,'Voiron'
https://www.courrierinternational.com/article/guerre-en-iran-les-houthistes-annoncent-un-blocus-maritime-contre-l-arabie-saoudite-faisant-craindre-une-extension-du-conflit_251364,https://www.courrierinternational.com/article/guerre-en-iran-les-houthistes-annoncent-un-blocus-maritime-contre-l-arabie-saoudite-faisant-craindre-une-extension-du-conflit_251364,0,www.courrierinternational.com,Les houthistes annoncent un blocus maritime contre l’Arabie saoudite faisant craindre une extension du conflit,Les rebelles yéménites pro-iraniens ont fait savoir lundi qu’ils comptaient bloquer le trafic maritime saoudien en mer Rouge. Une mesure qui menace d’ouvrir un “nouveau front dans le conflit au Moyen-Orient” et de peser sur l’approvisionnement énergétique mon…,https://focus.courrierinternational.com/2026/07/15/0/0/6720/4480/1200/630/60/0/a18803c_ftp-1-uh5uxe8uk3fg-2026-07-15t122836z-97536865-rc20hkagf0xm-rtrmadp-3-iran-crisis-yemen-red-sea.JPG,2026-07-21T04:08:24Z,,"Cest une nouvelle phase dans la guerre qui oppose depuis des années les houthistes alignés sur Téhéran, à Riyad, observe Al-Jazeera.
Les rebelles yéménites ont annoncé lundi 20 juillet un blocus mar… [+4392 chars]",,fr,'Arabie Saoudite'
https://www.ledauphine.com/economie/2026/07/21/laura-chaubard-henrick-mendes-patrice-cauvet-les-mouvements-du-jour,https://www.ledauphine.com/economie/2026/07/21/laura-chaubard-henrick-mendes-patrice-cauvet-les-mouvements-du-jour,0,www.ledauphine.com,"Nominations. Laura Chaubard, Henrick Mendes, Patrice Cauvet... : les mouvements du jour","Haute-Savoie : Sopra Steria nomme Laura Chaubard à la tête de ses activités Défense, Sécurité et SpatialLe groupe de services numériques Sopra Steria, dont l'un des principaux sites est implanté à Annecy-Le-Vieux, en Haute-Savoie, confie la direction de son p…",https://cdn-s-www.ledauphine.com/images/6792BCAD-E879-4D7A-BF3E-687816AA806D/FB1200/photo-1759328609.jpg,2026-07-21T04:30:00Z,http://web.archive.org/web/20260721065727/https://www.ledauphine.com/economie/2026/07/21/laura-chaubard-henrick-mendes-patrice-cauvet-les-mouvements-du-jour,"Avec Nomination, premier service d'informations sur les décideurs en France, de veille stratégique et de mise en relation Business-to-Business.
Le groupe de services numériques Sopra Steria, dont l'… [+1176 chars]",,fr,'Annecy'
https://www.franceinfo.fr/tour-de-france/tour-de-france-2026-un-contre-la-montre-autour-du-lac-leman-pour-remco-evenepoel-avec-pogacar-et-le-duel-seixas-del-toro-en-arbitre-l-etape-16-en-questions_8114897.html,https://www.franceinfo.fr/tour-de-france/tour-de-france-2026-un-contre-la-montre-autour-du-lac-leman-pour-remco-evenepoel-avec-pogacar-et-le-duel-seixas-del-toro-en-arbitre-l-etape-16-en-questions_8114897.html,0,www.franceinfo.fr,"Tour de France 2026 : un contre-la-montre autour du lac Léman pour Remco Evenepoel, avec Pogacar et le duel Seixas-Del Toro en arbitre ? L'étape 16 en questions","Après la dernière journée de repos, le peloton se confronte, mardi, à un exercice chronométré individuel entre Evian-les-Bains et Thonon-les-Bains, le seul de cette Grande Boucle.",https://www.franceinfo.fr/pictures/aRd9ptPwkuRGqx3PLZpInTjl4k8/0x0:3840x2160/1500x843/2024/06/24/chrono-6679642cebde9972261292.jpg,2026-07-21T04:45:01Z,,"Cette fois on y est, le Tour de France entre dans son ultime semaine de course et les enjeux sont nombreux, notamment dans la chasse au podium pour les cadors du classement général. Avant la dernière… [+2756 chars]",,fr,'Thonon-les-Bains'
https://www.lesnumeriques.com/cine-svod/iptv-pirate-le-mondial-2026-a-declenche-une-offensive-planetaire-sans-precedent-les-sites-tombent-les-uns-apres-les-autres-n259506.html,https://www.lesnumeriques.com/cine-svod/iptv-pirate-le-mondial-2026-a-declenche-une-offensive-planetaire-sans-precedent-les-sites-tombent-les-uns-apres-les-autres-n259506.html,0,www.lesnumeriques.com,"Actualité : IPTV pirate : les sites tombent les uns après les autres, le Mondial 2026 a déclenché une offensive planétaire sans précédent","Saisies massives de domaines aux États-Unis, près de 2 000 sites bloqués en Amérique latine, arrestations en Colombie, blocage IP en temps réel en France : le Mondial 2026 restera comme le tournoi où l'IPTV pirate a pris l'eau de toutes parts.",https://cdn.lesnumeriques.com/optim/news/25/259506/aa73374f-iptv-pirate-le-mondial-2026-a-declenche-une-offensive-planetaire-sans-precedent-les-sites-tombent-les-uns-apres-les-autres__1200_678__0-527-6016-3685.jpg,2026-07-21T05:45:00Z,http://web.archive.org/web/20260721100157/https://www.lesnumeriques.com/cine-svod/iptv-pirate-le-mondial-2026-a-declenche-une-offensive-planetaire-sans-precedent-les-sites-tombent-les-uns-apres-les-autres-n259506.html,"À quelques heures de la finale du Mondial 2026 à New York, le Department of Justice (DOJ) américain a dévoilé l'ampleur définitive de ""l'Operation Offsides"". Le bilan : plus de 1 000 noms de domaine … [+2043 chars]",,fr,'Paris'
https://fr.sputniknews.africa/20260721/iran-usa-des-mediateurs-presentent-une-proposition-de-cessez-le-feu-de-10-jours-selon-un-media--1087686529.html,https://fr.sputniknews.africa/20260721/iran-usa-des-mediateurs-presentent-une-proposition-de-cessez-le-feu-de-10-jours-selon-un-media--1087686529.html,0,fr.sputniknews.africa,"Iran-USA: des médiateurs présentent une proposition de cessez-le-feu de 10 jours, selon un média","Le Qatar, l'Égypte, le Pakistan et d'autres médiateurs régionaux ont présenté une proposition de cessez-le-feu aux États-Unis et à l'Iran, rapporte Axios.",https://cdn1.img.sputniknews.africa/images/sharing/article/fra/1087686529.jpg?10876863391784612743,2026-07-21T05:45:43Z,http://web.archive.org/web/20260722095458/https://fr.sputniknews.africa/20260721/iran-usa-des-mediateurs-presentent-une-proposition-de-cessez-le-feu-de-10-jours-selon-un-media--1087686529.html,"https://fr.sputniknews.africa/20260721/iran-usa-des-mediateurs-presentent-une-proposition-de-cessez-le-feu-de-10-jours-selon-un-media--1087686529.html
Iran-USA: des médiateurs présentent une proposi… [+1641 chars]",,fr,'Pakistan'
https://www.challenges.fr/vie-de-lentreprise/on-ne-peut-pas-lutter-contre-des-salaires-2-a-3-fois-plus-eleves-a-la-frontiere-suisse-la-galere-des-patrons-de-pme-francaises_644946,https://www.challenges.fr/vie-de-lentreprise/on-ne-peut-pas-lutter-contre-des-salaires-2-a-3-fois-plus-eleves-a-la-frontiere-suisse-la-galere-des-patrons-de-pme-francaises_644946,0,www.challenges.fr,"« On ne peut pas lutter contre des salaires 2 à 3 fois plus élevés » : à la frontière suisse, la galère des patrons de PME françaises","À l’occasion du Tour de France, Challenges prend la route de la Grande Boucle sous un autre angle : celui de l’économie. Et ici dans le Chablais, que le Tour de France traverse ce mardi 21 juillet, la Suisse aspire la main-d’œuvre française. Et laisse parfois…",https://www.challenges.fr/_ipx/f_jpg&enlarge_true&s_1200x630/cha/static/2026-07/59284.HR_0.png%3FVersionId=ijjI_o.iqBGty7ZHUz0.hXu1u339O1t0,2026-07-21T06:30:00Z,,"« Travailler en Suisse, cest la facilité. Dans mon entourage, il y a très peu de gens qui ne bossent pas là-bas », assure Alice*, 26 ans, frontalière depuis deux ans. Sa région, cest le Chablais, cet… [+584 chars]",,fr,'Suisse'
https://www.lejournaldesentreprises.com/dossier/les-start-up-suivre-en-auvergne-rhone-alpes-2146900,https://www.lejournaldesentreprises.com/dossier/les-start-up-suivre-en-auvergne-rhone-alpes-2146900,0,www.lejournaldesentreprises.com,Les start-up à suivre en Auvergne-Rhône-Alpes,"Quobly, Uromems, 3Deus Dynamics, Verlay... Auvergne-Rhône-Alpes regorge de start-up prometteuses dans tous les secteurs d'activité. Retrouvez dans ce dossier, les principaux concepts innovants, les dernières levées de fonds et/ou les entrées en phase d'indust…",https://www.lejournaldesentreprises.com/sites/lejournaldesentreprises.com/files/styles/landscape_web_lg_2x/public/2025-10/Expertise-de-Quobly-CEA-Leti-et-CNRS-290648.jpeg?h=4a7d1ed4&itok=IdNA_2aP,2026-07-21T07:32:03Z,,"Expertise de Quobly (CEA Leti et CNRS)
 — Photo : DR
Quobly, Uromems, 3Deus Dynamics, Verlay... Auvergne-Rhône-Alpes regorge de start-up prometteuses dans tous les secteurs d'activité. Retrouvez da… [+162 chars]",,fr,'Auvergne'
https://www.numerama.com/tech/2298417-free-mobile-ajoute-5-destinations-en-illimite-a-son-forfait-max-voici-la-liste-complete.html,https://www.numerama.com/tech/2298417-free-mobile-ajoute-5-destinations-en-illimite-a-son-forfait-max-voici-la-liste-complete.html,0,www.numerama.com,Free Mobile ajoute 5 destinations en illimité à son forfait Max : voici la liste complète,"Free annonce l'arrivée de cinq nouvelles destinations dans son forfait Free Max, qui couvre désormais 142 territoires. Saint-Martin (partie néerlandaise), Bonaire, Curaçao, Saba et Saint-Eustache rejoignent la liste des pays où la data est illimitée. Juste av…","https://c0.lestechnophiles.com/www.numerama.com/wp-content/uploads/2026/03/maxresdefault-104.jpg?resize=1600,900&key=321bc863",2026-07-21T08:10:43Z,,"Free annonce l’arrivée de cinq nouvelles destinations dans son forfait Free Max, qui couvre désormais 142 territoires. Saint-Martin (partie néerlandaise), Bonaire, Curaçao, Saba et Saint-Eustache rej… [+4691 chars]",,fr,'Curaçao'
https://www.franceinfo.fr/tour-de-france/tour-de-france-evenepoel-veut-se-rapprocher-de-pogacar-seixas-en-embuscade-suivez-le-contre-la-montre-entre-evian-les-bains-et-thonon-les-bains_8116097.html,https://www.franceinfo.fr/tour-de-france/tour-de-france-evenepoel-veut-se-rapprocher-de-pogacar-seixas-en-embuscade-suivez-le-contre-la-montre-entre-evian-les-bains-et-thonon-les-bains_8116097.html,0,www.franceinfo.fr,"DIRECT. Tour de France : Evenepoel veut se rapprocher de Pogacar, Seixas en embuscade... Suivez le contre-la-montre entre Evian-les-Bains et Thonon-les-Bains","C'est le seul exercice chronométré en individuel du Tour de France cette année, après le contre-la-montre par équipes inaugural en Espagne. Petit bonus : un col de deuxième catégorie au milieu du parcours.",https://www.franceinfo.fr/pictures/jRdvUeYW7FFyQT2-q-WRJSUoQA0/0x162:3116x1915/1500x843/2026/07/21/6a5f30612c084720169627.jpg,2026-07-21T11:05:37Z,,"Vingt-six kilomètres de chrono, et pas plus. Les organisateurs du Tour de France ne sont pas friands de la spécialité, coupable selon eux de cadenasser la course et de reléguer les étapes de montagne… [+1918 chars]",,fr,'Espagne'
https://www.huffingtonpost.fr/france/article/apres-l-interruption-du-concert-de-barbara-butch-a-grenoble-le-parquet-de-grenoble-ouvre-une-enquete_292316.html,https://www.huffingtonpost.fr/france/article/apres-l-interruption-du-concert-de-barbara-butch-a-grenoble-le-parquet-de-grenoble-ouvre-une-enquete_292316.html,0,www.huffingtonpost.fr,"Après l’interruption du concert de Barbara Butch à Grenoble, le parquet de Grenoble ouvre une enquête",Le concert en Isère de la DJ Barbara Butch avait été interrompu par des militants propalestiniens et des membres de La France insoumise.,https://focus.huffingtonpost.fr/2026/07/21/64/0/3744/2106/1820/1023/75/0/da6ce48_upload-1-nckj0ety5hpe-afp-20260606-hl-quentindegroeve-3186294-v1-highres-francecultureparisnuitblanch.jpg,2026-07-21T12:09:54Z,,"Laffaire prend une tournure judiciaire. Le parquet de Grenoble a annoncé, ce mardi 21 juillet, louverture dune enquête pour « délit dentrave concertée aux libertés » suite à linterruption trois jours… [+1342 chars]",,fr,'Isère'
https://www.ledauphine.com/faits-divers-justice/2026/07/21/un-motocycliste-gravement-blesse-dans-un-accident,https://www.ledauphine.com/faits-divers-justice/2026/07/21/un-motocycliste-gravement-blesse-dans-un-accident,0,www.ledauphine.com,Isère. Un motocycliste gravement blessé dans un accident,Un motocycliste âgé de 55 ans a été gravement blessé ce mardi dans une collision avec une voiture sur la commune de Têche.,https://cdn-s-www.ledauphine.com/images/5D5018D8-5281-4FF3-B509-5F5F6CD9D866/FB1200/photo-1768332962.jpg,2026-07-21T14:34:00Z,http://web.archive.org/web/20260722052149/https://www.ledauphine.com/faits-divers-justice/2026/07/21/un-motocycliste-gravement-blesse-dans-un-accident,"Le Dauphiné Libéré, en tant que responsable de traitement, recueille dans ce formulaire des informations qui sont enregistrées dans un fichier informatisé par son Service Relations Clients, la finali… [+854 chars]",,fr,'Isère'
https://www.huffingtonpost.fr/culture/article/en-soutien-a-barbara-butch-alain-chabat-et-plus-de-300-artistes-signent-une-tribune_292350.html,https://www.huffingtonpost.fr/culture/article/en-soutien-a-barbara-butch-alain-chabat-et-plus-de-300-artistes-signent-une-tribune_292350.html,0,www.huffingtonpost.fr,"En soutien à Barbara Butch, Alain Chabat et plus de 300 artistes signent une tribune","Andréa Bescond, Géraldine Nakache, mais aussi les frères Dardenne ou l’humoriste Thomas VDB figurent, eux aussi, parmi les signataires de ce texte, à l’origine du militant antiraciste Jonas Pardo.",https://focus.huffingtonpost.fr/2026/07/21/38/0/1200/675/1820/1023/75/0/6e2c00d_upload-1-2wvaeqvjaj3r-afp-20260306-a29d9my-v1-midres-francemusicportrait.jpg,2026-07-21T14:46:07Z,,"« Agresser une DJ juive ne libérera pas la Palestine. » Ce sont par ces mots quAlain Chabat, Géraldine Nakache, Andréa Bescond et plus de 300 artistes, ont choisi de titrer une tribune signée par leu… [+3368 chars]",,fr,'Grenoble'
https://www.lavenir.net/sports/cyclisme/2026/07/21/brandon-mcnulty-equipier-de-tadej-pogacar-sur-ce-tour-de-france-a-ete-victime-dun-delit-de-fuite-avec-une-voiture-avant-le-depart-de-la-16e-etape-PD7JPYHNPREWDKL6LVMBJEYNPQ/,https://www.lavenir.net/sports/cyclisme/2026/07/21/brandon-mcnulty-equipier-de-tadej-pogacar-sur-ce-tour-de-france-a-ete-victime-dun-delit-de-fuite-avec-une-voiture-avant-le-depart-de-la-16e-etape-PD7JPYHNPREWDKL6LVMBJEYNPQ/,0,www.lavenir.net,"Brandon McNulty, équipier de Tadej Pogacar sur ce Tour de France a été victime d'un délit de fuite avec une voiture avant le départ de la 16e étape","Peu avant le départ de la 16e étape du Tour de France mardi, un contre-la-montre individuel de 26,1 km entre Évian-les-Bains et Thonon-les-Bains, l'Américain Brandon McNulty, coéquipier du maillot jaune Tadej Pogacar,est entré en collision avec une voiture. .…",https://www.lavenir.net/resizer/v2/PCXGOSO66JCJ5DHQBXZWOWLKKE.JPG?auth=dbb2c795e0436eb6d384ef02f58eb4d7856ae19cfc958418f4b051bd1c4e7f4e&width=1200&height=630&quality=85&focal=2939%2C1962,2026-07-21T14:47:22Z,http://web.archive.org/web/20260722073418/https://www.lavenir.net/sports/cyclisme/2026/07/21/brandon-mcnulty-equipier-de-tadej-pogacar-sur-ce-tour-de-france-a-ete-victime-dun-delit-de-fuite-avec-une-voiture-avant-le-depart-de-la-16e-etape-PD7JPYHNPREWDKL6LVMBJEYNPQ/,"Le conducteur suivait McNulty de près, furieux, a rapporté Gianetti à Eurosport. ""Nous ne savons pas pourquoi. Il l'a dépassé. Brandon s'est arrêté. Et puis, malheureusement, il est entré en collisio… [+96 chars]",,fr,'Thonon-les-Bains'
https://www.franceinfo.fr/tour-de-france/le-belge-remco-evenepoel-ecrase-le-contre-la-montre-de-la-16e-etape-du-tour-de-france-et-reprend-28-secondes-au-maillot-jaune-tadej-pogacar-paul-seixas-quatrieme_8116673.html,https://www.franceinfo.fr/tour-de-france/le-belge-remco-evenepoel-ecrase-le-contre-la-montre-de-la-16e-etape-du-tour-de-france-et-reprend-28-secondes-au-maillot-jaune-tadej-pogacar-paul-seixas-quatrieme_8116673.html,0,www.franceinfo.fr,"Le Belge Remco Evenepoel écrase le contre-la-montre de la 16e étape du Tour de France et reprend 28 secondes au maillot jaune Tadej Pogacar, Paul Seixas quatrième","Le Belge, champion olympique de la discipline, s'est montré le plus rapide, mardi, lors du chrono entre Evian-les-Bains et Thonon-les-Bains, alors que Florian Lipowitz, cinquième ce matin, a chuté et abandonné.",https://www.franceinfo.fr/pictures/U2CS7bTebp-EBT38uohSSJI5KaY/0x94:3616x2128/1500x843/2026/07/21/6a5f9237e272f041556676.jpg,2026-07-21T15:49:27Z,,"Le Belge, champion olympique de la discipline, s'est montré le plus rapide, mardi, lors du chrono entre Evian-les-Bains et Thonon-les-Bains, alors que Florian Lipowitz, cinquième ce matin, a chuté et… [+1139 chars]",,fr,'Thonon-les-Bains'
https://france3-regions.franceinfo.fr/auvergne-rhone-alpes/haute-savoie/tour-de-france-2026-remco-evenepoel-ecrase-le-contre-la-montre-entre-evian-et-thonon-paul-seixas-4e-3389989.html,https://france3-regions.franceinfo.fr/auvergne-rhone-alpes/haute-savoie/tour-de-france-2026-remco-evenepoel-ecrase-le-contre-la-montre-entre-evian-et-thonon-paul-seixas-4e-3389989.html,0,france3-regions.franceinfo.fr,"Tour de France 2026 : Remco Evenepoel écrase le contre-la-montre entre Evian et Thonon, Paul Seixas 4e","Le Belge Remco Evenepoel a remporté le contre-la-montre de la 16e étape du Tour de France entre Evian-les-Bains et Thonon-les-Bains, en Haute-Savoie. Sur ce tracé de 26 km, il a largement devancé Tadej Pogacar et Mattias Skjelmose.",https://france3-regions.franceinfo.fr/image/6lr7zy6FqvMudOQt179F8BYr4lA/930x620/regions/2026/07/21/6a5f951fd3574576672740.jpg,2026-07-21T15:54:57Z,,"Le Belge Remco Evenepoel a remporté le contre-la-montre de la 16e étape du Tour de France entre Evian-les-Bains et Thonon-les-Bains, en Haute-Savoie. Sur ce tracé de 26 km, il a largement devancé Tad… [+1475 chars]",,fr,'Savoie'
https://www.ledauphine.com/montagne/2026/07/21/tour-de-france-ces-3-lacs-spectaculaires-que-vous-allez-voir-a-la-tele-pendant-la-17e-etape,https://www.ledauphine.com/montagne/2026/07/21/tour-de-france-ces-3-lacs-spectaculaires-que-vous-allez-voir-a-la-tele-pendant-la-17e-etape,0,www.ledauphine.com,Savoie-Isère. Tour de France : ces 3 lacs spectaculaires que vous allez voir à la télé pendant la 17e étape,"Trois lacs d'exception, des eaux turquoise et des panoramas alpins : découvrez les plus beaux paysages de la 17e étape du Tour de France 2026.",https://cdn-s-www.ledauphine.com/images/171C1506-CC7C-4154-A07B-C7F33D6A3DDF/FB1200/photo-1780155844.jpg,2026-07-21T16:00:00Z,http://web.archive.org/web/20260721191425/https://www.ledauphine.com/montagne/2026/07/21/tour-de-france-ces-3-lacs-spectaculaires-que-vous-allez-voir-a-la-tele-pendant-la-17e-etape,"Le Dauphiné Libéré, en tant que responsable de traitement, recueille dans ce formulaire des informations qui sont enregistrées dans un fichier informatisé par son Service Relations Clients, la finali… [+854 chars]",,fr,'France'
https://www.nouvelobs.com/teleobs/20260721.OBS116863/mortelle-randonnee-une-balade-lyrique-qui-evoque-sueurs-froides-d-alfred-hitchcock.html,https://www.nouvelobs.com/teleobs/20260721.OBS116863/mortelle-randonnee-une-balade-lyrique-qui-evoque-sueurs-froides-d-alfred-hitchcock.html,0,www.nouvelobs.com,« Mortelle randonnée » : une balade lyrique qui évoque « Sueurs froides » d’Alfred Hitchcock,"Adapté d’un polar de Marc Behm, Claude Miller signe un thriller psychologique, porté par Michel Serrault et Isabelle Adjani, qui suscitera de vives critiques à sa sortie. Ce soir à 21h sur France 5.",https://focus.nouvelobs.com/2026/07/07/0/94/1603/1069/1200/800/0/0/48d3c6a_upload-1-vqdno3qlxay8-mortellerandonnee-10.jpg,2026-07-21T16:00:08Z,,"Stéphane Audran et Michel Serrault dans « Mortelle randonnée »  de Claude Miller.  TF1 FILMS PRODUCTION
Avec « Mortelle randonnée », Claude Miller connaît son plus gros échec après son plus grand su… [+2235 chars]",,fr,'France'
https://www.courrierinternational.com/article/vu-d-allemagne-la-france-doit-elle-supprimer-le-delai-de-prescription-pour-les-crimes-sexuels_249909,https://www.courrierinternational.com/article/vu-d-allemagne-la-france-doit-elle-supprimer-le-delai-de-prescription-pour-les-crimes-sexuels_249909,0,www.courrierinternational.com,La France doit-elle supprimer le délai de prescription pour les crimes sexuels ?,"Une femme allemande accuse un collaborateur de Jeffrey Epstein de l’avoir violée à Paris en 1986, rapporte l’hebdomadaire allemand “Der Spiegel”. Mais lorsque la victime a porté plainte, en 2026, les faits étaient prescrits. Son cas est loin d’être isolé : en…",https://focus.courrierinternational.com/2025/10/08/0/0/7116/4744/1200/630/60/0/e1af265_ftp-import-images-1-ngxssjg9rn3k-afp-783q2ac.jpg,2026-07-21T16:00:12Z,,"Début mai, Anna (son nom a été changé) attend dans un commissariat de police parisien. Elle est venue porter plainte : elle veut signaler un viol dont elle a été victime en 1986. Originaire dune peti… [+1064 chars]",,fr,'France'
https://www.presse-citron.net/revolut-vient-obtenir-licence-bancaire-dans-pays-banques-traditionnelles-tremblent/,https://www.presse-citron.net/revolut-vient-obtenir-licence-bancaire-dans-pays-banques-traditionnelles-tremblent/,0,www.presse-citron.net,Revolut vient d’obtenir une licence bancaire dans ce pays : les banques traditionnelles tremblent,"Revolut vient de décrocher une licence bancaire complète en Australie, s'attaquant de front à un marché historique verrouillé par quatre grandes banques. Le géant de la fintech déploie sa stratégie pour s'imposer comme la première banque mondiale.",https://www.presse-citron.net/app/uploads/2026/07/revolut-australie-1600x900.jpg,2026-07-21T16:00:37Z,http://web.archive.org/web/20260721204817/https://www.presse-citron.net/revolut-vient-obtenir-licence-bancaire-dans-pays-banques-traditionnelles-tremblent/,"Cest un tournant majeur pour Revolut. La néobanque britannique vient de franchir une étape cruciale en obtenant une licence bancaire complète en Australie, accordée par le régulateur local, lAPRA. Et… [+3166 chars]",,fr,'Australie'
https://www.lavenir.net/actu/2026/07/21/21-juillet-le-roi-et-la-reine-ont-assiste-au-defile-civil-et-militaire-a-bruxelles-photos-5GMG5ATG3JFP5CGWTWNOTXJKBI/,https://www.lavenir.net/actu/2026/07/21/21-juillet-le-roi-et-la-reine-ont-assiste-au-defile-civil-et-militaire-a-bruxelles-photos-5GMG5ATG3JFP5CGWTWNOTXJKBI/,0,www.lavenir.net,21 juillet : Le Roi et la Reine ont assisté au défilé civil et militaire à Bruxelles (photos),"Le Roi Philippe et la Reine Mathilde ont assisté mardi après-midi au défilé civil et militaire de la Fête nationale, depuis la place des Palais à Bruxelles. ...",https://www.lavenir.net/resizer/v2/MEXEEYUYXBB5NC75UOSPVHPH5I.JPG?auth=01b181f2cd8e6db9cdd9bef873a0e9fcf35073ca9d9edfda10bd1cc25c2017d4&width=1200&height=630&quality=85&focal=2160%2C1440,2026-07-21T16:00:50Z,,"Vers 16h10, le défilé a démarré, avec des colonnes à pied et un défilé aérien, suivi du défilé motorisé. Certains militaires avaient une bonne partie du visage couverte afin de ne pas permettre leur … [+805 chars]",,fr,'Bruxelles'
https://france3-regions.franceinfo.fr/auvergne-rhone-alpes/allier/vichy/vichy-classee-parmi-les-destinations-d-ete-preferees-des-francais-la-ville-auvergnate-integre-le-top-5-du-palmares-2026-3389653.html,https://france3-regions.franceinfo.fr/auvergne-rhone-alpes/allier/vichy/vichy-classee-parmi-les-destinations-d-ete-preferees-des-francais-la-ville-auvergnate-integre-le-top-5-du-palmares-2026-3389653.html,0,france3-regions.franceinfo.fr,Vichy classée parmi les destinations d’été préférées des Français : la ville auvergnate intègre le top 5 du palmarès 2026,"Vichy ""reine des villes d'eaux"" décroche la 5e place des destinations estivales idéales des Français dans la catégorie ""France de l'intérieur"", issue d'un sondage Elabe pour le journal la Tribune.",https://france3-regions.franceinfo.fr/image/F78rfARaJ1ATFZAVOXJD9bhhuwA/930x620/regions/2026/07/21/6a5f2e36c4d27684112387.jpg,2026-07-21T16:05:02Z,,"Mes newsletters
Recevez tous les jours dans votre boîte mail les principales infos de France 3 Régions.",,fr,'France'
https://www.nouvelobs.com/cinema/20260721.OBS116865/nightborn-un-film-horrifique-trop-poussif-sur-la-depression-post-partum.html,https://www.nouvelobs.com/cinema/20260721.OBS116865/nightborn-un-film-horrifique-trop-poussif-sur-la-depression-post-partum.html,0,www.nouvelobs.com,« Nightborn » : un film horrifique trop poussif sur la dépression post-partum,"Thriller horrifique par Hanna Bergholm, avec Seidi Haarla, Rupert Grint (Finlande, Lituanie, France, Grande-Bretagne, 1h32). En salle le 22 juillet ★☆☆☆☆",https://focus.nouvelobs.com/2026/07/20/0/112/1297/865/1200/800/0/0/15b586a_upload-1-1ismbe8vazzc-nightborn.jpeg,2026-07-21T16:05:07Z,,"Critique  Thriller horrifique par Hanna Bergholm, avec Seidi Haarla, Rupert Grint (Finlande, Lituanie, France, Grande-Bretagne, 1h32). En salle le 22 juillet",,fr,'Finlande'
https://theconversation.com/les-enjeux-politiques-et-religieux-autour-du-bombardement-de-la-cathedrale-de-la-dormition-a-kiev-287117,https://theconversation.com/les-enjeux-politiques-et-religieux-autour-du-bombardement-de-la-cathedrale-de-la-dormition-a-kiev-287117,0,theconversation.com,Les enjeux politiques et religieux autour du bombardement de la cathédrale de la Dormition à Kiev,La frappe contre la cathédrale de la Dormition remet au premier plan un autre front de la guerre : la bataille entre Moscou et Kiev pour l’héritage orthodoxe.,https://images.theconversation.com/files/748585/original/file-20260717-71-yr2g3d.jpg?ixlib=rb-4.1.1&rect=0%2C591%2C5271%2C2635&q=45&auto=format&w=1356&h=668&fit=crop,2026-07-21T16:05:27Z,,"L’incendie de la cathédrale de la Dormition de Kiev, à la suite d’une nuit de frappes russes sur la capitale ukrainienne du 14 au 15 juin, met en lumière la dimension religieuse de la guerre en Ukrai… [+8995 chars]",,fr,'Moscou'
https://www.nouvelobs.com/monde/20260721.OBS116867/enquete-ouverte-en-france-pour-tortures-concernant-une-autre-flottille-pour-gaza-en-octobre-2025-ce-que-l-on-sait.html,https://www.nouvelobs.com/monde/20260721.OBS116867/enquete-ouverte-en-france-pour-tortures-concernant-une-autre-flottille-pour-gaza-en-octobre-2025-ce-que-l-on-sait.html,0,www.nouvelobs.com,Enquête ouverte en France pour tortures concernant une autre « flottille pour Gaza » en octobre 2025 : ce que l’on sait,"Le parquet national antiterroriste (Pnat) a ouvert une enquête préliminaire en France pour tortures le 1ᵉʳ juillet, « à la suite des plaintes de deux personnes ayant pris part à une flottille pour Gaza en octobre 2025 », a-t-il indiqué ce mardi, sollicité par…",https://focus.nouvelobs.com/2026/07/21/1/0/4724/3149/1200/800/0/0/e96a662_upload-1-45x9rfz0pt5g-080-hl-fgarenzi-2797959.jpg,2026-07-21T16:13:52Z,,"Un rassemblement en soutien à la « flottille pour Gaza », en juin 2025, place de la République à Paris. FIORA GARENZI / HANS LUCAS VIA AFP
Le parquet national antiterroriste (Pnat) a ouvert en Franc… [+4272 chars]",,fr,'France'
https://www.ledauphine.com/tour-de-france/2026/07/21/un-peu-de-repit-les-sprinteurs-attendus-ce-qu-il-faut-savoir-sur-la-17-sup-e-sup-etape,https://www.ledauphine.com/tour-de-france/2026/07/21/un-peu-de-repit-les-sprinteurs-attendus-ce-qu-il-faut-savoir-sur-la-17-sup-e-sup-etape,0,www.ledauphine.com,"Tour de France 2026. Un peu de répit, les sprinteurs attendus... Ce qu'il faut savoir sur la 17e étape","Avant le début du feu d'artifice final dans les Alpes, les sprinteurs auront encore une chance de s'exprimer ce mercredi entre Chambéry et Voiron, lors de la 17e étape.",https://cdn-s-www.ledauphine.com/images/925F66DF-8A28-4DDA-8DFE-F53AA9F53860/FB1200/photo-1782831665.jpg,2026-07-21T16:15:00Z,http://web.archive.org/web/20260721205216/https://www.ledauphine.com/tour-de-france/2026/07/21/un-peu-de-repit-les-sprinteurs-attendus-ce-qu-il-faut-savoir-sur-la-17-sup-e-sup-etape,"Les sprinteurs seraient bien inspirés de profiter de ce mercredi 22 juillet. Après des étapes compliquées pour eux et avant le coup d'envoi du feu d'artifice alpestre, les chasseurs de maillot vert a… [+1525 chars]",,fr,'France'
https://www.nouvelobs.com/cinema/20260721.OBS116868/les-madeleines-portrait-d-un-dandy-singulier-qui-aime-autant-les-madeleines-que-les-jeux-gays-sm.html,https://www.nouvelobs.com/cinema/20260721.OBS116868/les-madeleines-portrait-d-un-dandy-singulier-qui-aime-autant-les-madeleines-que-les-jeux-gays-sm.html,0,www.nouvelobs.com,"« Les Madeleines » : portrait d’un dandy singulier, qui aime autant les madeleines que les jeux gays SM","Portrait par Arthur Dreyfus, avec Stéphane-Jacques (France, 1h23). En salle le 22 juillet ★★☆☆☆",https://focus.nouvelobs.com/2026/07/20/0/58/907/605/1200/800/0/0/b467866_upload-1-iwojzgzrczmn-les-madeleines.jpg,2026-07-21T16:15:13Z,,"« Les Madeleines », un documentaire dArthur Dreyfus. 
Pour aller plus loin
 Lécrivain français, dont « la Troisième Main » (P.O.L) est en cours dadaptation par Michel Hazanavicius, recueille face c… [+184 chars]",,fr,'France'
https://www.nouvelobs.com/cinema/20260721.OBS116869/les-vacances-de-golo-et-ritchie-une-comedie-reussie-portee-par-deux-acolytes-un-peu-trop-differents.html,https://www.nouvelobs.com/cinema/20260721.OBS116869/les-vacances-de-golo-et-ritchie-une-comedie-reussie-portee-par-deux-acolytes-un-peu-trop-differents.html,0,www.nouvelobs.com,"« Les Vacances de Golo et Ritchie » : une comédie réussie, portée par deux acolytes un peu (trop) différents","Comédie par Ahmed Hamidi et Martin Fougerol, avec Golo et Ritchie (France, 1h17). En salle le 22 juillet ★★★☆☆",https://focus.nouvelobs.com/2026/07/14/1/0/4672/3114/1200/800/0/0/3a7f4b5_upload-1-qc7hdq9wojjh-lesvacancesdegolo-ritchie-2026-ce-dric-bertrand-chifoumi-productions-dsc02865.jpg,2026-07-21T16:20:07Z,,"« Les Vacances de Golo &amp; Ritchie », un film dAhmed Hamidi et Martin Fougerol. APOLLO FILMS
Pour aller plus loin
 A la fin de lété 2024 sortait le premier volet des aventures de ce tandem vedett… [+1048 chars]",,fr,'France'
https://www.lavenir.net/actu/2026/07/21/drame-en-france-2-pompiers-decedent-lors-dun-incendie-pres-de-laeroport-de-bordeaux-Z5AHWUFOQ5AJRM36U37X4B4G24/,https://www.lavenir.net/actu/2026/07/21/drame-en-france-2-pompiers-decedent-lors-dun-incendie-pres-de-laeroport-de-bordeaux-Z5AHWUFOQ5AJRM36U37X4B4G24/,0,www.lavenir.net,Drame en France : 2 pompiers décèdent lors d'un incendie près de l'aéroport de Bordeaux,"Deux sapeurs-pompiers sont morts lors d'une intervention contre un feu de bâtiment survenu mardi après-midi près de l'aéroport de Bordeaux, a annoncé le ministre de l'Intérieur Laurent Nuñez, sans préciser davantage les circonstances du drame. ...",https://www.lavenir.net/resizer/v2/ZCIITJHKJBBBZAPOTOF4CYH2EE.jpg?auth=ab6c55622ec056e12a45e7245eec5fb1eae7ad5c65cc0231678c2057c5688ec0&width=1200&height=630&quality=85&focal=2696%2C1796,2026-07-21T16:24:28Z,,"Le président Emmanuel Macron a adressé aux familles des victimes et aux sapeurs-pompiers du pays ""les condoléances, la reconnaissance et le soutien de la Nation"", via le réseau social X.
Aucune préc… [+1793 chars]",,fr,'France'
https://www.phonandroid.com/le-motorola-edge-70-max-est-officiel-un-smartphone-haut-de-gamme-pour-un-prix-accessible.html,https://www.phonandroid.com/le-motorola-edge-70-max-est-officiel-un-smartphone-haut-de-gamme-pour-un-prix-accessible.html,0,www.phonandroid.com,Le Motorola Edge 70 Max est officiel : un smartphone haut de gamme pour un prix accessible,"Motorola lance l'Edge 70 Max en France, son nouveau smartphone premium. Entre design soigné, performances alléchantes et prix contenu, il a des arguments à faire valoir. Pas besoin de dépenser...",https://wp-pa.phonandroid.com/uploads/2026/07/Motorola-Edge-70-Max.jpg,2026-07-21T16:24:35Z,http://web.archive.org/web/20260722045724/https://www.phonandroid.com/le-motorola-edge-70-max-est-officiel-un-smartphone-haut-de-gamme-pour-un-prix-accessible.html,"Motorola lance l'Edge 70 Max en France, son nouveau smartphone premium. Entre design soigné, performances alléchantes et prix contenu, il a des arguments à faire valoir.
Crédit : Motorola
Pas besoi… [+4274 chars]",,fr,'France'
https://www.nouvelobs.com/cinema/20260721.OBS116871/gavagai-et-autres-malentendus-dans-ce-drame-ulrich-kohler-orchestre-un-beau-melange-des-genres.html,https://www.nouvelobs.com/cinema/20260721.OBS116871/gavagai-et-autres-malentendus-dans-ce-drame-ulrich-kohler-orchestre-un-beau-melange-des-genres.html,0,www.nouvelobs.com,"« Gavagai, et autres malentendus » : dans ce drame, Ulrich Köhler orchestre un beau mélange des genres","Drame par Ulrich Köhler, avec Jean-Christophe Folly, Maren Eggert, Nathalie Richard (Allemagne, France, 1h31). En salle le 22 juillet ★★★☆☆",https://focus.nouvelobs.com/2026/07/14/0/343/2409/1606/1200/800/0/0/2da0a7a_upload-1-lthav2wzzpvh-gavagai-press6-lone-rider-web-rgb.jpg,2026-07-21T16:30:11Z,,"« Gavagai, et autres malentendus », par Ulrich Köhler. NEW STORY
Pour aller plus loin
 Au Sénégal, une cinéaste française (formidable Nathalie Richard) met en scène une version très revisitée de « … [+584 chars]",,fr,'France'
https://www.huffingtonpost.fr/sport/article/le-tour-de-france-fait-un-rappel-a-l-ordre-apres-qu-un-chien-a-pris-ses-aises-lors-du-contre-la-montre_292383.html,https://www.huffingtonpost.fr/sport/article/le-tour-de-france-fait-un-rappel-a-l-ordre-apres-qu-un-chien-a-pris-ses-aises-lors-du-contre-la-montre_292383.html,0,www.huffingtonpost.fr,Le Tour de France fait un rappel à l’ordre après qu’un chien a pris ses aises lors du contre-la-montre,"Pendant le chrono entre Évian-les-Bains et Thonon-les-Bains, un chien a failli perturber le passage du tout premier coureur, le Polonais Kamil Gradek.",https://focus.huffingtonpost.fr/2026/07/21/36/0/478/268/1820/1023/75/0/ae3f469_upload-1-5kb05jzjs4vf-capture-d-ecran-2026-07-21-172313.jpg,2026-07-21T16:44:03Z,,"« Tenez vos animaux en laisse ! » Ce mardi 21 juillet, lors de la 16e étape du Tour de France entre Évian-les-Bains et Thonon-les-Bains, un contre-la-montre individuel de 26 kilomètres, lorganisation… [+2962 chars]",,fr,'Évian-les-Bains'
https://france3-regions.franceinfo.fr/auvergne-rhone-alpes/haute-savoie/c-est-une-fierte-d-accueillir-une-etape-au-port-quand-le-tour-de-france-2026-accoste-sur-les-rives-du-leman-3389986.html,https://france3-regions.franceinfo.fr/auvergne-rhone-alpes/haute-savoie/c-est-une-fierte-d-accueillir-une-etape-au-port-quand-le-tour-de-france-2026-accoste-sur-les-rives-du-leman-3389986.html,0,france3-regions.franceinfo.fr,"""C’est une fierté d’accueillir une étape au port"", quand le Tour de France 2026 accoste sur les rives du Léman","Généralement habitué aux grands cols, le Tour de France a fait ce mardi 21 juillet, escale au bord du Léman pour sa 16e étape, entre Évian-les-Bains et Thonon-les-Bains (Haute-Savoie). Pour la première fois, le port de Rives de Thonon accueillait l’arrivée de…",https://france3-regions.franceinfo.fr/image/Y8Zdl-X0rkFBLa0XLaYPily4wpk/930x620/regions/2026/07/21/6a5f987e182c7531863707.jpg,2026-07-21T17:08:18Z,,"Généralement habitué aux grands cols, le Tour de France a fait ce mardi 21 juillet, escale au bord du Léman pour sa 16e étape, entre Évian-les-Bains et Thonon-les-Bains (Haute-Savoie). Pour la premiè… [+6229 chars]",,fr,'Savoie'
https://www.ledauphine.com/faits-divers-justice/2026/07/21/son-ami-est-devenu-fou-et-l-a-violente-a-l-aide-d-une-machette-ce-que-l-on-sait-du-meurtre-d-aime-la-plagne,https://www.ledauphine.com/faits-divers-justice/2026/07/21/son-ami-est-devenu-fou-et-l-a-violente-a-l-aide-d-une-machette-ce-que-l-on-sait-du-meurtre-d-aime-la-plagne,0,www.ledauphine.com,Savoie. “Son ami est devenu fou et l’a violenté à l’aide d’une machette” : ce que l’on sait du meurtre d’Aime-la-Plagne,"Dimanche 19 juillet, à Aime-la-Plagne, peu avant 5 heures du matin, un homme de 48 ans a été tué à son domicile. Le suspect, placé en garde à vue peu après les faits, et sérieusement blessé à la machette, a reconnu l’avoir étranglé pour mettre fin à une alter…",https://cdn-s-www.ledauphine.com/images/C6AC915F-3C9C-466F-A763-18F62DF0C376/FB1200/photo-1784652694.jpg,2026-07-21T17:11:00Z,http://web.archive.org/web/20260721235356/https://www.ledauphine.com/faits-divers-justice/2026/07/21/son-ami-est-devenu-fou-et-l-a-violente-a-l-aide-d-une-machette-ce-que-l-on-sait-du-meurtre-d-aime-la-plagne,"Comme vous la révélé Le Dauphiné Libéré , dimanche 19 juillet, à laube, un homme a été retrouvé mort à son domicile. Il habitait dans le petit hameau de Montgilbert, sur les hauteurs dAime-la-Plagne.… [+2652 chars]",,fr,'Savoie'
https://www.ledauphine.com/faits-divers-justice/2026/07/21/250-caravanes-ont-investi-un-champ-agricole-nous-sommes-arrives-a-un-point-de-rupture-fustige-le-maire-roland-daviet,https://www.ledauphine.com/faits-divers-justice/2026/07/21/250-caravanes-ont-investi-un-champ-agricole-nous-sommes-arrives-a-un-point-de-rupture-fustige-le-maire-roland-daviet,0,www.ledauphine.com,"Haute-Savoie. 250 caravanes ont investi un champ agricole : « Nous sommes arrivés à un point de rupture », fustige le maire Roland Daviet","Confronté à l’installation illicite sur un terrain communal d’un groupe de gens du voyage de 250 caravanes qui pourrait doubler dans les prochains jours, le maire d’Épagny Metz-Tessy, Roland Daviet, ne décolère pas et dénonce « un point de rupture. »",https://cdn-s-www.ledauphine.com/images/84C37623-30B5-4EAE-B55A-2F5FACDF8602/FB1200/photo-1784654402.jpg,2026-07-21T17:20:00Z,http://web.archive.org/web/20260722000341/https://www.ledauphine.com/faits-divers-justice/2026/07/21/250-caravanes-ont-investi-un-champ-agricole-nous-sommes-arrives-a-un-point-de-rupture-fustige-le-maire-roland-daviet,"Le Dauphiné Libéré, en tant que responsable de traitement, recueille dans ce formulaire des informations qui sont enregistrées dans un fichier informatisé par son Service Relations Clients, la finali… [+854 chars]",,fr,'Savoie'
https://www.20minutes.fr/monde/ukraine/4235660-20260721-guerre-ukraine-important-incendie-mer-noire-russie-navigue-tirs-reels-manche,https://www.20minutes.fr/monde/ukraine/4235660-20260721-guerre-ukraine-important-incendie-mer-noire-russie-navigue-tirs-reels-manche,0,www.20minutes.fr,"Guerre en Ukraine : Important incendie en mer Noire, la Russie navigue à tirs réels dans la Manche","« 20 Minutes » fait le point pour vous tous les soirs sur le conflit en Ukraine. Ce mardi 21 juillet, le Royaume-Uni a dû hausser le ton face à des exercices à tirs réels d’un navire russe dans la Manche",https://img.20mn.fr/aK3IZVhLQ_Cw5jAfyUaYFCk/1444x920_des-sauveteurs-a-tulcea-en-roumanie-apres-qu-un-navire-citerne-gpl-traversant-la-mer-noire-en-direction-d-un-port-ukrainien-a-pris-feu,2026-07-21T17:27:36Z,http://web.archive.org/web/20260722022918/https://www.20minutes.fr/monde/ukraine/4235660-20260721-guerre-ukraine-important-incendie-mer-noire-russie-navigue-tirs-reels-manche,"Vous avez raté les derniers événements sur la guerre en Ukraine ? 20 Minutes fait le point pour vous tous les soirs. Voici lessentiel de ce mardi 21 juillet 2026, au 1.608e jour du conflit.
Le fait … [+2734 chars]",,fr,'Ukraine'
https://www.20minutes.fr/societe/4235663-20260721-apres-interruption-concert-plus-300-personnalites-signent-tribune-soutien-barbara-butch,https://www.20minutes.fr/societe/4235663-20260721-apres-interruption-concert-plus-300-personnalites-signent-tribune-soutien-barbara-butch,0,www.20minutes.fr,"Après l’interruption de son concert, plus de 300 personnalités signent une tribune en soutien à Barbara Butch","Près de 300 personnalités soutiennent, ce mardi, Barbara Butch après l’interruption de son concert à Grenoble à travers une tribune. Une enquête est ouverte et la DJ annonce que des plaintes sont « prêtes »",https://img.20mn.fr/mt5qVRbtRUS0YKCNxYKqQyk/1444x920_barbara-butch-dj-et-productrice-la-5e-edition-de-l-evenement-we-are-french-touch-organise-par-la-banque-publique-d-investissement-bpi-france-et-la-french-touch-dedie-aux-industries-et-entreprises-du-secteur-culturel-et-creatif-au-palais-brongniart-a-paris-le-26-novembre-2025-photo-olivier-juszczak-sipa-la-5e-edition-de-l-evenement-we-are-french-touch-organise-par-la-banque-publique-d-investissement-bpi-france-et-la-french-touch-consacre-aux-industries-et-aux-entreprises-du-secteur-de-la-culture-et-de-la-creation-au-palais-brongniart-a-paris-le-26-novembre-2025-juszczakolivier-251126-bpi-044-credit-olivier-juszczak-sipa-2511262321,2026-07-21T17:32:16Z,http://web.archive.org/web/20260722030317/https://www.20minutes.fr/societe/4235663-20260721-apres-interruption-concert-plus-300-personnalites-signent-tribune-soutien-barbara-butch,"Près de 300 personnalités du monde de la culture et de la recherche ont publié une tribune de soutien à la DJ Barbara Butch, quelques jours après linterruption de son concert à Grenoble par des milit… [+1421 chars]",,fr,'Grenoble'
https://www.ledauphine.com/tour-de-france/2026/07/21/les-gens-sont-fous-ma-fille-s-est-fait-retourner-le-doigt-quand-les-spectateurs-s-arrachent-les-souvenirs-du-tour,https://www.ledauphine.com/tour-de-france/2026/07/21/les-gens-sont-fous-ma-fille-s-est-fait-retourner-le-doigt-quand-les-spectateurs-s-arrachent-les-souvenirs-du-tour,0,www.ledauphine.com,"Haute-Savoie. « Les gens sont fous, ma fille s'est fait retourner le doigt » : quand les spectateurs s'arrachent les souvenirs du Tour","Le vrai départ du Tour, ce mardi dans le Chablais, n’a pas été donné par les coureurs mais par la caravane. Dès le matin, des milliers de spectateurs ont pris place pour tenter d’attraper un bob Cochonou ou quelques souvenirs publicitaires, avant de profiter …",https://cdn-s-www.ledauphine.com/images/66AADDF4-791E-448D-AE63-3408D8B19F01/FB1200/photo-1784657178.jpg,2026-07-21T18:31:00Z,http://web.archive.org/web/20260721201404/https://www.ledauphine.com/tour-de-france/2026/07/21/les-gens-sont-fous-ma-fille-s-est-fait-retourner-le-doigt-quand-les-spectateurs-s-arrachent-les-souvenirs-du-tour,"Selon un sondage cité par Franceinfo, 47 % des 10 à 12 millions de spectateurs du Tour de France viendraient sur le parcours pour la caravane publicitaire. Notre rédaction a cherché à le vérifier ce … [+593 chars]",,fr,'Savoie'
https://www.ledauphine.com/tour-de-france/2026/07/21/evenepoel-s-envole-lipowitz-au-sol-emotions-partagees-pour-red-bull-bora-hansgrohe,https://www.ledauphine.com/tour-de-france/2026/07/21/evenepoel-s-envole-lipowitz-au-sol-emotions-partagees-pour-red-bull-bora-hansgrohe,0,www.ledauphine.com,"Tour de France 2026. Evenepoel s’envole, Lipowitz au sol : émotions partagées pour Red Bull - BORA - hansgrohe","Vainqueure du contre-la-montre grâce à Remco Evenepoel, intouchable entre Évian-les-Bains et Thonon-les-Bains, et solide deuxième du classement général, l’équipe RedBull-Bora-Hansgrohe a aussi perdu son deuxième leader, Florian Lipowitz, sur chute.",https://cdn-s-www.ledauphine.com/images/BCB7AC42-B748-4C47-A398-EC9990FA030A/FB1200/photo-1784659745.jpg,2026-07-21T18:59:00Z,,"À 6,5 kilomètres de larrivée à Thonon-les-Bains, quand Remco Evenepoel est passé pleine balle vers un treizième succès lors de ses quinze derniers contre-la-montre, il na pas vu Florian Lipowitz enco… [+2820 chars]",,fr,'Thonon-les-Bains'
https://www.dhnet.be/sports/cyclisme/2026/07/21/tour-de-france-2026-le-belge-xandro-meurisse-percute-par-une-voiture-apres-le-contre-la-montre-N25A2GRT4ZHM3JX2LLJBIUSWIQ/,https://www.dhnet.be/sports/cyclisme/2026/07/21/tour-de-france-2026-le-belge-xandro-meurisse-percute-par-une-voiture-apres-le-contre-la-montre-N25A2GRT4ZHM3JX2LLJBIUSWIQ/,0,www.dhnet.be,Tour de France 2026 – Le Belge Xandro Meurisse percuté par une voiture après le contre-la-montre,Le coureur belge a été renversé par un véhicule après l’épreuve chronométrée de ce 21 juillet. ...,https://www.dhnet.be/resizer/v2/O2EFYLUIB5CVHC3VLVSYX2WMYM.JPG?auth=23a9a5e979d2a1070fac91cbb2e6af2720bde6be666aef66baa769c528f52a1d&width=1200&height=630&quality=85&focal=2060%2C1374,2026-07-21T20:33:15Z,http://web.archive.org/web/20260721220349/https://www.dhnet.be/sports/cyclisme/2026/07/21/tour-de-france-2026-le-belge-xandro-meurisse-percute-par-une-voiture-apres-le-contre-la-montre-N25A2GRT4ZHM3JX2LLJBIUSWIQ/,"Alors que Remco Evenepoel a brillamment remporté le chrono entre Évian-les-Bains et Thonon-les-Bains en ce jour de fête nationale, un autre Belge n'a pas connu la même chance.
Alors qu'il retournait… [+275 chars]",,fr,'Belge'
https://www.ledauphine.com/politique/2026/07/22/la-station-de-valmorel-passee-au-crible-de-la-cour-des-comptes,https://www.ledauphine.com/politique/2026/07/22/la-station-de-valmorel-passee-au-crible-de-la-cour-des-comptes,0,www.ledauphine.com,Savoie. La station de Valmorel passée au crible de la Cour des comptes,La chambre régionale de la Cour des comptes a publié son rapport d’observations définitives concernant la station de Valmorel portant sur la période 2019-2024.,https://cdn-s-www.ledauphine.com/images/2D38ACD9-E7D3-45A2-8D9F-481745116F28/FB1200/photo-1784659528.jpg,2026-07-22T04:00:00Z,http://web.archive.org/web/20260723070635/https://www.ledauphine.com/politique/2026/07/22/la-station-de-valmorel-passee-au-crible-de-la-cour-des-comptes,"Le Dauphiné Libéré, en tant que responsable de traitement, recueille dans ce formulaire des informations qui sont enregistrées dans un fichier informatisé par son Service Relations Clients, la finali… [+854 chars]",,fr,'Savoie'
https://www.leprogres.fr/sante/2026/07/21/epidemie-d-ebola-biomerieux-achemine-des-tests-en-afrique,https://www.leprogres.fr/sante/2026/07/21/epidemie-d-ebola-biomerieux-achemine-des-tests-en-afrique,0,www.leprogres.fr,Isère - Rhône. Épidémie d’Ebola : bioMérieux achemine des tests en Afrique,"L’entreprise lyonnaise bioMérieux participe à la mobilisation sanitaire contre l’épidémie qui sévit actuellement en République démocratique du Congo, en envoyant des tests PCR permettant de dépister 16 agents infectieux dont la souche actuelle Bundibugyo.",https://cdn-s-www.ledauphine.com/images/61C795C6-4441-4165-9F45-FA90D3E7F635/FB1200/photo-1784582317.jpg,2026-07-22T04:05:00Z,http://web.archive.org/web/20260723070638/https://www.leprogres.fr/sante/2026/07/21/epidemie-d-ebola-biomerieux-achemine-des-tests-en-afrique,"Le Dauphiné Libéré, en tant que responsable de traitement, recueille dans ce formulaire des informations qui sont enregistrées dans un fichier informatisé par son Service Relations Clients, la finali… [+854 chars]",,fr,'Rhône'
https://france3-regions.franceinfo.fr/auvergne-rhone-alpes/isere/tour-de-france-2026-horaires-parcours-routes-barrees-tout-savoir-sur-l-etape-du-23-juillet-entre-voiron-et-orcieres-merlette-3379471.html,https://france3-regions.franceinfo.fr/auvergne-rhone-alpes/isere/tour-de-france-2026-horaires-parcours-routes-barrees-tout-savoir-sur-l-etape-du-23-juillet-entre-voiron-et-orcieres-merlette-3379471.html,0,france3-regions.franceinfo.fr,"Tour de France 2026. Horaires, parcours, routes barrées... Tout savoir sur l'étape du 23 juillet entre Voiron et Orcières Merlette","La 18e étape du Tour de France 2026 fait la part belle aux montagnes, ce jeudi 23 juillet. Au programme : 185 km et 3 900 mètres de dénivelé positif entre Voiron (Isère) et la station d'Orcières Merlette (Hautes-Alpes). Voici tout ce qu'il faut savoir si vous…",https://france3-regions.franceinfo.fr/image/xEZ7H9L_KFxB5eDkVWK3uSj9HiU/930x620/regions/2026/07/01/6a453e8328c2c680717588.jpg,2026-07-22T04:05:01Z,,"La 18e étape du Tour de France 2026 fait la part belle aux montagnes, ce jeudi 23 juillet. Au programme : 185 km et 3 900 mètres de dénivelé positif entre Voiron (Isère) et la station d'Orcières Merl… [+2638 chars]",,fr,'Alpes'
https://www.ledauphine.com/sport/2026/07/22/la-fusee-remco-evenepoel-une-recrue-a-chambery-les-infos-de-ce-mercredi-22-juillet,https://www.ledauphine.com/sport/2026/07/22/la-fusee-remco-evenepoel-une-recrue-a-chambery-les-infos-de-ce-mercredi-22-juillet,0,www.ledauphine.com,"L'essentiel du sport dans nos régions. La fusée Remco Evenepoel, une recrue à Chambéry... les infos de ce mercredi 22 juillet",Le Belge Remco Evenepoel a été le plus rapide sur le contre-la-montre entre Evian-les-Bains et Thonon-les-Bains ; le Chambéry Savoie Handball a officialisé l'arrivée d'un joker médical... Voici l'essentiel du sport de ce mercredi 22 juillet dans nos régions.,https://cdn-s-www.ledauphine.com/images/AB56750E-AEE7-415E-8C77-60F4F373B38E/FB1200/photo-1784652615.jpg,2026-07-22T04:30:00Z,http://web.archive.org/web/20260723051412/https://www.ledauphine.com/sport/2026/07/22/la-fusee-remco-evenepoel-une-recrue-a-chambery-les-infos-de-ce-mercredi-22-juillet,"Le Dauphiné Libéré, en tant que responsable de traitement, recueille dans ce formulaire des informations qui sont enregistrées dans un fichier informatisé par son Service Relations Clients, la finali… [+854 chars]",,fr,'Belge'
https://www.ledauphine.com/economie/2026/07/22/annecy-sur-le-podium-des-villes-de-france-ou-les-opportunites-professionnelles-progressent-le-plus,https://www.ledauphine.com/economie/2026/07/22/annecy-sur-le-podium-des-villes-de-france-ou-les-opportunites-professionnelles-progressent-le-plus,0,www.ledauphine.com,Haute-Savoie. Annecy sur le podium des villes de France où les opportunités professionnelles progressent le plus,"LinkedIn dévoile ce 22 juillet son premier classement des villes en croissance. Dans cette liste des communes où “les opportunités professionnelles progressent le plus”, Annecy figure à la deuxième place, derrière Pau (64) mais devant Nice (06) et Marseille (…",https://cdn-s-www.ledauphine.com/images/F0CF8E2C-200A-41A7-8D14-691EC0A01428/FB1200/photo-1784636384.jpg,2026-07-22T04:30:00Z,http://web.archive.org/web/20260723053321/https://www.ledauphine.com/economie/2026/07/22/annecy-sur-le-podium-des-villes-de-france-ou-les-opportunites-professionnelles-progressent-le-plus,"Pour LinkedIn, Annecy est lune des villes de France les plus dynamiques en termes demplois. La Venise des Alpes apparaît en effet en deuxième position du classement des villes en Croissance que dévoi… [+796 chars]",,fr,'Savoie'
https://www.dhnet.be/sports/cyclisme/tour-de-france/2026/07/22/tour-de-france-2026-itineraire-horaires-parcours-adrien-petit-lotto-intermarche-decrypte-la-17e-etape-chambery-voiron-1747-km-IKKZA723FVADLEHLVIR5SPDRME/,https://www.dhnet.be/sports/cyclisme/tour-de-france/2026/07/22/tour-de-france-2026-itineraire-horaires-parcours-adrien-petit-lotto-intermarche-decrypte-la-17e-etape-chambery-voiron-1747-km-IKKZA723FVADLEHLVIR5SPDRME/,0,www.dhnet.be,"Tour de France 2026 : itinéraire, horaires, parcours, Adrien Petit (Lotto Intermarché) décrypte la 17e étape Chambéry-Voiron (174,7 km)","Entre Chambéry et Voiron, les sprinteurs survivants auront peut-être leur dernière vraie fenêtre de tir. Le parcours reste vallonné en début d’étape, mais le final plus roulant devrait remettre les équipes rapides au centre du jeu. ...",https://www.dhnet.be/resizer/v2/ZY2LW2XJSBGRRCBF6HUEKGVDDU.jpg?auth=e68a690942ab092508cf8bd06f6a2b4266a6838abea85226cc43ae640f384413&width=1200&height=630&quality=85&focal=4128%2C2752,2026-07-22T04:38:45Z,http://web.archive.org/web/20260722162312/https://www.dhnet.be/sports/cyclisme/tour-de-france/2026/07/22/tour-de-france-2026-itineraire-horaires-parcours-adrien-petit-lotto-intermarche-decrypte-la-17e-etape-chambery-voiron-1747-km-IKKZA723FVADLEHLVIR5SPDRME/,"Le parcours affiche 2 200 mètres de dénivelé. Les côtes de Bassa, de Rossillon, le col des Prés et la côte de Saint-Jean-d'Arvey se concentrent surtout dans la première partie. Si une échappée solide… [+1821 chars]",,fr,'Chambéry'
https://www.franceinfo.fr/tour-de-france/tour-de-france-2026-une-derniere-occasion-de-briller-pour-les-sprinteurs-la-17e-etape-en-questions_8114942.html,https://www.franceinfo.fr/tour-de-france/tour-de-france-2026-une-derniere-occasion-de-briller-pour-les-sprinteurs-la-17e-etape-en-questions_8114942.html,0,www.franceinfo.fr,Tour de France 2026 : une dernière occasion de briller pour les sprinteurs ? La 17e étape en questions,"Pour cette dernière étape de plat avant l'arrivée sur les Champs-Élysées à Paris, les sprinteurs ont l'occasion de se disputer la victoire à Voiron, même s'il faudra passer un début d'étape complexe, davantage taillée pour les baroudeurs et les puncheurs.",https://www.franceinfo.fr/pictures/lC-siCd-E4XaIS2g3xLET0bMu94/0x414:3508x2387/1500x843/2024/06/24/plaine-66796538d606f718992974.jpg,2026-07-22T04:45:01Z,http://web.archive.org/web/20260722060525/https://www.franceinfo.fr/tour-de-france/tour-de-france-2026-une-derniere-occasion-de-briller-pour-les-sprinteurs-la-17e-etape-en-questions_8114942.html,"Au lendemain de la victoire impressionnante de Remco Evenepoel sur le contre-la-montre, le peloton retrouve les routes de plaines entre Chambéry (Savoie) et Voiron (Isère). Lors de cette 17e étape de… [+1949 chars]",,fr,'Savoie'
https://www.journaldugeek.com/2026/07/22/majorite-numerique-voila-comment-tiktok-et-instagram-vont-verifier-votre-age-et-pourquoi-cest-deja-un-fiasco/,https://www.journaldugeek.com/2026/07/22/majorite-numerique-voila-comment-tiktok-et-instagram-vont-verifier-votre-age-et-pourquoi-cest-deja-un-fiasco/,0,www.journaldugeek.com,Majorité numérique : voilà comment TikTok et Instagram vont vérifier votre âge (et pourquoi c’est déjà un fiasco),"Derrière l'interdiction des réseaux sociaux aux moins de 15 ans en France se cache un chantier technique colossal. Toutes les plateformes vont devoir mettre en place un système de vérification d'âge d'ici janvier 2027, sans savoir si l'outil censé les y aider…",https://www.journaldugeek.com/app/uploads/2026/06/vpn-securite-1600x900.jpg,2026-07-22T06:27:09Z,http://web.archive.org/web/20260722114742/https://www.journaldugeek.com/2026/07/22/majorite-numerique-voila-comment-tiktok-et-instagram-vont-verifier-votre-age-et-pourquoi-cest-deja-un-fiasco/,"Un jeton numérique, généré par un tiers de confiance, sans transmission de données personnelles aux plateformes concernées. Sur le papier, la solution retenue par le gouvernement pour vérifier l’âge … [+4141 chars]",,fr,'France'
https://www.lejournaldesentreprises.com/breve/reconversion-professionnelle-en-auvergne-rhone-alpes-72-des-reconvertis-ont-cree-leur-entreprise-2146985,https://www.lejournaldesentreprises.com/breve/reconversion-professionnelle-en-auvergne-rhone-alpes-72-des-reconvertis-ont-cree-leur-entreprise-2146985,0,www.lejournaldesentreprises.com,"Reconversion professionnelle : En Auvergne-Rhône-Alpes, 72 % des reconvertis ont créé leur entreprise","Organisme référent et financeur de la reconversion professionnelle des salariés, Transitions Pro Auvergne Rhône-Alpes a analysé les données de plus de 40 000 dossiers de candidats à la reconversion professionnelle entre 2020 et 2025.",,2026-07-22T07:30:00Z,,"Organisme référent et financeur de la reconversion professionnelle des salariés, Transitions Pro Auvergne Rhône-Alpes a analysé les données de plus de 40 000 dossiers de candidats à la reconversion p… [+427 chars]",,fr,'Auvergne'
https://www.presse-citron.net/dites-adieu-web-tel-connaissez-google-ai-overviews-arrivent-france-3-choses-savoir/,https://www.presse-citron.net/dites-adieu-web-tel-connaissez-google-ai-overviews-arrivent-france-3-choses-savoir/,0,www.presse-citron.net,"Dites adieu au Web tel que vous le connaissez, les Google AI Overviews arrivent en France : les 3 choses à savoir",Votre façon de chercher sur Google s’apprête à changer : l’IA débarque en France pour répondre à vos questions à la place des sites Web. Découvrez pourquoi cette fonctionnalité risque de bouleverser tout Internet.,https://www.presse-citron.net/app/uploads/2026/07/ai-overviews-france-1600x900.jpg,2026-07-22T07:40:29Z,http://web.archive.org/web/20260722120904/https://www.presse-citron.net/dites-adieu-web-tel-connaissez-google-ai-overviews-arrivent-france-3-choses-savoir/,"Si vous utilisez Google tous les jours, préparez-vous à un choc visuel dans les prochains jours. Après des mois dattente, Google déploie en France lune des plus grandes révolutions de son moteur de r… [+3102 chars]",,fr,'France'
https://www.tomsguide.fr/la-recherche-google-telle-que-vous-la-connaissez-disparait-en-france-dici-septembre/,https://www.tomsguide.fr/la-recherche-google-telle-que-vous-la-connaissez-disparait-en-france-dici-septembre/,0,www.tomsguide.fr,La recherche Google telle que vous la connaissez disparaît en France d’ici septembre,"Après deux ans de blocage réglementaire, Google a confirmé l'arrivée de ses résumés générés par IA dans les résultats de recherche français d'ici le 23 septembre 2026. Le moteur de recherche le plus utilisé au monde s'apprête à changer de visage dans l'Hexago…",https://www.tomsguide.fr/content/uploads/sites/2/2026/07/shutterstock_2468813507-scaled.jpg,2026-07-22T07:45:14Z,http://web.archive.org/web/20260722095702/https://www.tomsguide.fr/la-recherche-google-telle-que-vous-la-connaissez-disparait-en-france-dici-septembre/,"Après deux ans de blocage réglementaire, Google a confirmé l’arrivée de ses résumés générés par IA dans les résultats de recherche français d’ici le 23 septembre 2026. Le moteur de recherche le plus … [+2844 chars]",,fr,'France'
https://www.ledauphine.com/economie/2026/07/22/arcelormittal-vise-par-plusieurs-redressements-fiscaux-pour-des-commissions-payees-au-luxembourg,https://www.ledauphine.com/economie/2026/07/22/arcelormittal-vise-par-plusieurs-redressements-fiscaux-pour-des-commissions-payees-au-luxembourg,0,www.ledauphine.com,Économie. ArcelorMittal visé par plusieurs redressements fiscaux pour des commissions payées au Luxembourg,"Le géant de l'acier a confirmé qu'« ArcelorMittal France, ainsi que ses principales filiales, a effectivement fait l'objet de contrôles fiscaux et de propositions de rectifications », dont le montant n'est pas précisé.",https://cdn-s-www.ledauphine.com/images/4E64011B-340D-4996-9FBB-A625E035CCF4/FB1200/photo-1784706353.jpg,2026-07-22T07:47:00Z,http://web.archive.org/web/20260722134405/https://www.ledauphine.com/economie/2026/07/22/arcelormittal-vise-par-plusieurs-redressements-fiscaux-pour-des-commissions-payees-au-luxembourg,"ArcelorMittal et plusieurs de ses filiales ont fait l'objet de redressements fiscaux, qu'elles contestent et d'un montant non précisé, portant notamment sur l'utilisation de la marque et des commissi… [+1946 chars]",,fr,'France'
https://www.leblogauto.com/actualites/actualite/un-grand-groupe-automobile-annule-sa-participation-au-mondial-auto-paris-2026/,https://www.leblogauto.com/actualites/actualite/un-grand-groupe-automobile-annule-sa-participation-au-mondial-auto-paris-2026/,0,www.leblogauto.com,Un grand groupe automobile annule sa participation au Mondial de l’auto de Paris,"La vie des salons automobiles n’est pas un long fleuve tranquille. Le Salon de Genève peut en témoigner. Le Mondial de l’Automobile de Paris se tiendra du 12 au 18 octobre 2026, Porte de Versailles à Paris, mais un constructeur qui avait annoncé sa venue vien…",https://www.leblogauto.com/wp-content/uploads/2026/07/mondial_auto_paris_2026_BMW_absent.jpg,2026-07-22T07:53:23Z,http://web.archive.org/web/20260722133912/https://www.leblogauto.com/actualites/actualite/un-grand-groupe-automobile-annule-sa-participation-au-mondial-auto-paris-2026/,"La vie des salons automobiles n’est pas un long fleuve tranquille. Le Salon de Genève peut en témoigner. Le Mondial de l’Automobile de Paris se tiendra du 12 au 18 octobre 2026, Porte de Versailles à… [+2556 chars]",,fr,'Paris'
https://france3-regions.franceinfo.fr/auvergne-rhone-alpes/savoie/chambery/un-homme-retrouve-mort-a-aime-la-plagne-son-ami-reconnait-l-avoir-etrangle-lors-d-une-altercation-sur-fond-de-cocaine-3390163.html,https://france3-regions.franceinfo.fr/auvergne-rhone-alpes/savoie/chambery/un-homme-retrouve-mort-a-aime-la-plagne-son-ami-reconnait-l-avoir-etrangle-lors-d-une-altercation-sur-fond-de-cocaine-3390163.html,0,france3-regions.franceinfo.fr,"Un homme retrouvé mort à Aime-la-Plagne : son ""ami"" reconnaît l’avoir étranglé lors d’une altercation sur fond de cocaïne","En Savoie, un homme de 43 ans a avoué avoir étranglé à mort ""son ami"" à l’issue d’une altercation sur fond de consommation de cocaïne. Les faits ont eu lieu dimanche 19 juillet au domicile de la victime, à Aime-la-Plagne. Le parquet de Chambéry se saisit de l…",https://france3-regions.franceinfo.fr/image/VtpcXq_n9b7o5nPip3FZCFKql1E/930x620/regions/2026/07/22/6a607490da4e8909170465.jpg,2026-07-22T07:57:21Z,,"En Savoie, un homme de 43 ans a avoué avoir étranglé à mort ""son ami"" à lissue dune altercation sur fond de consommation de cocaïne. Les faits ont eu lieu dimanche 19 juillet au domicile de la victim… [+1662 chars]",,fr,'Chambéry'
https://www.huffingtonpost.fr/culture/article/barbara-butch-raconte-sa-soiree-d-une-violence-inouie-a-grenoble-dans-liberation_292580.html,https://www.huffingtonpost.fr/culture/article/barbara-butch-raconte-sa-soiree-d-une-violence-inouie-a-grenoble-dans-liberation_292580.html,0,www.huffingtonpost.fr,Barbara Butch raconte sa soirée d’une « violence inouïe » à Grenoble dans « Libération »,"Après son concert interrompu à Grenoble, la DJ livre son récit d’une soirée marquée, selon elle, par des insultes, des jets de projectiles et une forte tension.",https://focus.huffingtonpost.fr/2026/07/21/38/0/1200/675/1820/1023/75/0/6e2c00d_upload-1-2wvaeqvjaj3r-afp-20260306-a29d9my-v1-midres-francemusicportrait.jpg,2026-07-22T07:57:41Z,,"« Ce qui sest passé ce soir-là, cétait ignoble. » Trois jours après avoir dû interrompre son concert lors dun festival à Grenoble en raison dune manifestation de militants pro-Palestiniens et de La F… [+4846 chars]",,fr,'Grenoble'
https://rmcsport.bfmtv.com/football/coupe-du-monde/retraite-surprise-d-anthony-taylor-l-un-des-meilleurs-arbitres-anglais-quelques-jours-apres-la-coupe-du-monde_AV-202607220265.html,https://rmcsport.bfmtv.com/football/coupe-du-monde/retraite-surprise-d-anthony-taylor-l-un-des-meilleurs-arbitres-anglais-quelques-jours-apres-la-coupe-du-monde_AV-202607220265.html,0,rmcsport.bfmtv.com,"Retraite ""surprise"" d'Anthony Taylor, l'un des meilleurs arbitres anglais, quelques jours après la Coupe du monde","L'arbitre anglais Anthony Taylor (47 ans) a décidé de mettre un terme à sa carrière, mardi, quelques jours après avoir dirigé son dernier match lors du 8e de finale de la Coupe du monde entre le Portugal et l'Espagne (0-1).",https://images.bfmtv.com/vVYYVY13g-w1BXv7_qn2ETNYmlQ=/14x36:2046x1179/images/Anthony-Taylor-lors-du-match-Portugal-Espagne-0-1-Coupe-du-monde-le-6-juillet-2026-2323618.jpg,2026-07-22T07:58:45Z,,"L'arbitre anglais Anthony Taylor (47 ans) a décidé de mettre un terme à sa carrière, mardi, quelques jours après avoir dirigé son dernier match lors du 8e de finale de la Coupe du monde entre le Port… [+3547 chars]",,fr,'Espagne'
https://www.ledauphine.com/tour-de-france/2026/07/22/cite-des-ducs-bauges-et-chartreuse-vivez-l-ambiance-de-la-17e-etape-entre-chambery-et-voiron,https://www.ledauphine.com/tour-de-france/2026/07/22/cite-des-ducs-bauges-et-chartreuse-vivez-l-ambiance-de-la-17e-etape-entre-chambery-et-voiron,0,www.ledauphine.com,"Tour de France 2026. Cité des ducs, Bauges et Chartreuse : vivez l'ambiance de la 17e étape entre Chambéry et Voiron","Après les deux succès de Remco Evenepoel en Haute-Savoie, le Tour de France met le cap sur la Savoie et l'Isère, avec une 17e étape tracée entre Chambéry et Voiron. Vivez en direct l'ambiance au bord des routes.",https://cdn-s-www.ledauphine.com/images/B70E0633-F795-4B04-A0E3-583DDBB6DA74/FB1200/photo-1784707806.jpg,2026-07-22T08:00:00Z,http://web.archive.org/web/20260722111157/https://www.ledauphine.com/tour-de-france/2026/07/22/cite-des-ducs-bauges-et-chartreuse-vivez-l-ambiance-de-la-17e-etape-entre-chambery-et-voiron,"Le Dauphiné Libéré, en tant que responsable de traitement, recueille dans ce formulaire des informations qui sont enregistrées dans un fichier informatisé par son Service Relations Clients, la finali… [+854 chars]",,fr,'France'
https://www.dhnet.be/sports/football/diablesrouges/2026/07/22/cest-le-plus-grand-manege-de-lhistoire-du-football-17-selectionneurs-ont-deja-quitte-leur-poste-apres-la-coupe-du-monde-et-ce-nest-pas-fini-QYMDFKHPEJEWXIPQ3XY2EVBZKA/,https://www.dhnet.be/sports/football/diablesrouges/2026/07/22/cest-le-plus-grand-manege-de-lhistoire-du-football-17-selectionneurs-ont-deja-quitte-leur-poste-apres-la-coupe-du-monde-et-ce-nest-pas-fini-QYMDFKHPEJEWXIPQ3XY2EVBZKA/,0,www.dhnet.be,C’est le plus grand manège de l’histoire du football : 17 sélectionneurs ont déjà quitté leur poste après la Coupe du monde et ce n’est pas fini !,"Rudi Garcia n’est pas seul. La Belgique est l’une des 17 nations présentes à la Coupe du monde qui se cherchent un nouveau coach. Et quatre sélectionneurs hésitent encore à changer de job. Chez les coachs libres, ça s’agite. ...",https://www.dhnet.be/resizer/v2/X6IN4TWGT5DDNBYUSLXZA72MF4.jpg?auth=d91be56d9707f44c4c94f09fb2a039949805e7a32e3b08c1d6409270cbfe4f99&width=1200&height=630&quality=85&focal=1917%2C1278,2026-07-22T08:04:32Z,http://web.archive.org/web/20260722162302/https://www.dhnet.be/sports/football/diablesrouges/2026/07/22/cest-le-plus-grand-manege-de-lhistoire-du-football-17-selectionneurs-ont-deja-quitte-leur-poste-apres-la-coupe-du-monde-et-ce-nest-pas-fini-QYMDFKHPEJEWXIPQ3XY2EVBZKA/,"Outre Scaloni, trois autres entraîneurs présents au Mondial s'interrogent sur la suite de leur aventure. Hugo Broos hésite à poursuivre l'aventure sud-africaine, Dick Advocaat n'exclut pas un séjour … [+2156 chars]",,fr,'Belgique'
https://www.sofoot.com/breves/coupe-du-monde-2038-et-si-la-france-etait-candidate,https://www.sofoot.com/breves/coupe-du-monde-2038-et-si-la-france-etait-candidate,0,www.sofoot.com,Coupe du monde 2038 : Et si la France était candidate ?,"Et pourquoi pas. Alors que la Coupe du monde 2026, organisée aux États-Unis, au Canada et au Mexique, vient tout…",https://sofoot.s3.eu-central-1.amazonaws.com/wp-content/uploads/2026/05/13181804/12052730-1400x933.jpg,2026-07-22T08:04:41Z,http://web.archive.org/web/20260722122752/https://www.sofoot.com/breves/coupe-du-monde-2038-et-si-la-france-etait-candidate,"Et pourquoi pas. Alors que la Coupe du monde 2026, organisée aux États-Unis, au Canada et au Mexique, vient tout juste de s’achever, les premières pistes pour les futures éditions émergent déjà. Parm… [+968 chars]",,fr,'France'
https://www.bfmtv.com/culture/je-me-suis-sentie-en-danger-barbara-butch-evoque-son-concert-interrompu-a-grenoble_AV-202607220275.html,https://www.bfmtv.com/culture/je-me-suis-sentie-en-danger-barbara-butch-evoque-son-concert-interrompu-a-grenoble_AV-202607220275.html,0,www.bfmtv.com,"""Je me suis sentie en danger"": Barbara Butch évoque son concert interrompu à Grenoble","Quatre jours après avoir quitté la scène du Cabaret frappé, en raison d'une manifestation de militants propalestiniens et insoumis, la DJ revient dans Libération sur cette soirée, sur la tribune controversée qu'elle avait signée, et sur son voyage en Israël.",https://images.bfmtv.com/SrXThygGbPSmnocjaEVdp15iIDA=/0x106:2048x1258/2048x0/images/Barbara-Butch-2323207.jpg,2026-07-22T08:10:11Z,http://web.archive.org/web/20260722122820/https://www.bfmtv.com/culture/je-me-suis-sentie-en-danger-barbara-butch-evoque-son-concert-interrompu-a-grenoble_AV-202607220275.html,"Quatre jours après avoir quitté la scène du Cabaret frappé, en raison d'une manifestation de militants propalestiniens et insoumis, la DJ revient dans Libération sur cette soirée, sur la tribune cont… [+6366 chars]",,fr,'France'
https://www.ledauphine.com/faits-divers-justice/2026/07/22/un-appel-a-temoins-apres-la-disparition-inquietante-d-une-octogenaire-a-bonneville,https://www.ledauphine.com/faits-divers-justice/2026/07/22/un-appel-a-temoins-apres-la-disparition-inquietante-d-une-octogenaire-a-bonneville,0,www.ledauphine.com,Haute-Savoie. Un appel à témoins après la disparition inquiétante d’une octogénaire à Bonneville,"La gendarmerie de Bonneville lance un appel à témoins après la disparition inquiétante de Marie-Claude Dompnier, 83 ans. La Bonnevilloise a quitté ...",https://cdn-s-www.ledauphine.com/images/14A04C8B-7D1D-48F3-A623-AAA7E47D5146/FB1200/photo-1784707950.jpg,2026-07-22T08:12:00Z,http://web.archive.org/web/20260723060602/https://www.ledauphine.com/faits-divers-justice/2026/07/22/un-appel-a-temoins-apres-la-disparition-inquietante-d-une-octogenaire-a-bonneville,"La gendarmerie de Bonneville lance un appel à témoins après la disparition inquiétante de Marie-Claude Dompnier, 83 ans. La Bonnevilloise a quitté son domicile, situé 16 rue Porte du Château, dimanch… [+1234 chars]",,fr,'Savoie'
https://www.iphon.fr/post/ados-vont-etre-exclus-reseaux-sociaux-france,https://www.iphon.fr/post/ados-vont-etre-exclus-reseaux-sociaux-france,0,www.iphon.fr,"C’est fait, les ados vont être exclus des réseaux sociaux en France",Le Parlement vient d'adopter la loi définitivement.,https://www.iphon.fr/app/uploads/2026/07/iPhone-TikTok-2-1600x900.jpg,2026-07-22T08:12:11Z,,Le gouvernement martèle depuis de longs mois sa volonté d’interdire les réseaux sociaux aux moins de 15 ans en France. Il ne manquait plus que l’adoption définitive de la loi pour son entrée en vigue… [+1902 chars],,fr,'France'
https://www.lalibre.be/economie/conjoncture/2026/07/22/donald-trump-devrait-annoncer-un-accord-sur-le-nucleaire-avec-larabie-saoudite-VVCZWBDVINFETAUFZYUSSSZQ4I/,https://www.lalibre.be/economie/conjoncture/2026/07/22/donald-trump-devrait-annoncer-un-accord-sur-le-nucleaire-avec-larabie-saoudite-VVCZWBDVINFETAUFZYUSSSZQ4I/,0,www.lalibre.be,Donald Trump devrait annoncer un accord sur le nucléaire avec l'Arabie saoudite ce mercredi,Plusieurs médias américains affirment que l'accord devrait être annoncé ce mercredi. ...,https://www.lalibre.be/resizer/v2/NKKP3HVSMJFFFLII4MHA5CDRFQ.jpg?auth=cccd4d43a253cf89d7339e348dc4ecf87cd039fe9f730b367c4fc0ea8f8db8fd&width=1200&height=630&quality=85&focal=1500%2C1000,2026-07-22T08:26:32Z,http://web.archive.org/web/20260722100615/https://www.lalibre.be/economie/conjoncture/2026/07/22/donald-trump-devrait-annoncer-un-accord-sur-le-nucleaire-avec-larabie-saoudite-VVCZWBDVINFETAUFZYUSSSZQ4I/,Mission économique belge avec la reine Mathilde en Arabie saoudite : la décision sur le maintien est tombéeL'administration du président Donald Trump a affirmé que cet arrangement permettrait au sect… [+1196 chars],,fr,'Arabie Saoudite'
https://www.franceinfo.fr/tour-de-france/il-represente-l-espoir-des-jeunes-paul-seixas-le-nouveau-chouchou-du-tour-de-france_8117543.html,https://www.franceinfo.fr/tour-de-france/il-represente-l-espoir-des-jeunes-paul-seixas-le-nouveau-chouchou-du-tour-de-france_8117543.html,0,www.franceinfo.fr,"""Il représente l'espoir des jeunes"" : Paul Seixas, le nouveau chouchou du Tour de France","Le jeune Paul Seixas, 19 ans, a été accueilli en héros, mardi 21 juillet, à l’issue d’une étape en terrain connu, dans les Alpes. Ce mercredi, la 17eme étape du Tour se déroulera entre Chambéry et Voiron.",https://www.franceinfo.fr/pictures/1KW5GlmaTaREzL8H9IUrYnuM-aY/0x78:1662x1013/1500x843/2026/07/22/6a60712e8fc90466218528.png,2026-07-22T08:28:48Z,,"Le jeune Paul Seixas, 19 ans, a été accueilli en héros, mardi 21 juillet, à lissue dune étape en terrain connu, dans les Alpes. Ce mercredi, la 17eme étape du Tour se déroulera entre Chambéry et Voir… [+1506 chars]",,fr,'Alpes'
https://www.journaldunet.com/business/1552951-google-lance-ai-overviews-en-france/,https://www.journaldunet.com/business/1552951-google-lance-ai-overviews-en-france/,0,www.journaldunet.com,Google lance AI Overviews en France sans concertation avec les éditeurs de presse,"Le nouvel outil d'intelligence artificielle de Google bouleverse le modèle économique des éditeurs de presse, qui redoutent une chute du trafic et une remise en cause de leur rémunération.",https://img-0.journaldunet.com/6iBVETrYn30jMZTeymMB8NeKqh8=/1500x/smart/523e11f6af0645e3af8ac0a6fd423707/ccmcms-jdn/39542077.jpg,2026-07-22T08:32:04Z,http://web.archive.org/web/20260722114850/https://www.journaldunet.com/business/1552951-google-lance-ai-overviews-en-france/,"Le nouvel outil d'intelligence artificielle de Google bouleverse le modèle économique des éditeurs de presse, qui redoutent une chute du trafic et une remise en cause de leur rémunération.
Je m'abon… [+4840 chars]",,fr,'France'
https://www.lavenir.net/actu/monde/2026/07/22/plus-de-2500-hectares-sont-partis-en-fumee-dans-le-var-mais-le-feu-est-contenu-nous-avons-encore-de-nombreux-points-chauds-IRLH73R6DFHJXNI2JETO7WLUW4/,https://www.lavenir.net/actu/monde/2026/07/22/plus-de-2500-hectares-sont-partis-en-fumee-dans-le-var-mais-le-feu-est-contenu-nous-avons-encore-de-nombreux-points-chauds-IRLH73R6DFHJXNI2JETO7WLUW4/,0,www.lavenir.net,"Plus de 2500 hectares sont partis en fumée dans le Var mais le feu est ""contenu"": ""Nous avons encore de nombreux points chauds""","En France, les pompiers sont parvenus à contenir l'incendie virulent qui a parcouru dans le Var (région Provence-Alpes-Côte d'Azur) 2.550 hectares en moins d'une journée, entraînant l'évacuation d'environ 400 personnes, et qui continue de consumer mercredi un…",https://www.lavenir.net/resizer/v2/O3GVPNNIQ5GPBOPMO7LJ2BDRHQ.jpg?auth=d3ef700e2512e6586a80d8d4729eee5c902a813eb2982dcb4b3636171b14b98f&width=1200&height=630&quality=85&focal=3763%2C2508,2026-07-22T08:32:34Z,http://web.archive.org/web/20260722122146/https://www.lavenir.net/actu/monde/2026/07/22/plus-de-2500-hectares-sont-partis-en-fumee-dans-le-var-mais-le-feu-est-contenu-nous-avons-encore-de-nombreux-points-chauds-IRLH73R6DFHJXNI2JETO7WLUW4/,"Mercredi matin, un épais nuage de fumée rougeoyante était encore visible couvrant le versant enflammé du Gros Bessillon, une moyenne montagne boisée du centre du Var, entre Toulon et la parc naturel … [+753 chars]",,fr,'France'
https://www.lesnumeriques.com/societe-numerique/la-france-impose-la-verification-d-age-pour-tous-en-bannissant-les-reseaux-sociaux-pour-les-moins-de-15-ans-n259571.html,https://www.lesnumeriques.com/societe-numerique/la-france-impose-la-verification-d-age-pour-tous-en-bannissant-les-reseaux-sociaux-pour-les-moins-de-15-ans-n259571.html,0,www.lesnumeriques.com,Actualité : La France impose la vérification d’âge pour tous en bannissant les réseaux sociaux pour les moins de 15 ans,"C’est acté : les moins de 15 ans ne pourront plus accéder aux réseaux sociaux en France. Une loi votée hier (22 juillet 2026), qui touche aussi directement tous les adultes, puisqu’ils seront forcés de prouver leur identité sur ces plateformes.",https://cdn.lesnumeriques.com/optim/news/25/259571/8685f3b4-la-france-impose-la-verification-d-age-pour-tous-en-bannissant-les-reseaux-sociaux-pour-les-moins-de-15-ans__1200_678__0-328-6000-3478.jpg,2026-07-22T08:37:00Z,http://web.archive.org/web/20260722110647/https://www.lesnumeriques.com/societe-numerique/la-france-impose-la-verification-d-age-pour-tous-en-bannissant-les-reseaux-sociaux-pour-les-moins-de-15-ans-n259571.html,En bref<ul><li>La loi interdisant les réseaux sociaux aux moins de 15 ans vient dêtre votée à une large majorité au Parlement.</li><li>Cette mesure historique entrera en vigueur dès la rentrée de sep… [+3616 chars],,fr,'France'
https://www.lejournaldesentreprises.com/breve/alliade-habitat-inaugure-sa-premiere-residence-pour-jeunes-en-savoie-2146993,https://www.lejournaldesentreprises.com/breve/alliade-habitat-inaugure-sa-premiere-residence-pour-jeunes-en-savoie-2146993,0,www.lejournaldesentreprises.com,Alliade Habitat inaugure sa première résidence pour jeunes en Savoie,"Aux portes de Chambéry, à Cognin (73), le bailleur régional Alliade Habitat (374,60 M€ de CA en 2024 ; 1 000 collaborateurs) vient de livrer la résidence Mont Charvet, première implantation en Savoie de sa marque Initiall dédiée aux étudiants, alternants et j…",,2026-07-22T09:00:00Z,,"Aux portes de Chambéry, à Cognin (73), le bailleur régional Alliade Habitat (374,60 M de CA en 2024 ; 1 000 collaborateurs) vient de livrer la résidence Mont Charvet, première implantation en Savoie … [+932 chars]",,fr,'Savoie'
https://www.dhnet.be/sports/cyclisme/tour-de-france/2026/07/22/tour-de-france-entre-chambery-et-voiron-une-derniere-chance-de-briller-pour-de-nombreux-coureurs-direct-a-14h30-SZWLXZY6NFFXTG4SNC5WEY3GRA/,https://www.dhnet.be/sports/cyclisme/tour-de-france/2026/07/22/tour-de-france-entre-chambery-et-voiron-une-derniere-chance-de-briller-pour-de-nombreux-coureurs-direct-a-14h30-SZWLXZY6NFFXTG4SNC5WEY3GRA/,0,www.dhnet.be,"Tour de France : entre Chambéry et Voiron, une dernière chance de briller pour de nombreux coureurs (DIRECT à 14h30)","La 17e étape propose un parcours vallonné qui devrait sourire aux baroudeurs. Avec en toile de fond, la lutte pour le maillot vert. ...",https://www.dhnet.be/resizer/v2/J425AIFKONFYNBKYGPH7DUCF2M.jpg?auth=c4f7b4642c54d9859cc9711ee1c32f3aa35f7de0cffa749d9c536dbdf079aa70&width=1200&height=630&quality=85&focal=3096%2C2064,2026-07-22T09:07:40Z,http://web.archive.org/web/20260723043624/https://www.dhnet.be/sports/cyclisme/tour-de-france/2026/07/22/tour-de-france-entre-chambery-et-voiron-une-derniere-chance-de-briller-pour-de-nombreux-coureurs-direct-a-14h30-SZWLXZY6NFFXTG4SNC5WEY3GRA/,"La dix-septième étape du Tour de France, mercredi entre Chambéry et Voiron, offre au peloton une dernière journée de transition, propice aux baroudeurs-sprinteurs, avant trois journées en montagne qu… [+313 chars]",,fr,'Chambéry'
https://www.franceinfo.fr/replay-radio/les-informes-du-tour/les-informes-du-tour-du-mercredi-22-juillet-2026_8064548.html,https://www.franceinfo.fr/replay-radio/les-informes-du-tour/les-informes-du-tour-du-mercredi-22-juillet-2026_8064548.html,0,www.franceinfo.fr,Les informés du Tour du mercredi 22 juillet 2026,Une transition alpine entre Chambéry et Voiron.,https://www.franceinfo.fr/pictures/3MC4TlFj-siX9AfHdchtu-Y8wkA/0x53:1024x629/1500x843/2026/07/22/6a60813087843983062770.jpg,2026-07-22T09:20:02Z,,"Une transition alpine entre Chambéry et Voiron.
La 17e étape du Tour de France 2026, mercredi 22 juillet, relie Chambéry (Savoie) à Voiron (Isère) sur 174,7 km, avec des montées concentrées dans les… [+648 chars]",,fr,'Chambéry'
https://www.ledauphine.com/economie/2026/07/22/communication-digitale-altimax-rejoint-le-groupe-datasolution,https://www.ledauphine.com/economie/2026/07/22/communication-digitale-altimax-rejoint-le-groupe-datasolution,0,www.ledauphine.com,Haute-Savoie. Communication digitale : Altimax rejoint le groupe Datasolution,"L’agence haut-savoyarde Altimax, spécialiste de la communication et de la stratégie digitale, passe dans le giron du groupe parisien Datasolution. Ce dernier, avec cette acquisition, affiche ses ambitions : consolider son ancrage régional, renforcer ses compé…",https://cdn-s-www.ledauphine.com/images/90F0C9D9-267B-4596-A03D-4CB3BC6DB862/FB1200/photo-1784712308.jpg,2026-07-22T09:26:00Z,http://web.archive.org/web/20260722123714/https://www.ledauphine.com/economie/2026/07/22/communication-digitale-altimax-rejoint-le-groupe-datasolution,"Porsche, MG Motor, le Groupe Fournier (Mobalpa), le Crédit Agricole des Savoie, Valrhona, Ubisoft Annecy, Aix-les-Bains Riviera des Alpes, Lac Annecy Tourisme… Créée en 1998 par Philippe Brunet, et é… [+213 chars]",,fr,'Savoie'
https://www.ledauphine.com/faits-divers-justice/2026/07/22/si-tu-t-approches-je-te-tue-un-agent-de-securite-du-tribunal-menace-de-mort,https://www.ledauphine.com/faits-divers-justice/2026/07/22/si-tu-t-approches-je-te-tue-un-agent-de-securite-du-tribunal-menace-de-mort,0,www.ledauphine.com,"Haute-Savoie. « Si tu t’approches, je te tue » : un agent de sécurité du tribunal menacé de mort","Mardi 21 juillet à la mi-journée, peu après midi, les policiers nationaux ont été requis au palais de justice d’Annecy pour interpeller un homme qui venait de menacer de mort l’agent de sécurité du tribunal en ces termes : « Si tu t’approches, je te tue », « …",https://cdn-s-www.ledauphine.com/images/0C451C90-BAFA-488F-BCD3-1A2000F33E76/FB1200/photo-1784712721.jpg,2026-07-22T09:32:00Z,,"Le Dauphiné Libéré, en tant que responsable de traitement, recueille dans ce formulaire des informations qui sont enregistrées dans un fichier informatisé par son Service Relations Clients, la finali… [+854 chars]",,fr,'Annecy'
https://www.dhnet.be/sports/cyclisme/tour-de-france/2026/07/22/tour-de-france-fin-de-saison-compromise-pour-florian-lipowitz-apres-sa-facture-de-la-clavicule-clone-RZYVVT36FVCUNOGAAPRUNFBOLA/,https://www.dhnet.be/sports/cyclisme/tour-de-france/2026/07/22/tour-de-france-fin-de-saison-compromise-pour-florian-lipowitz-apres-sa-facture-de-la-clavicule-clone-RZYVVT36FVCUNOGAAPRUNFBOLA/,0,www.dhnet.be,Tour de France : fin de saison compromise pour Florian Lipowitz après sa facture de la clavicule - Clone,"Florian Lipowitz s'est fracturé la clavicule droite lors d'une chute survenue à 6,4 kilomètres de l'arrivée de la 16e étape du Tour de France, disputée contre-la-montre entre Évian-les-Bains et Thonon-les-Bains. Sa fin de saison pourrait désormais être compro…",https://www.dhnet.be/resizer/v2/YSMWOQCXZNFU3IQTZ4IJODD53I.jpg?auth=121bdf034a717baa42cc5ef8883b9f27517880a3877cc8379af1b2c20f4055ec&width=1200&height=630&quality=85&focal=2963%2C1975,2026-07-22T09:54:52Z,,"Troisième de l'épreuve l'an dernier, le coureur allemand de 25 ans occupait la cinquième place du classement général avant le contre-la-montre de mardi, et avait réalisé le 4e temps après le 3e et de… [+314 chars]",,fr,'Thonon-les-Bains'
https://www.lavenir.net/sports/cyclisme/2026/07/22/tour-de-france-fin-de-saison-compromise-pour-florian-lipowitz-apres-sa-facture-de-la-clavicule-VTCX3RGU65DKPO4E7DKJHNIMMU/,https://www.lavenir.net/sports/cyclisme/2026/07/22/tour-de-france-fin-de-saison-compromise-pour-florian-lipowitz-apres-sa-facture-de-la-clavicule-VTCX3RGU65DKPO4E7DKJHNIMMU/,0,www.lavenir.net,Tour de France: fin de saison compromise pour Florian Lipowitz après sa facture de la clavicule,"Florian Lipowitz s'est fracturé la clavicule droite lors d'une chute survenue à 6,4 kilomètres de l'arrivée de la 16e étape du Tour de France, disputée contre-la-montre entre Évian-les-Bains et Thonon-les-Bains. Sa fin de saison pourrait désormais être compro…",https://www.lavenir.net/resizer/v2/PWTF7BEOBZDELG54WNTJ2SEYBU.jpg?auth=20d0d52eef7def583ba9306b8c4f04038ef2ead7c1d29ebee2a272f823bf5c78&width=1200&height=630&quality=85&focal=2154%2C1436,2026-07-22T10:08:59Z,http://web.archive.org/web/20260723061243/https://www.lavenir.net/sports/cyclisme/2026/07/22/tour-de-france-fin-de-saison-compromise-pour-florian-lipowitz-apres-sa-facture-de-la-clavicule-VTCX3RGU65DKPO4E7DKJHNIMMU/,"Troisième de l'épreuve l'an dernier, le coureur allemand de 25 ans occupait la cinquième place du classement général avant le contre-la-montre de mardi, et avait réalisé le 4e temps après le 3e et de… [+438 chars]",,fr,'Évian-les-Bains'
https://www.20minutes.fr/sport/cyclisme/tour-de-france/4235715-20260722-direct-tour-france-derniere-chance-sprinteurs-faudra-cravacher-suivez-17e-etape,https://www.20minutes.fr/sport/cyclisme/tour-de-france/4235715-20260722-direct-tour-france-derniere-chance-sprinteurs-faudra-cravacher-suivez-17e-etape,0,www.20minutes.fr,"EN DIRECT Tour de France : Les baroudeurs à l'attaque, les sprinteurs serrent les dents... Suivez la 17e étape avec nous","Suivez en direct la 17e étape du Tour de France, longue de 174,7 km entre Chambéry et Voiron",https://img.20mn.fr/p6Dhl4iZSnGBYix3QaPqDCk/1444x920_le-maillot-vert-mads-pedersen-lors-de-la-13-etape-du-tour-de-france-entre-dole-et-belfort-le-17-juillet-2026,2026-07-22T10:32:36Z,http://web.archive.org/web/20260723055558/https://www.20minutes.fr/sport/cyclisme/tour-de-france/4235715-20260722-direct-tour-france-derniere-chance-sprinteurs-faudra-cravacher-suivez-17e-etape,"Salut tout le monde ! Troisième et dernière semaine de ce Tour 2026, lancée hier avec un chrono remporté de main de maître par Remco Evenepoel. Paul Seixas s'est un peu rapproché du podium, sa lutte … [+648 chars]",,fr,'Voiron'
https://www.ledauphine.com/faits-divers-justice/2026/07/22/un-vol-spectaculaire-de-15-tonnes-de-cuivre-dans-une-entreprise,https://www.ledauphine.com/faits-divers-justice/2026/07/22/un-vol-spectaculaire-de-15-tonnes-de-cuivre-dans-une-entreprise,0,www.ledauphine.com,Haute-Savoie. Un vol spectaculaire de 15 tonnes de cuivre dans une entreprise,"Dans la nuit du 4 au 5 juillet, une entreprise de mécanique industrielle basée dans le bassin clusien été la cible d’un important vol de cuivre. Environ 15 tonnes de métal, stockées sous forme de barres en caisses, ont été dérobées au terme d’une opération qu…",https://cdn-s-www.ledauphine.com/images/AD30C737-299A-474B-9F7B-3A2ADA9C150E/FB1200/photo-1784721013.jpg,2026-07-22T11:53:00Z,http://web.archive.org/web/20260723093552/https://www.ledauphine.com/faits-divers-justice/2026/07/22/un-vol-spectaculaire-de-15-tonnes-de-cuivre-dans-une-entreprise,"Cest un vol dune ampleur peu commune qui sest produit dans la nuit du samedi 4 au dimanche 5 juillet dans la vallée de lArve. Une entreprise spécialisée dans la mécanique industrielle, qui souhaite c… [+1725 chars]",,fr,'Savoie'
https://www.huffingtonpost.fr/politique/article/lfi-n-arrive-pas-a-se-depetrer-des-accusations-apres-le-concert-interrompu-de-barbara-butch_292651.html,https://www.huffingtonpost.fr/politique/article/lfi-n-arrive-pas-a-se-depetrer-des-accusations-apres-le-concert-interrompu-de-barbara-butch_292651.html,0,www.huffingtonpost.fr,LFI n’arrive pas à se dépêtrer des accusations après le concert interrompu de Barbara Butch,La France insoumise fait de nouveau face à des accusations d’antisémitisme. Elle est aussi critiquée à gauche pour avoir ciblé une artiste déjà victime de campagnes de haine.,https://focus.huffingtonpost.fr/2026/07/22/94/0/1799/1011/1820/1023/75/0/5aa83af_upload-1-whdeicvpc3ab-afp-20251010-78bk7dc-v2-midres-francepoliticspartieslfi.jpg,2026-07-22T11:54:13Z,,"Lindignation ne retombe pas. Plusieurs jours après linterruption dun concert de la DJ Barbara Butch à Grenoble à la suite de lintervention de militants de la section locale de la France insoumise, le… [+6107 chars]",,fr,'Grenoble'
https://www.opinion-internationale.com/2026/07/22/lettre-ouverte-a-anne-hidalgo-et-manuel-valls-il-faut-sauver-le-grenier-des-grands-augustins_24289.html,https://www.opinion-internationale.com/2026/07/22/lettre-ouverte-a-anne-hidalgo-et-manuel-valls-il-faut-sauver-le-grenier-des-grands-augustins_24289.html,0,www.opinion-internationale.com,Elles/ils ont signé la Lettre ouverte à Anne Hidalgo et Manuel Valls pour sauver le Grenier des Grands Augustins à Paris où Picasso peignit Guernica,"Paru le 26 avril 2014   Opinion Internationale a lancé une campagne pour demander au Premier ministre et à la maire de Paris de faire classer en urgence le Grenier des…
L’article Elles/ils ont signé la Lettre ouverte à Anne Hidalgo et Manuel Valls pour sauver…",https://www.opinion-internationale.com/wp-content/uploads/2014/04/guernica-Picasso.jpg,2026-07-22T11:57:43Z,,Opinion Internationale a lancé une campagne pour demander au Premier ministre et à la maire de Paris de faire classer en urgence le Grenier des Grands-Augustins. Lisez l’édito de Michel Taube et déco… [+5806 chars],,fr,'Paris'
https://www.lalibre.be/international/2026/07/22/dans-les-territoires-palestiniens-occupes-laide-humanitaire-etranglee-par-les-restrictions-israeliennes-nous-nous-sommes-retrouves-face-a-un-mur-SWVEN3RPMJAUXNGIMAR3YLFBOI/,https://www.lalibre.be/international/2026/07/22/dans-les-territoires-palestiniens-occupes-laide-humanitaire-etranglee-par-les-restrictions-israeliennes-nous-nous-sommes-retrouves-face-a-un-mur-SWVEN3RPMJAUXNGIMAR3YLFBOI/,0,www.lalibre.be,"Dans les territoires palestiniens occupés, l’aide humanitaire étranglée par les restrictions israéliennes : “Nous nous sommes retrouvés face à un mur”","À Gaza et en Cisjordanie occupée, de nombreuses organisations humanitaires opèrent sur le terrain sans travailleurs étrangers, après l’interdiction de 37 d’entre elles par Israël en début d’année. La Libre a joint certains de ces travailleurs étrangers exilés…",https://www.lalibre.be/resizer/v2/M5VVLOTQIVE5LHMDRQOG24DT5A.jpg?auth=3145becc116459f8981e8370a47dfe1edcb1ea2044847a845d51a6525ed0ce43&width=1200&height=630&quality=85&focal=3000%2C2000,2026-07-22T12:04:25Z,http://web.archive.org/web/20260723065510/https://www.lalibre.be/international/2026/07/22/dans-les-territoires-palestiniens-occupes-laide-humanitaire-etranglee-par-les-restrictions-israeliennes-nous-nous-sommes-retrouves-face-a-un-mur-SWVEN3RPMJAUXNGIMAR3YLFBOI/,"Le 1er janvier 2025, Israël a en effet retiré à 37 organisations étrangères les accréditations dont elles bénéficiaient, après le refus de celles-ci de se conformer à de nouvelles règles jugées contr… [+4412 chars]",,fr,'Israël'
https://www.ledauphine.com/tour-de-france/2026/07/22/les-sprinteurs-a-l-honneur-avant-le-bouquet-final-alpin-suivez-la-17e-etape,https://www.ledauphine.com/tour-de-france/2026/07/22/les-sprinteurs-a-l-honneur-avant-le-bouquet-final-alpin-suivez-la-17e-etape,0,www.ledauphine.com,"Tour de France 2026. L'échappée peine à se former, du pain béni pour les sprinteurs ? Suivez la 17e étape entre Chambéry et Voiron","La troisième et dernière semaine du Tour de France se poursuit ce mercredi lors de cette 17e étape, longue de 174,7 km, entre Chambéry et Voiron, où les sprinteurs pourraient une dernière fois s'expliquer avant l'arrivée finale. Suivez la course.",https://cdn-s-www.ledauphine.com/images/E9DF64F8-C507-40A4-AC47-732D970C8D2A/FB1200/photo-1784722562.jpg,2026-07-22T12:15:00Z,http://web.archive.org/web/20260722234254/https://www.ledauphine.com/tour-de-france/2026/07/22/les-sprinteurs-a-l-honneur-avant-le-bouquet-final-alpin-suivez-la-17e-etape,"<li>140 km
Ben Healy est aussi présent à l'avant, mais le peloton ne pointe qu'à 9 secondes... 
</li><li></li><li>143 km
Turgis à l'avant
Le Français a réussi à rejoindre Izagirre, Tejada et Walk… [+19893 chars]",,fr,'Chambéry'
https://rmcsport.bfmtv.com/football/coupe-du-monde/coupe-du-monde-2026-lucas-vazquez-salue-les-celebrations-sans-bruler-de-voitures-sans-piller-les-magasins-apres-le-sacre-de-l-espagne_AV-202607220412.html,https://rmcsport.bfmtv.com/football/coupe-du-monde/coupe-du-monde-2026-lucas-vazquez-salue-les-celebrations-sans-bruler-de-voitures-sans-piller-les-magasins-apres-le-sacre-de-l-espagne_AV-202607220412.html,0,rmcsport.bfmtv.com,"Coupe du monde 2026: Lucas Vazquez salue les célébrations ""sans brûler de voitures, sans piller les magasins"" après le sacre de l’Espagne",Lucas Vazquez a réagi à la belle communion dans les rues de Madrid entre les joueurs de l’Espagne et les supporters après la victoire de la Roja au Mondial 2026. L’ancien défenseur du Real s’est fendu d’une comparaison avec les autres villes où la fête a dégé…,https://images.bfmtv.com/pa_Wc0TYYJeBwV_k7TcrAHr1wD4=/0x0:2048x1152/images/Les-joueurs-de-l-Espagne-lors-des-celebrations-du-titre-mondial-a-Madrid-le-20-juillet-2026-2322955.jpg,2026-07-22T12:20:04Z,,Lucas Vazquez a réagi à la belle communion dans les rues de Madrid entre les joueurs de lEspagne et les supporters après la victoire de la Roja au Mondial 2026. Lancien défenseur du Real sest fendu d… [+1918 chars],,fr,'Madrid'
https://www.franceinfo.fr/economie/transports/trafic/une-mesure-radicale-mais-justifiee-pourquoi-une-portion-de-l-a13-sera-fermee-pendant-neuf-mois-entre-paris-et-la-normandie-a-partir-de-mi-novembre_8117720.html,https://www.franceinfo.fr/economie/transports/trafic/une-mesure-radicale-mais-justifiee-pourquoi-une-portion-de-l-a13-sera-fermee-pendant-neuf-mois-entre-paris-et-la-normandie-a-partir-de-mi-novembre_8117720.html,0,www.franceinfo.fr,"""Une mesure radicale, mais justifiée"" : pourquoi une portion de l'A13 sera fermée pendant neuf mois entre Paris et la Normandie à partir de mi-novembre","Des travaux doivent permettre de consolider le tube Nord du tunnel au niveau de Saint-Cloud, à l'ouest de Paris. L'A13 sera même fermée dans les deux sens en juillet et août 2027, au moment où le trafic diminue, pour réaliser des travaux d'entretien.",https://www.franceinfo.fr/pictures/ocxl6dszl-JLq-HfDSvF_fQ0pVE/0x342:4737x3007/1500x843/2026/07/22/6a60ad04664e5582150133.jpg,2026-07-22T12:29:12Z,,"Un calendrier de travaux accéléré sur une autoroute très fréquentée. L'A13, entre Paris et Caen, va être fermée du 16 novembre 2026 jusqu'à la fin du mois d'août 2027 en direction de la Normandie, à … [+1720 chars]",,fr,'Paris'
https://www.telerama.fr/restos-loisirs/quand-une-prison-pour-femmes-devient-un-lieu-de-culture-le-passe-charge-de-la-mediatheque-francoise-sagan-a-paris-7032156.php,https://www.telerama.fr/restos-loisirs/quand-une-prison-pour-femmes-devient-un-lieu-de-culture-le-passe-charge-de-la-mediatheque-francoise-sagan-a-paris-7032156.php,0,www.telerama.fr,Quand une prison pour femmes devient un lieu de culture : le passé chargé de la médiathèque Françoise-Sagan à Paris,"Ici, se trouvait jusqu’aux années 1930 une geôle qui accueillit jusqu’à un millier de détenues. Sa rénovation en 2015 a apporté au bâtiment de la lumière et un jardin tropical. Premier volet de notre série sur les bibliothèques remarquables parisiennes.",https://focus.telerama.fr/2026/07/10/0/0/8004/5336/1200/800/60/0/d28487d_upload-1-ruwgnlek5tes-photononstop-pns-7133674.jpg,2026-07-22T12:30:22Z,,"Pour soutenir le travail de toute une rédaction, abonnez-vousPourquoi voyez-vous ce message ?
 Vous avez choisi de ne pas accepter le dépôt de ""cookies"" sur votre navigateur, qui permettent notammen… [+616 chars]",,fr,'Paris'
https://www.turbo.fr/actualite-automobile/sp95-e10-partir-de-187eu-l-ce-mercredi-22-juillet-jusqua-26-centimes-par-litre-dans-ces-stations-service-203091,https://www.turbo.fr/actualite-automobile/sp95-e10-partir-de-187eu-l-ce-mercredi-22-juillet-jusqua-26-centimes-par-litre-dans-ces-stations-service-203091,0,www.turbo.fr,"SP95-E10 à partir de 1,87€/L ce mercredi 22 juillet : jusqu’à -26 centimes par litre dans ces stations-service","Nouvelle hausse pour l'essence en France avec un prix moyen à 2,03€/L ce mercredi 22 juillet 2026. Découvrez dans la suite de cet article les stations-service et les enseignes qui permettent aux automobilistes de faire baisser la facture à la pompe.
Le Sans P…",https://www.turbo.fr/sites/default/files/2026-07/prix%20essence%2022%20juillet%202026.jpg,2026-07-22T12:41:49Z,,"Quelles sont les stations-service les moins chères en France pour le SP95-E10 ?
Cette hausse est un coup dur pour les automobilistes qui partent massivement en vacances en cette période estivale.
I… [+2158 chars]",,fr,'France'
https://www.ledauphine.com/culture-loisirs/2026/07/22/c-est-vide-la-galerie-apollon-du-louvre-a-rouvert-sans-ses-joyaux-neuf-mois-apres-le-casse,https://www.ledauphine.com/culture-loisirs/2026/07/22/c-est-vide-la-galerie-apollon-du-louvre-a-rouvert-sans-ses-joyaux-neuf-mois-apres-le-casse,0,www.ledauphine.com,"Paris. « C'est vide » : la galerie Apollon du Louvre a rouvert sans ses joyaux, neuf mois après le casse","Les portes dorées de la galerie d'Apollon du Louvre se sont rouvertes ce mercredi matin, neuf mois après le spectaculaire cambriolage d'octobre 2025 qui avait stupéfié le monde entier.",https://cdn-s-www.ledauphine.com/images/11D17C7B-0BF8-4411-A4C6-BA8604A5B8EA/FB1200/photo-1784724680.jpg,2026-07-22T12:54:00Z,http://web.archive.org/web/20260723015923/https://www.ledauphine.com/culture-loisirs/2026/07/22/c-est-vide-la-galerie-apollon-du-louvre-a-rouvert-sans-ses-joyaux-neuf-mois-apres-le-casse,"Le début d'« une nouvelle histoire » : les portes dorées de la galerie d'Apollon du Louvre se sont rouvertes ce mercredi, neuf mois après le spectaculaire cambriolage d'octobre 2025, mais sans aucun … [+3416 chars]",,fr,'Paris'
https://www.franceinfo.fr/sante/drogue-addictions/cela-concerne-tous-les-milieux-plusieurs-collaborateurs-dans-les-ministeres-ecartes-apres-des-tests-de-depistage-de-drogue-positifs-annonce-sebastien-lecornu_8117894.html,https://www.franceinfo.fr/sante/drogue-addictions/cela-concerne-tous-les-milieux-plusieurs-collaborateurs-dans-les-ministeres-ecartes-apres-des-tests-de-depistage-de-drogue-positifs-annonce-sebastien-lecornu_8117894.html,0,www.franceinfo.fr,"""Cela concerne tous les milieux"" : plusieurs collaborateurs dans les ministères écartés après des tests de dépistage de drogue positifs, annonce Sébastien Lecornu","Le Premier ministre précise à ""Paris-Match"" avoir ordonné ces tests antidrogue ""pour des raisons d'exemplarité"", mais aussi et surtout ""pour des raisons de vulnérabilité"".",https://www.franceinfo.fr/pictures/6WfgM1xc7QHAQKHabczQe1lT2TA/0x184:3543x2177/1500x843/2026/07/22/6a60bdeb8fbdc297526142.jpg,2026-07-22T13:02:34Z,,"Le nombre exact de personnes n'est pas précisé. Dans les ministères, plusieurs collaborateurs, hauts fonctionnaires et agents ont été écartés, après avoir été testés positivement à certains stupéfian… [+1488 chars]",,fr,'Paris'
https://www.jeuneafrique.com/1826033/politique/algerie-la-france-na-aucun-objectif-chiffre-et-ne-montre-aucun-laxisme-sur-les-visas-affirme-macron/,https://www.jeuneafrique.com/1826033/politique/algerie-la-france-na-aucun-objectif-chiffre-et-ne-montre-aucun-laxisme-sur-les-visas-affirme-macron/,0,www.jeuneafrique.com,"Algérie : la France n’a aucun « objectif chiffré » et ne montre « aucun laxisme » sur les visas, affirme Macron","Alors que l’ambassadeur de France en Algérie avait laissé entendre que le nombre de visas octroyés allait être relevé, le président français est directement intervenu pour le démentir, le sujet étant particulièrement polémique à quelques mois de l’élection pr…","https://prod.cdn-medias.jeuneafrique.com/cdn-cgi/image/q=auto,f=auto,metadata=none,width=1280,height=720,fit=cover,gravity=0.5000x0.5000/https://prod.cdn-medias.jeuneafrique.com/medias/2026/07/22/afp__20260720__aa_20072026_2889524__v1__midres__emmanuelmacronbriceoliguinguemameeti.jpg",2026-07-22T13:05:38Z,http://web.archive.org/web/20260723042750/https://www.jeuneafrique.com/1826033/politique/algerie-la-france-na-aucun-objectif-chiffre-et-ne-montre-aucun-laxisme-sur-les-visas-affirme-macron/,"Le président français, Emmanuel Macron, a déclaré mercredi en Conseil des ministres que la France n’avait fixé aucun « objectif chiffré » concernant le nombre de visas octroyés à l’Algérie et ne fais… [+1957 chars]",,fr,'Algérie'
https://www.ledauphine.com/faits-divers-justice/2026/07/22/clous-et-traces-d-huile-dans-le-plan-fayet-le-pire-evite-de-justesse-sur-les-routes-du-tour-de-france,https://www.ledauphine.com/faits-divers-justice/2026/07/22/clous-et-traces-d-huile-dans-le-plan-fayet-le-pire-evite-de-justesse-sur-les-routes-du-tour-de-france,0,www.ledauphine.com,Haute-Savoie. Clous et traces d’huile dans le Plan Fayet : le pire évité de justesse sur les routes du Tour de France,"La journée de mardi s’est finalement déroulée sans incident. Pourtant, quelques heures avant le départ du contre-la-montre entre Évian-les-Bains et Thonon-les-Bains, des clous et des traces d’huile ont été découverts sur le parcours, dans la descente du Plan …",https://cdn-s-www.ledauphine.com/images/F30C73EF-62FD-4B6A-8A05-039137776D12/FB1200/photo-1784727305.jpg,2026-07-22T13:35:00Z,http://web.archive.org/web/20260723021530/https://www.ledauphine.com/faits-divers-justice/2026/07/22/clous-et-traces-d-huile-dans-le-plan-fayet-le-pire-evite-de-justesse-sur-les-routes-du-tour-de-france,"La fête a été belle, mardi 21 juillet, sur les 26 kilomètres du contre-la-montre de la 16e étape du Tour de France 2026 entre Évian-les-Bains et Thonon-les-Bains. Pourtant, lissue de cette journée au… [+3151 chars]",,fr,'Évian-les-Bains'
https://www.nouvelobs.com/ecologie/20260722.OBS116887/canicule-5-764-morts-en-exces-constates-pendant-l-episode-de-juin-selon-sante-publique-france.html,https://www.nouvelobs.com/ecologie/20260722.OBS116887/canicule-5-764-morts-en-exces-constates-pendant-l-episode-de-juin-selon-sante-publique-france.html,0,www.nouvelobs.com,"Canicule : 5 764 morts en excès constatés pendant l’épisode de juin, selon Santé publique France","Ces décès ont été enregistrés entre le 17 juin et le 2 juillet, une période où la majeure partie de la France souffrait de la canicule.",https://focus.nouvelobs.com/2026/07/22/1/0/6677/4451/1200/800/0/0/5517820_upload-1-gs33uphtjzuo-sipa-01277937-000013.JPG,2026-07-22T13:57:35Z,,"Par Le Nouvel Obs avec AFP
 Publié le 22 juillet 2026 à 15h57 
 Lecture : 1 min. 
Urgences de lhôpital Paris-Saclay (Paris) pendant la canicule, le 25 juillet 2026. ROMUALD MEIGNEUX/SIPA
Avec 5 7… [+3062 chars]",,fr,'Paris'
https://theconversation.com/ecouter-phnom-penh-ce-que-les-cultures-urbaines-disent-du-cambodge-contemporain-286369,https://theconversation.com/ecouter-phnom-penh-ce-que-les-cultures-urbaines-disent-du-cambodge-contemporain-286369,0,theconversation.com,Écouter Phnom Penh : ce que les cultures urbaines disent du Cambodge contemporain,"Dans les rues de Phnom Penh, le rap et le skateboard deviennent de nouveaux marqueurs sociaux.",https://images.theconversation.com/files/744796/original/file-20260629-57-3iho9m.png?ixlib=rb-4.1.1&rect=0%2C180%2C2880%2C1440&q=45&auto=format&w=1356&h=668&fit=crop,2026-07-22T14:14:30Z,http://web.archive.org/web/20260722201500/https://theconversation.com/ecouter-phnom-penh-ce-que-les-cultures-urbaines-disent-du-cambodge-contemporain-286369,"Capture d’écran du compte @TheSkateNomad sur YouTube « SKATE IN CAMBODIA | Inside The Capital PHNOM PENH »
Dans les rues de Phnom Penh, le Cambodge se vit au présent. Entre deux figures de skate sur… [+11177 chars]",,fr,'Cambodge'
https://www.ledauphine.com/economie/2026/07/22/guerre-au-moyen-orient-totalenergies-relance-le-plafonnement-de-ses-carburants,https://www.ledauphine.com/economie/2026/07/22/guerre-au-moyen-orient-totalenergies-relance-le-plafonnement-de-ses-carburants,0,www.ledauphine.com,Économie. Guerre au Moyen-Orient : TotalEnergies relance le plafonnement de ses carburants,"« Comme auparavant, les prix sont plafonnés à 1,99 €/L pour l'essence et ceux du diesel à 2,25 €/L dans toutes ses stations-service en France hexagonale », annonce le groupe TotalEnergies ce mercredi.",https://cdn-s-www.ledauphine.com/images/F0BCA5D0-71E9-49AB-9AF2-0BD039F5A8A1/FB1200/photo-1784729614.jpg,2026-07-22T14:26:00Z,http://web.archive.org/web/20260723021228/https://www.ledauphine.com/economie/2026/07/22/guerre-au-moyen-orient-totalenergies-relance-le-plafonnement-de-ses-carburants,Le groupe pétrolier TotalEnergies a annoncé mercredi remettre en place le plafonnement du prix des carburants dans ses stations-service en France hexagonale . « Compte tenu de la reprise du conflit a… [+2869 chars],,fr,'Paris'
https://www.lejournaldesentreprises.com/breve/fidal-notaires-ouvre-une-etude-daffaires-rennes-2147019,https://www.lejournaldesentreprises.com/breve/fidal-notaires-ouvre-une-etude-daffaires-rennes-2147019,0,www.lejournaldesentreprises.com,Fidal Notaires ouvre une étude d’affaires à Rennes,"Fidal Notaires poursuit son développement avec l’ouverture d’une nouvelle étude à Rennes, sa cinquième implantation après La Madeleine, Paris, Caen et Lyon. L’office est piloté par Camille Barbot, spécialisée en ingénierie patrimoniale, transmissions d’entrep…",,2026-07-22T14:27:03Z,,"Fidal Notaires poursuit son développement avec louverture dune nouvelle étude à Rennes, sa cinquième implantation après La Madeleine, Paris, Caen et Lyon. Loffice est piloté par Camille Barbot, spéci… [+296 chars]",,fr,'Lyon'
https://www.bfmtv.com/environnement/surfaces-brulees-territoires-touches-trois-infographies-pour-se-rendre-compte-de-l-ampleur-des-feux-de-foret-cet-ete_AV-202607220495.html,https://www.bfmtv.com/environnement/surfaces-brulees-territoires-touches-trois-infographies-pour-se-rendre-compte-de-l-ampleur-des-feux-de-foret-cet-ete_AV-202607220495.html,0,www.bfmtv.com,"Surfaces brûlées, territoires touchés… Trois infographies pour se rendre compte de l’ampleur des feux de forêt cet été","Près de 45.000 hectares ont brûlé en France entre janvier et ce 22 juillet, dépassant le précédent record de 2022. En raison du changement climatique, les conditions sont de plus en plus propices aux départs de feux, notamment dans la moitié nord du pays.",https://images.bfmtv.com/ZzfKo2IMzWda8cCsI3--8vJ2dI0=/0x106:2048x1258/2048x0/images/Un-ancien-camion-de-pompiers-sur-le-site-ou-un-incendie-de-foret-s-est-declare-le-21-juillet-a-Merignac-pres-de-l-aeroport-de-Bordeaux-Merignac-le-22-juillet-2026-2323795.jpg,2026-07-22T14:42:15Z,http://web.archive.org/web/20260723014659/https://www.bfmtv.com/environnement/surfaces-brulees-territoires-touches-trois-infographies-pour-se-rendre-compte-de-l-ampleur-des-feux-de-foret-cet-ete_AV-202607220495.html,"Près de 45.000 hectares ont brûlé en France entre janvier et ce 22 juillet, dépassant le précédent record de 2022. En raison du changement climatique, les conditions sont de plus en plus propices aux… [+5349 chars]",,fr,'France'
https://www.sofoot.com/breves/espagne-le-cadeau-improbable-recu-par-fabian-ruiz-et-gavi-pour-leur-sacre-mondial,https://www.sofoot.com/breves/espagne-le-cadeau-improbable-recu-par-fabian-ruiz-et-gavi-pour-leur-sacre-mondial,0,www.sofoot.com,Espagne : Le cadeau improbable reçu par Fabián Ruiz et Gavi pour leur sacre mondial,"Une orange à Noël, des tomates pour un champion du monde ? À peine les célébrations à Madrid terminées,…",https://sofoot.s3.eu-central-1.amazonaws.com/wp-content/uploads/2026/07/21235034/14325880-1400x932.jpg,2026-07-22T14:50:11Z,http://web.archive.org/web/20260722215950/https://www.sofoot.com/breves/espagne-le-cadeau-improbable-recu-par-fabian-ruiz-et-gavi-pour-leur-sacre-mondial,"Une orange à Noël, des tomates pour un champion du monde ? À peine les célébrations à Madrid terminées, les joueurs espagnols sont retournés dans leurs villes respectives pour fêter cette deuxième ét… [+860 chars]",,fr,'Paris'
https://www.franceinfo.fr/societe/ils-ont-quitte-paris-pour-s-installer-dans-la-nature-un-programme-regional-pour-aider-a-repeupler-la-bourgogne-franche-comte_8118029.html,https://www.franceinfo.fr/societe/ils-ont-quitte-paris-pour-s-installer-dans-la-nature-un-programme-regional-pour-aider-a-repeupler-la-bourgogne-franche-comte_8118029.html,0,www.franceinfo.fr,"Ils ont ""quitté Paris pour s'installer dans la nature"" : un programme régional pour aider à repeupler la Bourgogne Franche-Comté","Quitter les grandes villes pour trouver du travail plus au calme : le pari séduit de plus en plus d’actifs. En Bourgogne, un service accompagne même les nouveaux arrivants. C’est le cas de Kenny, qui vient de poser ses valises à Venarey-les-Laumes, près de Di…",https://www.franceinfo.fr/pictures/VJTcOqA8WjjOCwnkit1CEfAi4No/59x0:1444x779/1500x843/2026/07/22/6a60d8616abea158929777.jpg,2026-07-22T14:52:00Z,http://web.archive.org/web/20260722155613/https://www.franceinfo.fr/societe/ils-ont-quitte-paris-pour-s-installer-dans-la-nature-un-programme-regional-pour-aider-a-repeupler-la-bourgogne-franche-comte_8118029.html,"Quitter les grandes villes pour trouver du travail plus au calme : le pari séduit de plus en plus dactifs. En Bourgogne, un service accompagne même les nouveaux arrivants. Cest le cas de Kenny, qui v… [+2721 chars]",,fr,'Paris'
https://www.camer.be/94053/26:23/la-visite-detat-de-brice-clotaire-oligui-nguema-en-france-consacre-le-retour-diplomatique-du-gabon.html,https://www.camer.be/94053/26:23/la-visite-detat-de-brice-clotaire-oligui-nguema-en-france-consacre-le-retour-diplomatique-du-gabon.html,0,www.camer.be,:: La visite d’État de Brice Clotaire Oligui Nguema en France consacre le retour diplomatique du Gabon,"L’arrivée du président gabonais Brice Clotaire Oligui Nguema en
France, le dimanche 19 juillet 2026, restera comme l’un des moments
diplomatiques les plus marqu...",https://www.camer.be/storage/photos/shares/Special2/Gabon-presi.jpg,2026-07-22T14:54:49Z,http://web.archive.org/web/20260722181346/https://www.camer.be/94053/26:23/la-visite-detat-de-brice-clotaire-oligui-nguema-en-france-consacre-le-retour-diplomatique-du-gabon.html,"L’arrivée du président gabonais Brice Clotaire Oligui Nguema en France, le dimanche 19 juillet 2026, restera comme l’un des moments diplomatiques les plus marquants de l’histoire récente du Gabon. Ac… [+4737 chars]",,fr,'Paris'
https://www.dhnet.be/sports/cyclisme/2026/07/22/lenquete-sur-le-deces-de-michael-goolaerts-lors-de-paris-roubaix-2018-classee-sans-suite-aucune-trace-de-produit-dopant-na-ete-trouvee-T7ZURT7HR5BQ7LLFVVTD224ROA/,https://www.dhnet.be/sports/cyclisme/2026/07/22/lenquete-sur-le-deces-de-michael-goolaerts-lors-de-paris-roubaix-2018-classee-sans-suite-aucune-trace-de-produit-dopant-na-ete-trouvee-T7ZURT7HR5BQ7LLFVVTD224ROA/,0,www.dhnet.be,L'enquête sur le décès de Michael Goolaerts lors de Paris-Roubaix 2018 classée sans suite : aucune trace de produit dopant n'a été trouvée,"La justice française a indiqué mercredi avoir classé sans suite une enquête ouverte après le décès du coureur cycliste belge Michael Goolaerts pendant le Paris-Roubaix en 2018, faute d'infraction caractérisée ou de dopage avéré. ...",https://www.dhnet.be/resizer/v2/XAHW3IQNZ5AGTI7EYIZVTQQ5HQ.jpg?auth=9323784c3b9753bf5d64184c9ee4a6d73213a1765ce5ff39c731988e84912f9a&width=1200&height=630&quality=85&focal=470%2C235,2026-07-22T15:22:25Z,http://web.archive.org/web/20260723025131/https://www.dhnet.be/sports/cyclisme/2026/07/22/lenquete-sur-le-deces-de-michael-goolaerts-lors-de-paris-roubaix-2018-classee-sans-suite-aucune-trace-de-produit-dopant-na-ete-trouvee-T7ZURT7HR5BQ7LLFVVTD224ROA/,"""Aucune trace de produit dopant n'ayant pu être mise en évidence et aucun élément n'ayant pu caractériser une quelconque infraction au terme de l'enquête"", l'affaire a été classée sans suite le 10 ju… [+379 chars]",,fr,'Paris'
https://www.lavenir.net/sports/cyclisme/2026/07/22/la-moisson-belge-continue-sur-le-tour-de-france-jasper-philipsen-remporte-la-17e-etape-au-sprint-a-voiron-KCSRRBBG55ANBJGP4Y77NJSBXE/,https://www.lavenir.net/sports/cyclisme/2026/07/22/la-moisson-belge-continue-sur-le-tour-de-france-jasper-philipsen-remporte-la-17e-etape-au-sprint-a-voiron-KCSRRBBG55ANBJGP4Y77NJSBXE/,0,www.lavenir.net,La moisson belge continue sur le Tour de France: Jasper Philipsen remporte la 17e étape au sprint à Voiron,"Après le doublé de Remco Evenepoel, Jasper Philipsen signe une 3e victoire belge consécutive sur ce Tour de France 2026. Le coureur d'Alpecin se replace à 7 points de Mads Pedersen dans sa quête du maillot vert. ...",https://www.lavenir.net/resizer/v2/3B5MTTO7KRCOHH2CAVRW7A56K4.jpg?auth=d2d22845fc1f2e33ac5afa90c68bb63b9c4fd063742a59dbfe38edfdbbf8ed4b&width=1200&height=630&quality=85&focal=2747%2C1831,2026-07-22T15:23:51Z,http://web.archive.org/web/20260723055338/https://www.lavenir.net/sports/cyclisme/2026/07/22/la-moisson-belge-continue-sur-le-tour-de-france-jasper-philipsen-remporte-la-17e-etape-au-sprint-a-voiron-KCSRRBBG55ANBJGP4Y77NJSBXE/,"Adam Yates dans le dur
Une fois l'échappée de 16 coureurs créée, la bataille pour le maillot vert, la véritable toile de fond de cette 17e étape, se passait à l'arrière. Dans sa quête du maillot dis… [+1138 chars]",,fr,'Voiron'
https://www.franceinfo.fr/tour-de-france/le-belge-jasper-philipsen-remporte-la-17e-etape-du-tour-de-france-au-sprint-tadej-pogacar-toujours-en-jaune_8117891.html,https://www.franceinfo.fr/tour-de-france/le-belge-jasper-philipsen-remporte-la-17e-etape-du-tour-de-france-au-sprint-tadej-pogacar-toujours-en-jaune_8117891.html,0,www.franceinfo.fr,"Le Belge Jasper Philipsen remporte la 17e étape du Tour de France au sprint, Tadej Pogacar toujours en jaune","La formation Alpecin s'est offert une deuxième victoire d'étape sur cette édition 2026 du Tour de France, mercredi, à Voiron (Isère). Il devance le Suisse Mauro Schmid et le Néerlandais Olav Kooij.",https://www.franceinfo.fr/pictures/RXcNboHR4WdaGQC3xAvGqOhaVYI/0x0:1024x576/1500x843/2026/07/22/6a60e06fe469b189828523.jpg,2026-07-22T15:29:29Z,,"Une des dernières étapes taillées pour les sprinteurs et c'est Jasper Philipsen qui en a profité. Après un début d'étape décousu et brouillon, le coureur d'Alpecin-Deceuninck a remporté la 17e étape … [+695 chars]",,fr,'Isère'
https://www.franceinfo.fr/tour-de-france/video-le-resume-de-la-victoire-en-costaud-de-jasper-philipsen-au-terme-d-une-17e-etape-anarchique-sur-le-tour-de-france_8118149.html,https://www.franceinfo.fr/tour-de-france/video-le-resume-de-la-victoire-en-costaud-de-jasper-philipsen-au-terme-d-une-17e-etape-anarchique-sur-le-tour-de-france_8118149.html,0,www.franceinfo.fr,VIDEO. Le résumé de la victoire en costaud de Jasper Philipsen au terme d'une 17e étape anarchique sur le Tour de France,"Le Belge a remporté un sprint en peloton réduit, mercredi, pour décrocher sa première victoire sur cette 113e édition de la Grande Boucle.",https://www.franceinfo.fr/pictures/mVQwZUAoq37A3ZnzGVWiL-frN44/0x0:5494x3090/1500x843/2026/07/22/6a60e50bcba92692590224.jpg,2026-07-22T15:55:57Z,,"Le Belge a remporté un sprint en peloton réduit, mercredi, pour décrocher sa première victoire sur cette 113e édition de la Grande Boucle.
Trois à la suite pour la Belgique. Après les victoires de R… [+920 chars]",,fr,'Belgique'
https://www.ledauphine.com/tour-de-france/2026/07/22/revivez-la-folie-du-tour-de-france-sur-les-routes-en-isere,https://www.ledauphine.com/tour-de-france/2026/07/22/revivez-la-folie-du-tour-de-france-sur-les-routes-en-isere,0,www.ledauphine.com,En images. Revivez la folie du Tour de France sur les routes en Isère,"Le Tour était en fête dans le département ce mercredi 22 juillet ! Au pied de la Chartreuse, le long de la Valdaine et du lac de Paladru, retour en images sur la 17e étape qui reliait Chambéry à Voiron.",https://cdn-s-www.ledauphine.com/images/BCD16EE5-D73A-4203-BEA7-FE0C92FC918A/FB1200/photo-1784739062.jpg,2026-07-22T16:04:00Z,http://web.archive.org/web/20260722181127/https://www.ledauphine.com/tour-de-france/2026/07/22/revivez-la-folie-du-tour-de-france-sur-les-routes-en-isere,"Le Dauphiné Libéré, en tant que responsable de traitement, recueille dans ce formulaire des informations qui sont enregistrées dans un fichier informatisé par son Service Relations Clients, la finali… [+854 chars]",,fr,'Chambéry'
https://www.dhnet.be/sports/cyclisme/tour-de-france/2026/07/22/lavis-de-notre-consultant-kevin-van-melsen-sur-la-victoire-de-philipsen-sur-la-17e-etape-du-tour-de-france-pedersen-a-fourni-trop-defforts-73VRE6UT5NF6XK2TM6O2MSRHLY/,https://www.dhnet.be/sports/cyclisme/tour-de-france/2026/07/22/lavis-de-notre-consultant-kevin-van-melsen-sur-la-victoire-de-philipsen-sur-la-17e-etape-du-tour-de-france-pedersen-a-fourni-trop-defforts-73VRE6UT5NF6XK2TM6O2MSRHLY/,0,www.dhnet.be,L’avis de notre consultant Kevin Van Melsen sur la victoire de Philipsen sur la 17e étape du Tour de France : “Pedersen a fourni trop d’efforts”,"Pour notre consultant, le maillot vert pourrait se jouer dimanche, à Paris, sur la dernière journée ! ...",https://www.dhnet.be/resizer/v2/VYM34HXFYJBS7EXPF65ZLWTJGE.jpg?auth=51f68e6dcdacf5a730201d59887a7b12d6bd018ddc9cee4de83adf3af03e43f1&width=1200&height=630&quality=85&focal=1614%2C987,2026-07-22T16:17:02Z,http://web.archive.org/web/20260723070840/https://www.dhnet.be/sports/cyclisme/tour-de-france/2026/07/22/lavis-de-notre-consultant-kevin-van-melsen-sur-la-victoire-de-philipsen-sur-la-17e-etape-du-tour-de-france-pedersen-a-fourni-trop-defforts-73VRE6UT5NF6XK2TM6O2MSRHLY/,"2. Quel soulagement pour Philipsen !
Cette victoire doit faire beaucoup de bien à Jasper Philipsen. Il n'avait jusque-là pas connu un Tour facile. En vitesse pure, il allait clairement moins vite qu… [+1081 chars]",,fr,'France'
https://france3-regions.franceinfo.fr/auvergne-rhone-alpes/savoie/tour-de-france-2026-le-sprinteur-belge-jasper-philipsen-ouvre-son-compteur-lors-de-la-17e-etape-entre-chambery-et-voiron-3390643.html,https://france3-regions.franceinfo.fr/auvergne-rhone-alpes/savoie/tour-de-france-2026-le-sprinteur-belge-jasper-philipsen-ouvre-son-compteur-lors-de-la-17e-etape-entre-chambery-et-voiron-3390643.html,0,france3-regions.franceinfo.fr,Tour de France 2026 : le sprinteur belge Jasper Philipsen ouvre son compteur lors de la 17e étape entre Chambéry et Voiron,"Mercredi 22 juillet, le Belge Jasper Philipsen a remporté sa première victoire de ce Tour de France 2026, lors de cette 17e étape entre Chambéry (Savoie) et Voiron (Isère), après avoir réglé au sprint un groupe d'une trentaine de coureurs regroupant les princ…",https://france3-regions.franceinfo.fr/image/242177Hmg64BD_qndimXGOI9Sn8/930x620/regions/2026/07/22/6a60eec904789082809874.jpg,2026-07-22T16:28:02Z,,"Mercredi 22 juillet, le Belge Jasper Philipsen a remporté sa première victoire de ce Tour de France 2026, lors de cette 17e étape entre Chambéry (Savoie) et Voiron (Isère), après avoir réglé au sprin… [+1763 chars]",,fr,'Savoie'
https://www.journaldugeek.com/2026/07/22/qui-se-cache-sous-le-masque-de-fantomas-un-premier-teaser-qui-seme-le-doute/,https://www.journaldugeek.com/2026/07/22/qui-se-cache-sous-le-masque-de-fantomas-un-premier-teaser-qui-seme-le-doute/,0,www.journaldugeek.com,Qui se cache sous le masque de Fantômas ? Un premier teaser qui sème le doute,"On l'a annoncé il y a quelques jours, Fantômas est de retour pour nous jouer un mauvais tour ! Un premier teaser dévoile le personnage regardant la ville de Paris, sans révéler l'identité de celui-ci.",https://www.journaldugeek.com/app/uploads/2026/07/fantomas-teaser-1600x900.jpg,2026-07-22T16:30:48Z,http://web.archive.org/web/20260723035352/https://www.journaldugeek.com/2026/07/22/qui-se-cache-sous-le-masque-de-fantomas-un-premier-teaser-qui-seme-le-doute/,"Elle est loin l’époque du simple bandeau à la Zorro ou du masque en latex porté par Jean Marais. Aujourd’hui, l’époque est plus à la cagoule de Fatal Bazooka, tel un proto-Batman veillant sur Gotham.… [+2345 chars]",,fr,'France'
https://www.lalibre.be/sports/tennis/2026/07/22/gros-changement-a-roland-garros-le-tournoi-deviendrait-le-premier-grand-chelem-a-proposer-des-gains-de-ce-type-GETGSGBVD5EV7ID2DJXASS2UTI/,https://www.lalibre.be/sports/tennis/2026/07/22/gros-changement-a-roland-garros-le-tournoi-deviendrait-le-premier-grand-chelem-a-proposer-des-gains-de-ce-type-GETGSGBVD5EV7ID2DJXASS2UTI/,0,www.lalibre.be,Gros changement à Roland-Garros : le tournoi deviendrait le premier grand chelem à proposer des gains de ce type,Le tournoi du grand chelem qui se joue en France deviendrait le premier à proposer des gains à ses participants en fonction des revenus du tournoi. ...,https://www.lalibre.be/resizer/v2/C2RBDRNZUFBDZDZUINV2K5B3WI.jpg?auth=7d49f0e42436e19c681fe6cabef678b49ee226db817461fee822fbf88d7ba690&width=1200&height=630&quality=85&focal=2234%2C1257,2026-07-22T16:48:58Z,http://web.archive.org/web/20260723060930/https://www.lalibre.be/sports/tennis/2026/07/22/gros-changement-a-roland-garros-le-tournoi-deviendrait-le-premier-grand-chelem-a-proposer-des-gains-de-ce-type-GETGSGBVD5EV7ID2DJXASS2UTI/,"La colère des joueuses et joueurs survenait d'ailleurs d'il y a quelques mois, à l'annonce du prize money du tournoi des internationaux de France. Un communiqué, signé par une vingtaine de stars des … [+647 chars]",,fr,'France'
https://www.lalibre.be/belgique/societe/2026/07/22/en-belgique-linterdiction-des-reseaux-sociaux-pour-les-moins-de-15-ans-fait-debat-les-politiques-necoutent-pas-la-societe-civile-UXLTOBFNYBFK7BXU3RBTZRXCJE/,https://www.lalibre.be/belgique/societe/2026/07/22/en-belgique-linterdiction-des-reseaux-sociaux-pour-les-moins-de-15-ans-fait-debat-les-politiques-necoutent-pas-la-societe-civile-UXLTOBFNYBFK7BXU3RBTZRXCJE/,0,www.lalibre.be,"En Belgique, l’interdiction des réseaux sociaux pour les moins de 15 ans fait débat: ""Les politiques n’écoutent pas la société civile""","Ce mardi, la France a voté l’interdiction des réseaux sociaux aux mineurs âgés de moins de 15 ans. Chez nous une mesure similaire est dans les cartons du gouvernement fédéral depuis des mois, mais en raison de blocages politiques les discussions n’avancent pa…",https://www.lalibre.be/resizer/v2/VBWC2CADF5DIZM3HQHNY5WLA6E.jpg?auth=2a9bda15b2e9bfcb002d9783b78051d7f164e60a22c44404d3a1866fce068e75&width=1200&height=630&quality=85&focal=1683%2C1067,2026-07-22T16:49:15Z,http://web.archive.org/web/20260723003323/https://www.lalibre.be/belgique/societe/2026/07/22/en-belgique-linterdiction-des-reseaux-sociaux-pour-les-moins-de-15-ans-fait-debat-les-politiques-necoutent-pas-la-societe-civile-UXLTOBFNYBFK7BXU3RBTZRXCJE/,"Plusieurs points de blocages persistent à l'issue de ces réunions. Parmi eux, se trouverait notamment la question de l'âge de l'interdiction (si la proposition de la ministre fixe l'interdiction à 15… [+4801 chars]",,fr,'Belgique'
https://www.dhnet.be/sports/tennis/2026/07/22/gros-changement-a-roland-garros-le-tournoi-deviendrait-le-premier-grand-chelem-a-proposer-des-gains-de-ce-type-IVHWB6DH3NHWFDB6DHXLRB6MFU/,https://www.dhnet.be/sports/tennis/2026/07/22/gros-changement-a-roland-garros-le-tournoi-deviendrait-le-premier-grand-chelem-a-proposer-des-gains-de-ce-type-IVHWB6DH3NHWFDB6DHXLRB6MFU/,0,www.dhnet.be,Gros changement à Roland-Garros : le tournoi deviendrait le premier grand chelem à proposer des gains de ce type,Le tournoi du grand chelem qui se joue en France deviendrait le premier à proposer des gains à ses participants en fonction des revenus du tournoi. ...,https://www.dhnet.be/resizer/v2/C2RBDRNZUFBDZDZUINV2K5B3WI.jpg?auth=7d49f0e42436e19c681fe6cabef678b49ee226db817461fee822fbf88d7ba690&width=1200&height=630&quality=85&focal=2234%2C1257,2026-07-22T16:52:29Z,http://web.archive.org/web/20260723050025/https://www.dhnet.be/sports/tennis/2026/07/22/gros-changement-a-roland-garros-le-tournoi-deviendrait-le-premier-grand-chelem-a-proposer-des-gains-de-ce-type-IVHWB6DH3NHWFDB6DHXLRB6MFU/,"La chronique de Dominique Monami : ""Les menaces de boycott ? Ce n'est pas qu'une question d'argent""La colère des joueuses et joueurs survenait d'ailleurs d'il y a quelques mois, à l'annonce du prize … [+746 chars]",,fr,'France'
https://www.ledauphine.com/tour-de-france/2026/07/22/le-triptyque-alpestre-debute-craquage-interdit-ce-qu-il-faut-savoir-sur-la-18-sup-e-sup-etape,https://www.ledauphine.com/tour-de-france/2026/07/22/le-triptyque-alpestre-debute-craquage-interdit-ce-qu-il-faut-savoir-sur-la-18-sup-e-sup-etape,0,www.ledauphine.com,"Tour de France 2026. Le triptyque alpestre débute, craquage interdit... Ce qu'il faut savoir sur la 18e étape","À quatre journées de la fin du Tour de France 2026, la 18e étape pourrait faire des dégâts. La moindre défaillance pourrait coûter cher lors de cette première des trois journées que les coureurs s'apprêtent à passer dans les Alpes.",https://cdn-s-www.ledauphine.com/images/69F45250-E1EB-4292-B938-4B8076215DE3/FB1200/photo-1782837821.jpg,2026-07-22T17:00:00Z,http://web.archive.org/web/20260722195635/https://www.ledauphine.com/tour-de-france/2026/07/22/le-triptyque-alpestre-debute-craquage-interdit-ce-qu-il-faut-savoir-sur-la-18-sup-e-sup-etape,"Après deux semaines et demie de course, certains coureurs ont sans doute déjà la tête aux Champs-Élysées. Mais Paris est encore loin car, à Voiron, débute ce jeudi 23 juillet un triptyque alpestre ha… [+1967 chars]",,fr,'Alpes'
https://www.franceinfo.fr/tour-de-france/tour-de-france-2026-hier-il-a-vomi-et-avait-tres-froid-avec-la-journee-de-souffrance-d-adam-yates-uae-emirates-affaiblie-avant-d-entamer-les-alpes_8118245.html,https://www.franceinfo.fr/tour-de-france/tour-de-france-2026-hier-il-a-vomi-et-avait-tres-froid-avec-la-journee-de-souffrance-d-adam-yates-uae-emirates-affaiblie-avant-d-entamer-les-alpes_8118245.html,0,www.franceinfo.fr,"Tour de France 2026 : ""Hier, il a vomi et avait très froid""... Avec la journée de souffrance d'Adam Yates, UAE-Emirates affaiblie avant d'entamer les Alpes","Le Britannique, malade la veille, a terminé l'étape de mercredi à la 162e place, à plus de 26 minutes du vainqueur Jasper Philipsen.",https://www.franceinfo.fr/pictures/fY6exPWL6NYflfdxjuNs3rM2RJM/0x0:3732x2099/1500x843/2026/07/22/6a60eebd6d188227898978.jpg,2026-07-22T17:10:07Z,,"Après de longues minutes d'attente, il est arrivé au bus de sa formation comme il a traversé l'étape : blême, le maillot ouvert et accompagné de son coéquipier Tim Wellens. Après une tape dans le dos… [+3270 chars]",,fr,'Alpes'
https://www.prnewswire.com/news-releases/kucoin-allie-confiance-musique-et-esprit-communautaire-lors-dun-premier-week-end-inoubliable-a-tomorrowland-en-belgique-302832409.html,https://www.prnewswire.com/news-releases/kucoin-allie-confiance-musique-et-esprit-communautaire-lors-dun-premier-week-end-inoubliable-a-tomorrowland-en-belgique-302832409.html,0,www.prnewswire.com,"KuCoin allie confiance, musique et esprit communautaire lors d'un premier week-end inoubliable à Tomorrowland, en Belgique","BOOM, Belgique, 22 juillet 2026 /PRNewswire/ -- Le premier week-end du festival Tomorrowland Belgium 2026 vient de s'achever, marquant le lancement réussi de la scène Celestia by KuCoin et le début d'un nouveau chapitre dans le partenariat pluriannuel de KuCo…",https://mma.prnewswire.com/media/3007270/0ad5ff10_c534_468e_934f_5328f42e816c.jpg?p=facebook,2026-07-22T17:11:00Z,,"BOOM, Belgique, 22 juillet 2026 /PRNewswire/ -- Le premier week-end du festival  Tomorrowland Belgium 2026 vient de s'achever, marquant le lancement réussi de la scène Celestia by KuCoin et le début … [+4738 chars]",,fr,'France'
https://www.franceinfo.fr/tour-de-france/jasper-philipsen-une-victoire-tant-attendue-qui-relance-la-course-au-maillot-vert-sur-le-tour-de-france_8118203.html,https://www.franceinfo.fr/tour-de-france/jasper-philipsen-une-victoire-tant-attendue-qui-relance-la-course-au-maillot-vert-sur-le-tour-de-france_8118203.html,0,www.franceinfo.fr,"Jasper Philipsen, une victoire tant attendue qui relance la course au maillot vert sur le Tour de France","Le sprinteur belge a décroché sa première victoire sur cette édition 2026, mercredi, à Voiron.",https://www.franceinfo.fr/pictures/kIZdWw4-o_iruDXqusmf5fr-IZc/0x552:6000x3927/1500x843/2026/07/22/6a60eaf120c41670793571.jpg,2026-07-22T17:12:50Z,http://web.archive.org/web/20260723043617/https://www.franceinfo.fr/tour-de-france/jasper-philipsen-une-victoire-tant-attendue-qui-relance-la-course-au-maillot-vert-sur-le-tour-de-france_8118203.html,"Parmi les étapes de plaine de cette 113e édition, celle entre Chambéry et Voiron était sans doute celle qui était la moins taillée pour les sprinteurs. Mais c'est bien grâce à celle-ci que Jasper Phi… [+5143 chars]",,fr,'Voiron'
https://www.huffingtonpost.fr/international/article/en-allemagne-ce-projet-nucleaire-qui-implique-la-russie-verra-bien-le-jour-malgre-la-guerre-en-ukraine_292677.html,https://www.huffingtonpost.fr/international/article/en-allemagne-ce-projet-nucleaire-qui-implique-la-russie-verra-bien-le-jour-malgre-la-guerre-en-ukraine_292677.html,0,www.huffingtonpost.fr,"En Allemagne, ce projet nucléaire qui implique la Russie verra bien le jour, malgré la guerre en Ukraine","Le projet controversé de l’entreprise ANF, filiale de l’entreprise française Framatome, en partenariat avec le russe Rosatom, a reçu le feu vert de la région de Basse-Saxe.",https://focus.huffingtonpost.fr/2026/07/22/365/0/5132/2886/1820/1023/75/0/66c8efd_upload-1-qhqti4cd4dkw-afp-20260123-dpa-pa-260123-99-264482-dpai-v1-highres-controlarearadioactive.jpg,2026-07-22T17:13:06Z,,"Le projet fait grincer des dents outre-Rhin. La région allemande de Basse-Saxe, dans le nord-ouest du pays, a autorisé ce mercredi 22 juillet la production par ANF, filiale de lentreprise française F… [+4586 chars]",,fr,'Russie'
https://www.20minutes.fr/monde/ukraine/4235852-20260722-guerre-ukraine-nouveau-chef-armee-kiev-kremlin-moque,https://www.20minutes.fr/monde/ukraine/4235852-20260722-guerre-ukraine-nouveau-chef-armee-kiev-kremlin-moque,0,www.20minutes.fr,"Guerre en Ukraine : Un nouveau chef de l’armée à Kiev, le Kremlin s’en moque","« 20 Minutes » fait le point pour vous tous les soirs sur le conflit en Ukraine. Ce mercredi 22 juillet, le Kremlin a ironisé sur la nomination d’un nouveau chef de l’armée ukrainienne",https://img.20mn.fr/F1dQXLQiRAOaipHAmC6GTSk/1444x920_le-commandant-des-forces-terrestres-ukrainiennes-mykhailo-drapaty-s-adresse-a-des-journalistes-dans-un-lieu-tenu-secret-dans-la-region-de-donetsk-le-6-janvier-2025-au-milieu-de-l-invasion-russe-de-l-ukraine-en-premiere-ligne-des-hommes-de-la-155e-brigade-anne-de-kiev-entraines-en-france-affrontent-deux-ennemis-les-russes-et-les-scandales-qui-ravagent-leur-unite-nommee-d-apres-une-princesse-de-kiev-devenue-reine-de-france-au-moyen-age-et-lancee-en-grande-pompe-par-le-president-emmanuel-macron-la-brigade-etait-censee-etre-une-vitrine-du-partenariat-militaire-entre-l-ukraine-et-la-france-photo-de-genya-savilov-afp,2026-07-22T17:27:36Z,,"Vous avez raté les derniers événements sur la guerre en Ukraine ? 20 Minutes fait le point pour vous tous les soirs. Voici lessentiel de ce mercredi 22 juillet 2026, au 1.609e jour du conflit.
Le fa… [+2831 chars]",,fr,'Kremlin'
https://www.ledauphine.com/tour-de-france/2026/07/22/seixas-masque-des-supporters-en-sous-vetements-des-i-pom-pom-girls-i-les-images-marquantes-de-la-17-sup-e-sup-etape,https://www.ledauphine.com/tour-de-france/2026/07/22/seixas-masque-des-supporters-en-sous-vetements-des-i-pom-pom-girls-i-les-images-marquantes-de-la-17-sup-e-sup-etape,0,www.ledauphine.com,"Tour de France 2026. Seixas masqué, des supporters en sous-vêtements, des pom-pom girls... Les images marquantes de la 17e étape","Retrouvez les images marquantes de la 17e étape du Tour de France, remportée mercredi à Voiron, par le Belge Jasper Philipsen.",https://cdn-s-www.ledauphine.com/images/3EE66ACC-F127-4AA2-B9F2-1FD09F56FDAF/FB1200/photo-1784744189.jpg,2026-07-22T17:52:00Z,,"Le Dauphiné Libéré, en tant que responsable de traitement, recueille dans ce formulaire des informations qui sont enregistrées dans un fichier informatisé par son Service Relations Clients, la finali… [+854 chars]",,fr,'Belge'
https://www.dhnet.be/sports/cyclisme/2026/07/22/tour-de-france-2026-jasper-stuyven-rejoint-a-moins-de-4-km-de-larrivee-jaurais-merite-de-gagner-U362UQ4U7NB7HCF7HM2YZOM35E/,https://www.dhnet.be/sports/cyclisme/2026/07/22/tour-de-france-2026-jasper-stuyven-rejoint-a-moins-de-4-km-de-larrivee-jaurais-merite-de-gagner-U362UQ4U7NB7HCF7HM2YZOM35E/,0,www.dhnet.be,Tour de France 2026 – Jasper Stuyven rejoint à moins de 4 km de l’arrivée : “J’aurais mérité de gagner”,"Parti seul, Jasper Stuyven a été rattrapé par le peloton à moins de 4 kilomètres de l’arrivée à Voiron. ...",https://www.dhnet.be/resizer/v2/TBX42TLSDJBZHKLU73NAXT36WI.jpg?auth=08a1f803c18db4e4bb5a18efc929c42e15870ea6cdee259f735a2851c8b04ea2&width=1200&height=630&quality=85&focal=4128%2C2752,2026-07-22T18:01:02Z,,"Bouteilles de vin personnalisées, QI vélo hors-norme et maison en Afrique du Sud : comment Jasper Stuyven est devenu LE transfert de Soudal Quick-StepOmniprésent sur les classiques printanières où il… [+1001 chars]",,fr,'Voiron'
https://www.ledauphine.com/sport/2026/07/22/ca-va-etre-une-bataille-jusqu-a-paris-philipsen-a-relance-la-lutte-au-maillot-vert,https://www.ledauphine.com/sport/2026/07/22/ca-va-etre-une-bataille-jusqu-a-paris-philipsen-a-relance-la-lutte-au-maillot-vert,0,www.ledauphine.com,Tour de France 2026. « Ça va être une bataille jusqu’à Paris » : Jasper Philipsen a relancé la lutte pour le maillot vert,"Après cinq tops 5 et beaucoup de frustration, Jasper Philipsen a enfin levé les bras mercredi à Voiron. Son onzième succès sur le Tour de France qui lui permet de se relancer dans la course au maillot vert face à Mads Pedersen, alors que sept points seulement…",https://cdn-s-www.ledauphine.com/images/120DB811-4EA8-42E8-8A36-783ECB9A7B4E/FB1200/photo-1784744667.jpg,2026-07-22T18:36:00Z,http://web.archive.org/web/20260723013545/https://www.ledauphine.com/sport/2026/07/22/ca-va-etre-une-bataille-jusqu-a-paris-philipsen-a-relance-la-lutte-au-maillot-vert,"En Chartreuse, la verte fait souvent plus démules que la jaune. Si le pourcentage de chances de voir le maillot jaune échapper à Tadej Pogacar se rapproche de celui dune boisson sans alcool, la lutte… [+520 chars]",,fr,'Paris'
https://www.20minutes.fr/societe/4235860-20260722-affaire-epstein-malgre-mort-daniel-siad-parquet-paris-va-poursuivre-enquete,https://www.20minutes.fr/societe/4235860-20260722-affaire-epstein-malgre-mort-daniel-siad-parquet-paris-va-poursuivre-enquete,0,www.20minutes.fr,"Affaire Epstein : Malgré la mort de Daniel Siad, le parquet de Paris va poursuivre l’enquête","Malgré le décès de Daniel Siad, le parquet de Paris a annoncé la poursuite de son enquête sur le volet français de l’affaire Epstein. Vingt-quatre femmes se sont manifestées depuis la publication des « Epstein files »",https://img.20mn.fr/vUOHgfWkSeCEKyBlWQeVeCk/1444x920_credit-obligatoire-photo-de-bonnie-cash-upi-shutterstock-16920076g-des-pages-reliees-des-fichiers-epstein-sont-exposees-dans-une-exposition-ephemere-the-donald-j-trump-and-jeffrey-epstein-memorial-reading-room-a-washington-dc-le-mardi-9-juin-2026-l-exposition-itinerante-geree-par-l-institute-of-primary-facts-comprend-3-437-volumes-relies-de-documents-et-de-photographies-publies-par-le-ministere-de-la-justice-sur-le-delinquant-sexuel-condamne-jeffrey-epstein-decede-en-2019-salle-de-lecture-commemorative-trump-epstein-a-washington-dc-district-de-columbia-etats-unis-09-juin-2026-shutterstock-editorial-trump-epstein-memorial-reading-16920076g-2606092342,2026-07-22T19:06:20Z,http://web.archive.org/web/20260723001215/https://www.20minutes.fr/societe/4235860-20260722-affaire-epstein-malgre-mort-daniel-siad-parquet-paris-va-poursuivre-enquete,"Le parquet de Paris a confirmé, mercredi, que le décès de Daniel Siad, retrouvé mort lundi à son domicile de Colombes (Hauts-de-Seine), met fin aux poursuites le visant personnellement. En revanche, … [+1798 chars]",,fr,'Paris'
https://www.20minutes.fr/monde/ukraine/4235861-20260722-guerre-ukraine-zelensky-relance-dialogue-emissaires-trump-redynamiser-diplomatie,https://www.20minutes.fr/monde/ukraine/4235861-20260722-guerre-ukraine-zelensky-relance-dialogue-emissaires-trump-redynamiser-diplomatie,0,www.20minutes.fr,Guerre en Ukraine : Zelensky relance le dialogue avec les émissaires de Trump pour « redynamiser la diplomatie »,"Volodymyr Zelensky a échangé avec les émissaires de Donald Trump pour tenter de relancer les négociations de paix avec la Russie, toujours bloquées sur la question des territoires occupés",https://img.20mn.fr/c8jl9NJRTNStBO2lhzvDLyk/1444x920_22-janvier-2026-davos-suisse-le-president-americain-donald-trump-a-droite-serre-la-main-du-president-ukrainien-volodymyr-zelenskyy-a-gauche-avant-le-debut-d-une-reunion-bilaterale-en-marge-du-forum-economique-mondial-annuel-le-22-janvier-2026-a-davos-en-suisse-image-de-credit-presidence-ukrainienne-ukrainian-pre-planet-pix-via-zuma-press-wire-20260122-zaa-p138-002-zeus-2601221656,2026-07-22T19:37:04Z,http://web.archive.org/web/20260722235748/https://www.20minutes.fr/monde/ukraine/4235861-20260722-guerre-ukraine-zelensky-relance-dialogue-emissaires-trump-redynamiser-diplomatie,"Le président ukrainien Volodymyr Zelensky a annoncé, mercredi, avoir échangé avec les émissaires américains de Donald Trump, Steve Witkoff et Jared Kushner, dans lobjectif de relancer les discussions… [+1256 chars]",,fr,'Russie'
https://www.franceinfo.fr/monde/usa/affaire-jeffrey-epstein/affaire-epstein-malgre-la-mort-de-daniel-siad-l-enquete-pour-traite-des-etres-humains-se-poursuit-assure-le-parquet-de-paris_8118455.html,https://www.franceinfo.fr/monde/usa/affaire-jeffrey-epstein/affaire-epstein-malgre-la-mort-de-daniel-siad-l-enquete-pour-traite-des-etres-humains-se-poursuit-assure-le-parquet-de-paris_8118455.html,0,www.franceinfo.fr,"Affaire Epstein : malgré la mort de Daniel Siad, l'enquête pour ""traite des êtres humains"" se poursuit, assure le parquet de Paris","Suspecté d'être l'un des rabatteurs du pédocriminel Jeffrey Epstein à Paris, Daniel Siad, 61 ans, a été retrouvé mort lundi soir à son domicile de Colombes (Hauts-de-Seine).",https://www.franceinfo.fr/pictures/utfcjqmU1X25skJ2rOGq3hqrc8s/0x25:1024x601/1500x843/2026/07/22/6a613a6fa13aa802413982.jpg,2026-07-22T21:50:15Z,,"La procureure de Paris, Laure Beccuau, a déclaré dans un communiqué, mercredi 22 juillet, que la mort de Daniel Siad l'un des rabatteurs présumé du pédocriminel Jeffrey Eptein ne mettait pas fin à l'… [+2034 chars]",,fr,'Paris'
https://www.courrierinternational.com/article/pendant-que-vous-dormiez-canicule-en-france-guerre-en-iran-affaire-epstein-paramount-les-informations-de-la-nuit_252024,https://www.courrierinternational.com/article/pendant-que-vous-dormiez-canicule-en-france-guerre-en-iran-affaire-epstein-paramount-les-informations-de-la-nuit_252024,0,www.courrierinternational.com,"Canicule en France, guerre en Iran, affaire Epstein, Paramount : les informations de la nuit",Les principales actualités de ces dernières heures vues par la presse internationale.,https://focus.courrierinternational.com/2026/07/09/0/0/6000/4000/1200/630/60/0/71308c2_ftp-1-dyrhhafhosao-2026-07-09t135354z-31264806-rc2aamas84ah-rtrmadp-3-europe-weather-france-hospital.JPG,2026-07-23T03:00:12Z,,"France : la canicule de juin a fait près de 6 000 morts en excès. Santé publique France (SpF) a annoncé mercredi avoir enregistré 5 764 décès en excès lors de sa vague de chaleur, tandis que de vaste… [+4330 chars]",,fr,'Paris'
https://www.ledauphine.com/societe/2026/07/23/au-coeur-de-la-caravane-a-voiron-on-voit-rarement-autant-de-monde,https://www.ledauphine.com/societe/2026/07/23/au-coeur-de-la-caravane-a-voiron-on-voit-rarement-autant-de-monde,0,www.ledauphine.com,Tour de France 2026. Au cœur de la caravane à Voiron : « On voit rarement autant de monde »,"Le Dauphiné Libéré a embarqué dans un des véhicules de la caravane publicitaire du Tour de France précédant les coureurs, le long de la 17e  étape qui reliait Chambéry à Voiron, ce mercredi. Entre exaltation du public, affamé de goodies collectors et jovialit…",https://cdn-s-www.ledauphine.com/images/3D776481-3270-407B-8673-A7346FA2F4AD/FB1200/photo-1784754455.jpg,2026-07-23T04:02:00Z,http://web.archive.org/web/20260723080408/https://www.ledauphine.com/societe/2026/07/23/au-coeur-de-la-caravane-a-voiron-on-voit-rarement-autant-de-monde,"« Un bob, un bob ! » Enfants surexcités, retraités assis devant leur camping-car, jeunes costumés en personnages loufoques… Aussi différents les uns des autres, tous les supporters usent de leurs cor… [+380 chars]",,fr,'Chambéry'
https://www.lavenir.net/regions/luxembourg/libin/2026/07/23/le-chef-du-centre-de-redu-jean-luc-trullemans-sur-le-depart-pour-une-mission-de-n2-a-lesa-un-peu-comme-le-ministre-des-affaires-etrangeres-OS3VXXZGGBDFRPEHLIJE6G4HWE/,https://www.lavenir.net/regions/luxembourg/libin/2026/07/23/le-chef-du-centre-de-redu-jean-luc-trullemans-sur-le-depart-pour-une-mission-de-n2-a-lesa-un-peu-comme-le-ministre-des-affaires-etrangeres-OS3VXXZGGBDFRPEHLIJE6G4HWE/,0,www.lavenir.net,"Le chef du centre de Redu, Jean-Luc Trullemans sur le départ pour une mission de n°2 à l’ESA : ""Un peu comme le ministre des Affaires étrangères""","Le Belge deviendra, dès janvier, directeur de la stratégie, des affaires juridiques et extérieures de l'Agence spatiale européenne. Une nouvelle mission pour l'ex-policier après avoir dirigé l'ESEC de Redu. ...",https://www.lavenir.net/resizer/v2/PZRSLPB6PJDDZFSMCUQGMU7WII.jpg?auth=a58929ce2ae2b79da5c2739830083a86be344be07105840bd014f470cbe6155e&width=1200&height=630&quality=85&fitfill=true,2026-07-23T04:15:00Z,http://web.archive.org/web/20260723081607/https://www.lavenir.net/regions/luxembourg/libin/2026/07/23/le-chef-du-centre-de-redu-jean-luc-trullemans-sur-le-depart-pour-une-mission-de-n2-a-lesa-un-peu-comme-le-ministre-des-affaires-etrangeres-OS3VXXZGGBDFRPEHLIJE6G4HWE/,"""Ce poste peut être en quelque sorte comparé à un statut de ministre des Affaires étrangères de l'ESA"", précise Jean-Luc Trullemans.
Soutenu en interne...et convaincu par son épouse
Un nouveau post… [+4638 chars]",,fr,'Belge'
https://www.lavenir.net/sports/cyclisme/2026/07/23/tour-de-france-2026-evenepoel-face-a-del-toro-seixas-et-ayuso-le-grand-duel-pour-le-podium-commence-dans-les-alpes-WSDVTPJCLBHWBDZATOB4OK2E2Y/,https://www.lavenir.net/sports/cyclisme/2026/07/23/tour-de-france-2026-evenepoel-face-a-del-toro-seixas-et-ayuso-le-grand-duel-pour-le-podium-commence-dans-les-alpes-WSDVTPJCLBHWBDZATOB4OK2E2Y/,0,www.lavenir.net,"Tour de France 2026 : Evenepoel face à Del Toro, Seixas et Ayuso, le grand duel pour le podium commence dans les Alpes",Quatre coureurs sont encore en lice pour prendre place aux côtés de Tadej Pogacar sur le podium final à Paris. Une lutte qu’arbitrera la montagne dès ce jeudi sur la route d’Orcières-Merlette. ...,https://www.lavenir.net/resizer/v2/WLGGS7XMAJAL7J37RDE4IGB2VI.jpg?auth=b7a7f321065a7f2f5c2750953dc0f95d1f1171dbdc0b519f9058b265c711626a&width=1200&height=630&quality=85&focal=1632%2C1334,2026-07-23T04:31:00Z,http://web.archive.org/web/20260723130000/https://www.lavenir.net/sports/cyclisme/2026/07/23/tour-de-france-2026-evenepoel-face-a-del-toro-seixas-et-ayuso-le-grand-duel-pour-le-podium-commence-dans-les-alpes-WSDVTPJCLBHWBDZATOB4OK2E2Y/,"Remco Evenepoel : 2e
La forme : un pic programmé pour cette 3e semaine
Vainqueur de deux étapes sur la bascule de la deuxième à la troisième semaine de course (dimanche au plateau de Solaison et ma… [+7056 chars]",,fr,'Paris'
https://www.lalibre.be/international/europe/guerre-ukraine-russie/2026/07/23/les-pays-de-lest-de-leurope-redoutent-une-attaque-russe-moscou-a-lance-la-phase-zero-de-son-affrontement-avec-lotan-Y2NLVQKXLNDRXJCGM6LKA7WGO4/,https://www.lalibre.be/international/europe/guerre-ukraine-russie/2026/07/23/les-pays-de-lest-de-leurope-redoutent-une-attaque-russe-moscou-a-lance-la-phase-zero-de-son-affrontement-avec-lotan-Y2NLVQKXLNDRXJCGM6LKA7WGO4/,0,www.lalibre.be,Les pays de l’Est de l’Europe redoutent une attaque russe : “Moscou a lancé la phase zéro de son affrontement avec l’Otan”,La Pologne alertait mardi sur la tentation des Russes d’utiliser les drones ukrainiens récupérés par leurs soins pour effectuer de “fausses” frappes déviées. ...,https://www.lalibre.be/resizer/v2/VSU5EYK67NDYVET7O2BJRAOEQQ.jpg?auth=63cb50e6b72f3207b63f193c4265d0c8636c766b363abef340593fa74da70445&width=1200&height=630&quality=85&focal=384%2C256,2026-07-23T04:37:34Z,http://web.archive.org/web/20260723102512/https://www.lalibre.be/international/europe/guerre-ukraine-russie/2026/07/23/les-pays-de-lest-de-leurope-redoutent-une-attaque-russe-moscou-a-lance-la-phase-zero-de-son-affrontement-avec-lotan-Y2NLVQKXLNDRXJCGM6LKA7WGO4/,"Azov, mer de la guerre entre Kiev et Moscou : ""Le premier round de la bataille navale est terminé""Le 15 juillet, ces mêmes autorités polonaises alertaient déjà l'Union européenne et l'Otan sur les mi… [+2820 chars]",,fr,'Moscou'
https://www.dhnet.be/actu/societe/2026/07/23/le-produit-est-nocif-pour-les-enfants-la-france-bannit-les-reseaux-sociaux-aux-moins-de-15-ans-la-belgique-toujours-sans-position-claire-H43YLKGQB5CCPLVXNC3OBLUFPI/,https://www.dhnet.be/actu/societe/2026/07/23/le-produit-est-nocif-pour-les-enfants-la-france-bannit-les-reseaux-sociaux-aux-moins-de-15-ans-la-belgique-toujours-sans-position-claire-H43YLKGQB5CCPLVXNC3OBLUFPI/,0,www.dhnet.be,"”Le produit est nocif pour les enfants” : la France bannit les réseaux sociaux aux moins de 15 ans, la Belgique toujours sans position claire","La France va interdire les réseaux sociaux aux moins de 15 ans. Une décision qui intervient alors qu’un rapport européen confirme les risques liés aux plateformes pour les enfants et les adolescents. En Belgique, le débat est lancé, mais l’âge minimum reste e…",https://www.dhnet.be/resizer/v2/4TGICFILYZDVBPOG4SNVCSUJRY.jpg?auth=2ed42d0aee66d9b840af0f47b4c6149942a7f63cd72a27e162c8bbb6a198d230&width=1200&height=630&quality=85&focal=1024%2C683,2026-07-23T04:42:28Z,http://web.archive.org/web/20260723070712/https://www.dhnet.be/actu/societe/2026/07/23/le-produit-est-nocif-pour-les-enfants-la-france-bannit-les-reseaux-sociaux-aux-moins-de-15-ans-la-belgique-toujours-sans-position-claire-H43YLKGQB5CCPLVXNC3OBLUFPI/,"guillement
L'annonce de la France envoie un signal clair aux parents : les réseaux sociaux présentent trop de risques pour les enfants et les adolescents""
Virginie Van der Borght, coordinatrice de … [+6374 chars]",,fr,'Belgique'
https://www.dhnet.be/sports/cyclisme/2026/07/23/tour-de-france-2026-evenepoel-del-toro-seixas-ayuso-notre-match-des-pretendants-au-podium-avant-la-verite-des-alpes-YZVWPFU3ONCAJO5KU5GJECECEQ/,https://www.dhnet.be/sports/cyclisme/2026/07/23/tour-de-france-2026-evenepoel-del-toro-seixas-ayuso-notre-match-des-pretendants-au-podium-avant-la-verite-des-alpes-YZVWPFU3ONCAJO5KU5GJECECEQ/,0,www.dhnet.be,"Tour de France 2026 – Evenepoel, Del Toro, Seixas, Ayuso: notre match des prétendants au podium avant la vérité des Alpes",Quatre coureurs sont encore en lice pour prendre place aux côtés de Tadej Pogacar sur le podium final à Paris. Une lutte qu’arbitrera la montagne dès ce jeudi sur la route d’Orcières-Merlette. ...,https://www.dhnet.be/resizer/v2/WLGGS7XMAJAL7J37RDE4IGB2VI.jpg?auth=b7a7f321065a7f2f5c2750953dc0f95d1f1171dbdc0b519f9058b265c711626a&width=1200&height=630&quality=85&focal=1632%2C1334,2026-07-23T04:44:40Z,,"Remco Evenepoel : 2
La forme : un pic programmé pour cette 3 semaine
Vainqueur de deux étapes sur la bascule de la deuxième à la troisième semaine de course (dimanche au plateau de Solaison et mard… [+7047 chars]",,fr,'Alpes'
https://www.ledauphine.com/sport/2026/07/23/evenepoel-del-toro-seixas-qui-est-le-mieux-arme-pour-le-podium,https://www.ledauphine.com/sport/2026/07/23/evenepoel-del-toro-seixas-qui-est-le-mieux-arme-pour-le-podium,0,www.ledauphine.com,"Tour de France 2026. Remco Evenepoel, Isaac Del Toro, Paul Seixas... Qui est le mieux armé pour le podium ?","La route du Tour de France s’élève dès ce jeudi, à Orcières-Merlette, et restera en altitude jusqu’à samedi. Derrière Tadej Pogacar, qui a tout d’un leader intouchable, et avant ces grandes explications alpestres, deux places restent à pourvoir sur le podium …",https://cdn-s-www.ledauphine.com/images/E3A569A2-EB10-4297-9E9B-8B453BA280CB/FB1200/photo-1784747092.jpg,2026-07-23T04:45:00Z,http://web.archive.org/web/20260724094117/https://www.ledauphine.com/sport/2026/07/23/evenepoel-del-toro-seixas-qui-est-le-mieux-arme-pour-le-podium,"Le Dauphiné Libéré, en tant que responsable de traitement, recueille dans ce formulaire des informations qui sont enregistrées dans un fichier informatisé par son Service Relations Clients, la finali… [+854 chars]",,fr,'Orcières'
https://www.franceinfo.fr/tour-de-france/tour-de-france-2026-la-bataille-pour-le-podium-va-t-elle-s-intensifier-avec-le-retour-en-montagne-entre-evenepoel-del-toro-et-seixas-la-18e-etape-en-questions_8115167.html,https://www.franceinfo.fr/tour-de-france/tour-de-france-2026-la-bataille-pour-le-podium-va-t-elle-s-intensifier-avec-le-retour-en-montagne-entre-evenepoel-del-toro-et-seixas-la-18e-etape-en-questions_8115167.html,0,www.franceinfo.fr,"Tour de France 2026 : la bataille pour le podium va-t-elle s'intensifier avec le retour en montagne entre Evenepoel, Del Toro et Seixas ? La 18e étape en questions","Le peloton s'attaque, jeudi, à la première des trois dernières étapes de montagne avant l'arrivée à Paris.",https://www.franceinfo.fr/pictures/71SvbXxy3m1xwrqNggNVOIw3aKc/0x0:3840x2160/1500x843/2024/06/24/montagne-667962239d0d6671210592.jpg,2026-07-23T04:45:01Z,,"Les grimpeurs seront particulièrement attendus dans cette fin de Tour de France. Le peloton retrouve la montagne, jeudi 23 juillet, entre Voiron (Isère), ville d'arrivée la veille et de départ, jeudi… [+2404 chars]",,fr,'Paris'
https://www.dhnet.be/sports/cyclisme/tour-de-france/2026/07/23/tour-de-france-2026-itineraire-horaires-parcours-adrien-petit-lotto-intermarche-decrypte-la-18e-etape-voiron-orcieres-merlette-1852-km-O3SZMGJCH5HYDKFT4IRHN74SMM/,https://www.dhnet.be/sports/cyclisme/tour-de-france/2026/07/23/tour-de-france-2026-itineraire-horaires-parcours-adrien-petit-lotto-intermarche-decrypte-la-18e-etape-voiron-orcieres-merlette-1852-km-O3SZMGJCH5HYDKFT4IRHN74SMM/,0,www.dhnet.be,"Tour de France 2026 : itinéraire, horaires, parcours, Adrien Petit (Lotto Intermarché) décrypte la 18e étape Voiron – Orcières-Merlette (185,2 km)","Le Tour entre dans les Alpes par une arrivée à Orcières-Merlette. Après plusieurs ascensions d’usure, la montée finale vers la station devrait lancer trois jours décisifs. ...",https://www.dhnet.be/resizer/v2/MKQEHNGD55AEZL6PIAUK6BT7SQ.JPG?auth=41313fa5bb6743ca62c7c5ada548c6adeac44b14dbc37302bd9bd589b5256d22&width=1200&height=630&quality=85&focal=3080%2C1486,2026-07-23T04:48:09Z,http://web.archive.org/web/20260724020357/https://www.dhnet.be/sports/cyclisme/tour-de-france/2026/07/23/tour-de-france-2026-itineraire-horaires-parcours-adrien-petit-lotto-intermarche-decrypte-la-18e-etape-voiron-orcieres-merlette-1852-km-O3SZMGJCH5HYDKFT4IRHN74SMM/,"Le parcours cumule 3 900 mètres de dénivelé. La côte d'Engins, la côte de Monteynard, la côte des Terrasses et la côte de Saint-Léger-les-Mélèzes précèdent la montée finale vers Orcières-Merlette, 7,… [+1839 chars]",,fr,'Alpes'
https://www.20minutes.fr/paris/4235849-20260723-paris-greve-depuis-mois-samusocial-denonce-mise-rue-nombreuses-familles,https://www.20minutes.fr/paris/4235849-20260723-paris-greve-depuis-mois-samusocial-denonce-mise-rue-nombreuses-familles,0,www.20minutes.fr,"Paris : En grève depuis un mois, le Samusocial dénonce la mise à la rue de nombreuses familles","Pour « rééquilibrer les budgets », l’Etat a imposé la réduction de 861 places de logement quotidiennes, exposant 1.200 personnes au risque de perdre leur logement d’urgence",https://img.20mn.fr/l9Jm3Th3RwCId_vLoQxGlyk/1444x920_des-familles-sans-abri-des-benevoles-et-des-grevistes-du-samu-social-de-paris-se-reunissent-sur-le-parvis-du-site-berlier-a-paris-en-france-le-16-juillet-2026-suite-a-l-annonce-d-une-occupation-pour-une-duree-indeterminee-la-veille-au-soir-des-familles-en-attente-d-un-hebergement-d-urgence-ont-passe-la-nuit-sur-place-aux-cotes-de-syndiques-de-la-cgt-et-de-benevoles-d-utopia-56-l-occupation-a-ete-lancee-le-15-juillet-2026-en-reponse-a-la-reduction-imposee-par-l-etat-de-861-places-de-logement-quotidiennes-exposant-1-200-personnes-au-risque-de-perdre-leur-logement-d-urgence-les-grevistes-reclament-la-signature-d-un-protocole-de-resolution-des-conflits-et-la-mise-a-l-abri-immediate-de-toutes-les-personnes-presentes-photo-de-lucas-sansberro-hans-lucas-via-afp,2026-07-23T05:17:37Z,http://web.archive.org/web/20260723100154/https://www.20minutes.fr/paris/4235849-20260723-paris-greve-depuis-mois-samusocial-denonce-mise-rue-nombreuses-familles,"Ce jeudi, le Samusocial organise la « fête de la grève ». Derrière cette formule festive se cache une vraie colère des associations, lesquelles dénoncent la politique daustérité du gouvernement. En g… [+4083 chars]",,fr,'Paris'
https://www.mediapart.fr/journal/politique/230726/louis-andrieux-parlementaire-tortueux,https://www.mediapart.fr/journal/politique/230726/louis-andrieux-parlementaire-tortueux,0,www.mediapart.fr,"Louis Andrieux, parlementaire tortueux","Procureur à 30 ans, fondateur du « Petit Parisien », député puis préfet de police de Paris… Sur le papier, Louis Andrieux est l’incarnation vivante d’un notable de la IIIe République. Mais derrière le grand commis de l’État se cachait un maître manipulateur.",https://static.mediapart.fr/etmagine/og/journal/files/2026/07/21/260720-img-2-serie-deputes-26-louis-andrieux-parlementaire-tortueux-2.jpg,2026-07-23T05:26:37Z,http://web.archive.org/web/20260724033742/https://www.mediapart.fr/journal/politique/230726/louis-andrieux-parlementaire-tortueux,"Les cookies et technologies similaires que nous utilisons sur Mediapart sont de différentes natures et nous permettent de poursuivre différentes finalités. 
Certains sont nécessaires au fonctionneme… [+3291 chars]",,fr,'Paris'
https://www.ledauphine.com/tour-de-france/2026/06/19/18e-etape-du-tour-de-france-voiron-orcieres-le-23-juillet-2026-ou-voir-passer-les-coureurs,https://www.ledauphine.com/tour-de-france/2026/06/19/18e-etape-du-tour-de-france-voiron-orcieres-le-23-juillet-2026-ou-voir-passer-les-coureurs,0,www.ledauphine.com,Cyclisme. 18e étape du Tour de France Voiron - Orcières le 23 juillet 2026 : où voir passer les coureurs ?,"Entre l'Isère et les Hautes-Alpes, début d'une grande trilogie dans les Alpes avec cette 18e étape courue entre Voiron et Orcières-Merlette.",https://cdn-s-www.ledauphine.com/images/116F689A-C664-48E7-8528-E45A2D0B08D7/FB1200/photo-1781794477.jpg,2026-07-23T05:41:00Z,http://web.archive.org/web/20260723073945/https://www.ledauphine.com/tour-de-france/2026/06/19/18e-etape-du-tour-de-france-voiron-orcieres-le-23-juillet-2026-ou-voir-passer-les-coureurs,"À quatre jours de l'arrivée finale sur les Champs-Elysées à Paris, les coureurs du Tour de France 2026 bouclent cette troisième semaine de course avec 3 étapes de montagne dans les Alpes. La première… [+4478 chars]",,fr,'Alpes'
https://www.bfmtv.com/international/moyen-orient/jean-noel-barrot-annonce-que-les-diplomates-agresses-en-iran-sont-rentres-a-paris_AV-202607230110.html,https://www.bfmtv.com/international/moyen-orient/jean-noel-barrot-annonce-que-les-diplomates-agresses-en-iran-sont-rentres-a-paris_AV-202607230110.html,0,www.bfmtv.com,"Jean-Noël Barrot annonce que les diplomates agressés en Iran sont ""rentrés à Paris""","Invité de France Inter ce jeudi 23 juillet, Jean-Noël Barrot annoncé que les deux diplomates français agressés en Iran ""sont rentrés à Paris hier"". Le ministre dénonce une ""agression extrêmement grave"".",https://images.bfmtv.com/yY8UE2mWmVQL7lz7tGDKzkopJg0=/0x106:2048x1258/2048x0/images/Jean-Noel-Barrot-ministre-francais-des-Affaires-etrangeres-le-3-juin-2026-au-palais-de-l-Elysee-a-Paris-2322804.jpg,2026-07-23T05:58:00Z,http://web.archive.org/web/20260724022631/https://www.bfmtv.com/international/moyen-orient/jean-noel-barrot-annonce-que-les-diplomates-agresses-en-iran-sont-rentres-a-paris_AV-202607230110.html,"Invité de France Inter ce jeudi 23 juillet, Jean-Noël Barrot annoncé que les deux diplomates français agressés en Iran ""sont rentrés à Paris hier"". Le ministre dénonce une ""agression extrêmement grav… [+652 chars]",,fr,'Paris'
https://www.franceinfo.fr/coupe-du-monde/les-francais-ont-mise-un-montant-record-d-1-3-milliard-d-euros-en-paris-sportifs-pendant-la-coupe-du-monde_8118779.html,https://www.franceinfo.fr/coupe-du-monde/les-francais-ont-mise-un-montant-record-d-1-3-milliard-d-euros-en-paris-sportifs-pendant-la-coupe-du-monde_8118779.html,0,www.franceinfo.fr,"Les Français ont misé un montant record d'1,3 milliard d'euros en paris sportifs pendant la Coupe du monde","Révélé en exclusivité par France Inter, ce chiffre s'explique, selon l'Autorité nationale des jeux, par l'ampleur de la compétition : 48 équipes en lice. Et c'est sans surprise la demi-finale France-Espagne qui a recueilli le plus de mises de l'histoire en Fr…",https://www.franceinfo.fr/pictures/dCpFsGT76M5mL927LdHJbKimfBw/0x260:5000x3073/1500x843/2026/07/23/6a61adff332c2307877981.jpg,2026-07-23T06:02:26Z,,"Les Français ont misé 1,3 milliard d'euros dans des paris sportifs en ligne pendant la Coupe du monde 2026, un montant record, selon le bilan de l'Autorité nationale des jeux (ANJ), révélé en exclusi… [+1731 chars]",,fr,'France'
https://www.jeuneafrique.com/1825953/politique/gabon-france-les-coulisses-de-la-visite-detat-doligui-nguema-a-paris-entre-faste-et-compromis/,https://www.jeuneafrique.com/1825953/politique/gabon-france-les-coulisses-de-la-visite-detat-doligui-nguema-a-paris-entre-faste-et-compromis/,0,www.jeuneafrique.com,"Gabon-France : les coulisses de la visite d’État d’Oligui Nguema à Paris, entre faste et compromis","En déroulant le tapis rouge au président gabonais, Emmanuel Macron remercie un allié fidèle. Parmi les sujets délicats, la transformation locale de manganèse produit par Eramet, objet d’un discret bras de fer.","https://prod.cdn-medias.jeuneafrique.com/cdn-cgi/image/q=auto,f=auto,metadata=none,width=1280,height=720,fit=cover/https://prod.cdn-medias.jeuneafrique.com/medias/2026/07/22/jad20270722-ass-visite-oligui-nguema-macron-france-gabon.jpg",2026-07-23T06:05:35Z,http://web.archive.org/web/20260724020725/https://www.jeuneafrique.com/1825953/politique/gabon-france-les-coulisses-de-la-visite-detat-doligui-nguema-a-paris-entre-faste-et-compromis/,"En visite dÉtat en France du 20 au 23 juillet, le président gabonais,Brice Clotaire Oligui Nguema, a bénéficié dun accueil presque aussi fastueux quil y a quarante-deux ans, lorsque ce privilège fut … [+225 chars]",,fr,'France'
https://www.20minutes.fr/faits_divers/4235886-20260723-dj-barbara-butch-va-porter-plainte-contre-lfi-provocation-haine-violence,https://www.20minutes.fr/faits_divers/4235886-20260723-dj-barbara-butch-va-porter-plainte-contre-lfi-provocation-haine-violence,0,www.20minutes.fr,La DJ Barbara Butch va porter plainte contre LFI pour provocation à la haine et à la violence,"Barbara Butch dépose plainte ce jeudi contre La France insoumise, certains de ses élus, le média d’extrême droite OMERTA et Alain Soral, après l’interruption de son concert à Grenoble par des militants",https://img.20mn.fr/Q2Up1_XESzeTjXlvZvimLyk/1444x920_barbara-butch-dj-et-productrice-la-5e-edition-de-l-evenement-we-are-french-touch-organise-par-la-banque-publique-d-investissement-bpi-france-et-la-french-touch-dedie-aux-industries-et-entreprises-du-secteur-culturel-et-creatif-au-palais-brongniart-a-paris-le-26-novembre-2025-photo-olivier-juszczak-sipa-la-5e-edition-de-l-evenement-we-are-french-touch-organise-par-la-banque-publique-d-investissement-bpi-france-et-la-french-touch-consacre-aux-industries-et-aux-entreprises-du-secteur-de-la-culture-et-de-la-creation-au-palais-brongniart-a-paris-le-26-novembre-2025-juszczakolivier-251126-bpi-048-credit-olivier-juszczak-sipa-2511262321,2026-07-23T06:29:41Z,http://web.archive.org/web/20260723105548/https://www.20minutes.fr/faits_divers/4235886-20260723-dj-barbara-butch-va-porter-plainte-contre-lfi-provocation-haine-violence,"Cinq jours après linterruption de son concert à Grenoble, Barbara Butch va déposer plainte ce jeudi à lencontre de La France insoumise, a annoncé son avocate Me Audrey Msellati. Le spectacle de la DJ… [+1807 chars]",,fr,'Grenoble'
https://atlantico.fr/article/decryptage/iran-revelations-sur-ce-livre-apocalyptique-qui-inspire-la-derniere-garde-du-regime-des-mollahs-emmanuel-razavi,https://atlantico.fr/article/decryptage/iran-revelations-sur-ce-livre-apocalyptique-qui-inspire-la-derniere-garde-du-regime-des-mollahs-emmanuel-razavi,0,atlantico.fr,Iran : révélations sur ce livre apocalyptique qui inspire la dernière garde du régime des mollahs,"Un document que nous nous sommes procuré éclaire d'un jour nouveau la dérive du régime iranien. Intitulé « Les six derniers mois avant la fin », cet ouvrage messianique irrigue aujourd'hui les cercles dirigeants d'une République islamique en roue libre. À sa …",https://atlantico.codexcdn.net/assets/aszOnZOYmPCdpUpMk.jpg?width=1600&height=900&quality=75,2026-07-23T06:38:00Z,http://web.archive.org/web/20260723105716/https://atlantico.fr/article/decryptage/iran-revelations-sur-ce-livre-apocalyptique-qui-inspire-la-derniere-garde-du-regime-des-mollahs-emmanuel-razavi,"Emmanuel Razavi est grand reporter, spécialiste du Moyen-Orient. Il collabore notamment avec Paris Match, Figaro-Magazine, Franc-Tireur, Atlantico, Politique Internationale, Écran de Veille et Valeur… [+544 chars]",,fr,'République islamique'
https://www.lalibre.be/sports/cyclisme/2026/07/23/evenepoel-del-toro-seixas-ayuso-les-alpes-en-arbitre-du-podium-de-ce-tour-de-france-2026-WKRUJFGX5BBDRGIP5JMQZ3L33Y/,https://www.lalibre.be/sports/cyclisme/2026/07/23/evenepoel-del-toro-seixas-ayuso-les-alpes-en-arbitre-du-podium-de-ce-tour-de-france-2026-WKRUJFGX5BBDRGIP5JMQZ3L33Y/,0,www.lalibre.be,"Evenepoel, Del Toro, Seixas, Ayuso: les Alpes en arbitre du podium de ce Tour de France 2026",Quatre coureurs sont encore en lice pour prendre place aux côtés de Tadej Pogacar sur le podium final à Paris. Une lutte qu’arbitrera la montagne dès ce jeudi sur la route d’Orcières-Merlette. ...,https://www.lalibre.be/resizer/v2/5SRWDERVCZGUHNMIN2YVYBQUH4.jpg?auth=e2077109fa14423379fe116e73e7574e79b2efab9665448b3e44326fc8f25c67&width=1200&height=630&quality=85&focal=2368%2C1578,2026-07-23T06:58:14Z,,"Remco Evenepoel : 2
La forme : un pic programmé pour cette 3 semaine
Vainqueur de deux étapes sur la bascule de la deuxième à la troisième semaine de course (dimanche au plateau de Solaison et mard… [+6937 chars]",,fr,'Paris'
https://www.ledauphine.com/culture-loisirs/2026/07/23/au-louvre-i-la-joconde-i-va-demenager-dans-une-nouvelle-salle-d-exposition-un-risque-potentiel,https://www.ledauphine.com/culture-loisirs/2026/07/23/au-louvre-i-la-joconde-i-va-demenager-dans-une-nouvelle-salle-d-exposition-un-risque-potentiel,0,www.ledauphine.com,"Paris. Au Louvre, La Joconde va déménager dans une nouvelle salle d'exposition : un risque potentiel ?","D’ici 2031, Mona Lisa doit rejoindre un nouveau sanctuaire sous la Cour carrée du Louvre - un déplacement qui, pour ce panneau vieux de 500 ans jugé fragile, menace 20 ans d’efforts de stabilisation.",https://cdn-s-www.ledauphine.com/images/29F73492-A9B1-421D-8F68-CD5B8DD40E2A/FB1200/photo-1784735908.jpg,2026-07-23T07:00:00Z,,"Mercredi, la galerie dApollon a rouvert ses portes au Louvre à Paris - sans vitrines ni bijoux, neuf mois après le spectaculaire cambriolage. Une réouverture qui rappelle, à quelques salles de là, la… [+2358 chars]",,fr,'Paris'
https://www.lalibre.be/sports/cyclisme/2026/07/23/jasper-philipsen-ou-leloge-de-la-patience-on-va-essayer-de-gagner-a-paris-ZYFUUQZ3H5AJBFNDEYDEQPUNZM/,https://www.lalibre.be/sports/cyclisme/2026/07/23/jasper-philipsen-ou-leloge-de-la-patience-on-va-essayer-de-gagner-a-paris-ZYFUUQZ3H5AJBFNDEYDEQPUNZM/,0,www.lalibre.be,"Jasper Philipsen ou l’éloge de la patience : ""On va essayer de gagner à Paris""","Jasper Philipsen a dû attendre le 17e jour de course pour enfin lever les bras. Il a gagné, au moins une étape, lors de chacune des cinq dernières éditions. ...",https://www.lalibre.be/resizer/v2/Y2ZUIU7UTVEB5JXVNVMHMJQXGE.jpg?auth=e72acbb9f9f5fc70a9462b8e0ea888bf7a7b0c694779820eb16ba1a06b41c95a&width=1200&height=630&quality=85&focal=3564%2C2376,2026-07-23T07:07:30Z,,"Evenepoel, Del Toro, Seixas, Ayuso: les Alpes en arbitre du podium de ce Tour de France 2026""Le niveau est tellement élevé que ça devient de plus en plus difficile de s'adjuger une étape, répondit le… [+2986 chars]",,fr,'Paris'
https://www.ledauphine.com/tour-de-france/2026/07/23/de-l-isere-aux-hautes-alpes-vivez-l-ambiance-de-la-18e-etape-entre-voiron-et-orcieres-merlette,https://www.ledauphine.com/tour-de-france/2026/07/23/de-l-isere-aux-hautes-alpes-vivez-l-ambiance-de-la-18e-etape-entre-voiron-et-orcieres-merlette,0,www.ledauphine.com,Tour de France 2026. De l'Isère aux Hautes-Alpes en passant par le Vercors... Vivez l'ambiance de la 18e étape entre Voiron et Orcières-Merlette,"Le peloton a fait son entrée dans l'Isère mercredi soir après la victoire de Jasper Phlipsen. Ce jeudi, le Tour de France poursuit sa route en direction des Hautes-Alpes, avec une 18e étape tracée entre Voiron et Orcières-Merlette. Vivez en direct l'ambiance …",https://cdn-s-www.ledauphine.com/images/E94BFF7A-0C7D-41D8-BF40-1355C1843C2E/FB1200/photo-1784793103.jpg,2026-07-23T08:07:00Z,,"Le Dauphiné Libéré, en tant que responsable de traitement, recueille dans ce formulaire des informations qui sont enregistrées dans un fichier informatisé par son Service Relations Clients, la finali… [+854 chars]",,fr,'Voiron'
https://www.lejournaldesentreprises.com/breve/alpina-savoie-consolide-sa-gamme-de-ble-dur-bio-francais-2147064,https://www.lejournaldesentreprises.com/breve/alpina-savoie-consolide-sa-gamme-de-ble-dur-bio-francais-2147064,0,www.lejournaldesentreprises.com,Alpina Savoie consolide sa gamme de blé dur bio français,"Le fabricant de pâtes centenaire Alpina Savoie (59M € de CA en 2024), basé à Chambéry, prépare sa prochaine campagne de récolte de blé dur bio avec son réseau de producteurs partenaires.",https://www.lejournaldesentreprises.com/sites/lejournaldesentreprises.com/files/styles/landscape_web_lg_2x/public/2026-07/Le-plus-ancien-pastier-franais-Alpina-Savoie-c-8816477.jpeg?h=4a7d1ed4&itok=gmz0hLwd,2026-07-23T08:15:00Z,,"Le plus ancien pastier français, Alpina Savoie, croit toujours dans le bio et lalimentation responsable
 — Photo : Benot Gillardeau
Le fabricant de pâtes centenaire Alpina Savoie (59M de CA en 2024… [+739 chars]",,fr,'Chambéry'
https://www.franceinfo.fr/tour-de-france/direct-tour-de-france-la-derniere-chance-pour-une-victoire-francaise-suivez-la-redoutable-etape-alpine-entre-voiron-et-orcieres-merlette-avec-nous_8118881.html,https://www.franceinfo.fr/tour-de-france/direct-tour-de-france-la-derniere-chance-pour-une-victoire-francaise-suivez-la-redoutable-etape-alpine-entre-voiron-et-orcieres-merlette-avec-nous_8118881.html,0,www.franceinfo.fr,DIRECT. Tour de France : la dernière chance pour une victoire française ? Suivez la redoutable étape alpine entre Voiron et Orcières-Merlette avec nous,Le premier volet de la trilogie alpine du Tour constitue la dernière occasion pour un baroudeur de s'imposer. Mais il devra s'agir d'un coureur particulièrement costaud vu les 3 900 mètres de dénivelé positif au programme des coureurs de la Grande Boucle.,https://www.franceinfo.fr/pictures/8Eib0moHZsCYkWGMYXheez0HtNI/0x228:4380x2692/1500x843/2026/07/23/6a61cd416a64e870258296.jpg,2026-07-23T08:32:19Z,,"La station d'Orcières-Merlette est entrée dans l'histoire du Tour de France en 1971, quand une offensive de grande ampleur de l'Espagnol Luis Ocana avait délogé Eddy Merckx du maillot jaune. A priori… [+1975 chars]",,fr,'Voiron'
https://www.dhnet.be/sports/cyclisme/tour-de-france/2026/07/23/tour-de-france-lespagnol-jose-felix-parra-poignet-fracture-renonce-a-prendre-le-depart-de-la-18e-etape-JT7RJJMYJZFHXPMT2YNUMHTMWU/,https://www.dhnet.be/sports/cyclisme/tour-de-france/2026/07/23/tour-de-france-lespagnol-jose-felix-parra-poignet-fracture-renonce-a-prendre-le-depart-de-la-18e-etape-JT7RJJMYJZFHXPMT2YNUMHTMWU/,0,www.dhnet.be,"Tour de France: l'Espagnol José Félix Parra, poignet fracturé, renonce à prendre le départ de la 18e étape","Il n'y aura que 163 coureurs au départ de la 18e étape du Tour de France, jeudi à Voiron en direction d'Orcières-Merlette (185,2 km). ...",https://www.dhnet.be/resizer/v2/VYP7IW4TT5GADP5PQOAUEBFRP4.jpg?auth=2483cc9fa640eb76561cd8aa740094f72a24de6275a47c849e6303f2d42112fc&width=1200&height=630&quality=85&focal=4128%2C2752,2026-07-23T09:25:48Z,http://web.archive.org/web/20260723202145/https://www.dhnet.be/sports/cyclisme/tour-de-france/2026/07/23/tour-de-france-lespagnol-jose-felix-parra-poignet-fracture-renonce-a-prendre-le-depart-de-la-18e-etape-JT7RJJMYJZFHXPMT2YNUMHTMWU/,L'Espagnol José Félix Parra ne pourra prendre le départ a annoncé sa formation espagnole Caja Rural-Seguros RGA. Il est le 21e coureur à abandonner cette 113e édition de la Grande Boucle et le 3e de … [+290 chars],,fr,'Voiron'
https://www.ledauphine.com/tour-de-france/2026/07/23/pres-de-4-000-metres-de-denivele-les-grimpeurs-veulent-briller-suivez-la-18e-etape,https://www.ledauphine.com/tour-de-france/2026/07/23/pres-de-4-000-metres-de-denivele-les-grimpeurs-veulent-briller-suivez-la-18e-etape,0,www.ledauphine.com,"Tour de France 2026. Près de 4 000 mètres de dénivelé, les grimpeurs veulent briller... Suivez la 18e étape","Le peloton de la Grande Boucle entame le dernier gros morceau de cette 113e édition ce jeudi, à l'occasion de la première vraie étape alpestre, entre Voiron et Orcières-Merlette. L'occasion pour les grimpeurs distancés au classement général de briller. Suivez…",https://cdn-s-www.ledauphine.com/images/B2F40A00-20BE-46F5-AAB5-6BA32120A0AF/FB1200/photo-1784799281.jpg,2026-07-23T09:30:00Z,,"Le Dauphiné Libéré, en tant que responsable de traitement, recueille dans ce formulaire des informations qui sont enregistrées dans un fichier informatisé par son Service Relations Clients, la finali… [+854 chars]",,fr,'Voiron'
https://france3-regions.franceinfo.fr/auvergne-rhone-alpes/haute-savoie/des-clous-et-de-l-huile-retrouves-sur-le-parcours-du-tour-de-france-de-la-betise-humaine-et-la-mise-en-danger-de-la-vie-d-autrui-3390844.html,https://france3-regions.franceinfo.fr/auvergne-rhone-alpes/haute-savoie/des-clous-et-de-l-huile-retrouves-sur-le-parcours-du-tour-de-france-de-la-betise-humaine-et-la-mise-en-danger-de-la-vie-d-autrui-3390844.html,0,france3-regions.franceinfo.fr,"Des clous et de l’huile retrouvés sur le parcours du Tour de France : ""De la bêtise humaine"" et ""la mise en danger de la vie d'autrui""","De l’huile et des clous ont été dispersés sur le parcours du contre-la-montre entre Évian-les-Bains et Thonon-les-Bains, 16e étape du Tour de France 2026, mardi 21 juillet. Nicolas Rubin, maire de Châtel et vice-président du Département de la Haute-Savoie, dé…",https://france3-regions.franceinfo.fr/image/qGy0y00MmQuhyRUDff5ewJqMGhc/930x620/regions/2026/07/23/6a61e46066422217746762.jpg,2026-07-23T09:57:52Z,,"De lhuile et des clous ont été dispersés sur le parcours du contre-la-montre entre Évian-les-Bains et Thonon-les-Bains, 16e étape du Tour de France 2026, mardi 21 juillet. Nicolas Rubin, maire de Châ… [+1727 chars]",,fr,'Thonon-les-Bains'
https://www.20minutes.fr/sport/cyclisme/tour-de-france/4235941-20260723-direct-tour-france-2026-grosse-journee-maillot-pois-paret-peintre-doit-briller-suivez-18e-etape,https://www.20minutes.fr/sport/cyclisme/tour-de-france/4235941-20260723-direct-tour-france-2026-grosse-journee-maillot-pois-paret-peintre-doit-briller-suivez-18e-etape,0,www.20minutes.fr,EN DIRECT Tour de France 2026 : Paret-Peintre fait le plein pour le maillot à pois... Grégoire dans le bon coup... Suivez la 18e étape avec nous…,"Suivez en direct avec nous la 18e étape du Tour de France 2026, qui s’achèvera en haut d’une montée de 1ère catégorie à Orcières-Merlette",https://img.20mn.fr/ztkdHtyJTE2ZrXyDBCtwWyk/1444x920_le-francais-valentin-paret-peintre-de-soudal-quick-step-a-la-fin-de-la-dix-septieme-etape-du-113e-tour-de-france-cycliste-sur-174-7-kilometres-108-5-miles-avec-depart-a-chambery-et-arrivee-a-voiron-en-france-le-mercredi-22-juillet-2026-jeep-vidon-tdfs17-jeep-vidon027-credit-jeep-vidon-sipa-2607221930,2026-07-23T10:57:37Z,http://web.archive.org/web/20260724034620/https://www.20minutes.fr/sport/cyclisme/tour-de-france/4235941-20260723-direct-tour-france-2026-grosse-journee-maillot-pois-paret-peintre-doit-briller-suivez-18e-etape,"Quentin Ballue, Nicolas Camus
Publié le 23/07/2026 à 12h57 Mis à jour le 23/07/2026 à 16h40",,fr,'Orcières'
https://www.huffingtonpost.fr/france/article/les-incendies-dans-le-var-et-la-gironde-preoccupent-a-cause-de-la-meteo-tres-defavorable_292980.html,https://www.huffingtonpost.fr/france/article/les-incendies-dans-le-var-et-la-gironde-preoccupent-a-cause-de-la-meteo-tres-defavorable_292980.html,0,www.huffingtonpost.fr,Les incendies dans le Var et la Gironde préoccupent à cause de la météo très défavorable,"Les feux qui ont parcouru environ 3 000 hectares dans les deux départements sont favorisés par les conditions météo, qui peuvent compliquer le travail des pompiers.",https://focus.huffingtonpost.fr/2026/07/23/304/0/5839/3284/1820/1023/75/0/2ec2032_upload-1-ntl70gt6sbxs-afp-20260723-c2xc3eg-v1-highres-francewildfireenvironment.jpg,2026-07-23T12:53:03Z,,"Plus de 3 100 hectares parcourus dans les Landes aquitaines et 2 500 hectares dans le Var. Ce jeudi 23 juillet est marqué par des incendies dampleur dans lHexagone, alors que les pompiers sont déjà m… [+4854 chars]",,fr,'Rhône'
https://www.presse-citron.net/cest-fini-pourquoi-waze-et-google-maps-ne-donnent-plus-les-trajets-les-plus-rapides-en-france/,https://www.presse-citron.net/cest-fini-pourquoi-waze-et-google-maps-ne-donnent-plus-les-trajets-les-plus-rapides-en-france/,0,www.presse-citron.net,C’est fini : pourquoi Waze et Google Maps ne donnent plus les trajets les plus rapides en France ?,Une évolution qui est très loin de faire l’unanimité.,https://www.presse-citron.net/app/uploads/2025/03/Waze-1500x900.jpg,2026-07-23T13:36:12Z,http://web.archive.org/web/20260723173252/https://www.presse-citron.net/cest-fini-pourquoi-waze-et-google-maps-ne-donnent-plus-les-trajets-les-plus-rapides-en-france/,"Si vous utilisez les applications Waze ou Google Maps au quotidien, vous avez peut-être remarqué cette évolution sur les recommandations des trajets. Cest un changement majeur sur ces deux services t… [+2671 chars]",,fr,'France'
https://www.20minutes.fr/societe/4235978-20260723-comportement-feu-difficile-anticiper-ur-incendie-eprouve-gironde,https://www.20minutes.fr/societe/4235978-20260723-comportement-feu-difficile-anticiper-ur-incendie-eprouve-gironde,0,www.20minutes.fr,« Le comportement du feu est difficile à anticiper »… Au cœur de l’incendie qui éprouve la Gironde,"« 20 Minutes » s’est rendu avec les pompiers de la Gironde au cœur de l’incendie qui ravage une partie du Médoc depuis mercredi, et qui se dirige ce jeudi vers Lège-Cap-Ferret",https://img.20mn.fr/KD70S04cQMKVdxgG8sp2vyk/1444x920_les-pompiers-luttaient-contre-les-reprises-de-feu-pres-du-porge-ce-jeudi,2026-07-23T14:23:37Z,http://web.archive.org/web/20260723231128/https://www.20minutes.fr/societe/4235978-20260723-comportement-feu-difficile-anticiper-ur-incendie-eprouve-gironde,"De notre envoyé spécial,
Lincendie qui sest déclaré mercredi à Saumos, près de Lacanau en Gironde, une zone très boisée, continue de se propager. Jeudi vers 14h30, il avait déjà parcouru 3.400 hecta… [+4711 chars]",,fr,'Gironde'
https://www.ledauphine.com/faits-divers-justice/2026/07/23/un-homme-retrouve-mort-a-aime-la-plagne-le-suspect-place-en-detention-provisoire,https://www.ledauphine.com/faits-divers-justice/2026/07/23/un-homme-retrouve-mort-a-aime-la-plagne-le-suspect-place-en-detention-provisoire,0,www.ledauphine.com,Savoie. Homme retrouvé mort à Aime-la-Plagne : le suspect placé en détention provisoire,"Dimanche 19 juillet, Le Dauphiné Libéré vous révélait qu'un homme de 48 ans avait été tué à son domicile, tôt dans la matinée.",https://cdn-s-www.ledauphine.com/images/C7E89BEA-048B-4C13-81C7-93BE51B4F918/FB1200/photo-1784654106.jpg,2026-07-23T14:29:00Z,http://web.archive.org/web/20260723170658/https://www.ledauphine.com/faits-divers-justice/2026/07/23/un-homme-retrouve-mort-a-aime-la-plagne-le-suspect-place-en-detention-provisoire,"Dimanche 19 juillet, Le Dauphiné Libéré vous révélait qu'un homme de 48 ans avait été tué à son domicile, tôt dans la matinée. Il habitait dans le hameau de Montgilbert, sur les hauteurs d'Aime-la-Pl… [+1515 chars]",,fr,'Chambéry'
https://www.lalibre.be/economie/conjoncture/2026/07/23/la-capacite-de-nuisance-des-houthis-depasse-largement-le-blocage-de-bab-el-mandeb-S6LQKLNW7FGARN5CVONMAVIWFU/,https://www.lalibre.be/economie/conjoncture/2026/07/23/la-capacite-de-nuisance-des-houthis-depasse-largement-le-blocage-de-bab-el-mandeb-S6LQKLNW7FGARN5CVONMAVIWFU/,0,www.lalibre.be,”La capacité de nuisance des Houthis dépasse largement le blocage de Bab-el-Mandeb”,"Selon l’expert Francis Perrin, les Houthis disposent de plusieurs cibles pétrolières en Arabie saoudite. ...",https://www.lalibre.be/resizer/v2/ZXK4M7RHMZAA5MWAXLIITUZEIY.jpg?auth=629940ad8cf0a294ae8c6e1f016f75f9c604e5e3fe5eb91d0548b25f2b47b96b&width=1200&height=630&quality=85&focal=3066%2C2044,2026-07-23T14:58:58Z,http://web.archive.org/web/20260724055842/https://www.lalibre.be/economie/conjoncture/2026/07/23/la-capacite-de-nuisance-des-houthis-depasse-largement-le-blocage-de-bab-el-mandeb-S6LQKLNW7FGARN5CVONMAVIWFU/,"""Un blocage du détroit de Bab-el-Mandeb aurait un impact nettement moins important sur le marché pétrolier mondial que celui d'Ormuz, estime cet expert. En effet, même s'il est parfois nécessaire de … [+2341 chars]",,fr,'Arabie saoudite'
https://www.franceinfo.fr/tour-de-france/richard-carapaz-s-offre-une-deuxieme-victoire-en-carriere-sur-le-tour-de-france-en-remportant-la-18e-etape_8119409.html,https://www.franceinfo.fr/tour-de-france/richard-carapaz-s-offre-une-deuxieme-victoire-en-carriere-sur-le-tour-de-france-en-remportant-la-18e-etape_8119409.html,0,www.franceinfo.fr,Richard Carapaz s'offre une deuxième victoire en carrière sur le Tour de France en remportant la 18e étape,"L’Equatorien s’est imposé en solitaire après avoir porté deux attaques consécutives dans la montée vers Orcières-Merlette, jeudi. A l’arrivée, le coureur EF Education devance le Suisse Mauro Schmid (Team Jayco AIUla) et Matteo Jorgenson (Team Visma | Lease a …",https://www.franceinfo.fr/pictures/vB_tI27uFoVFk1f0a_XM8CEyeF0/74x0:458x682/fit-in/1500x843/filters:upscale():fill(blur)/2026/07/23/6a6234ad591ef735346835.jpg,2026-07-23T15:50:38Z,http://web.archive.org/web/20260726014611/https://www.franceinfo.fr/tour-de-france/richard-carapaz-s-offre-une-deuxieme-victoire-en-carriere-sur-le-tour-de-france-en-remportant-la-18e-etape_8119409.html,"La Quotidienne Sport
Recevez à 8h30 notre sélection de lactualité sportive : articles, résultats, vidéos
France Télévisions utilise votre adresse e-mail pour vous adresser la newsletter ""La Quotidi… [+866 chars]",,fr,'Orcières'
https://www.franceinfo.fr/tour-de-france/videos/video-le-resume-de-la-victoire-en-solitaire-de-richard-carapaz-sur-la-18e-etape-du-tour-de-france_8119412.html,https://www.franceinfo.fr/tour-de-france/videos/video-le-resume-de-la-victoire-en-solitaire-de-richard-carapaz-sur-la-18e-etape-du-tour-de-france_8119412.html,0,www.franceinfo.fr,VIDEO. Le résumé de la victoire en solitaire de Richard Carapaz sur la 18e étape du Tour de France,"L'Equatorien a remporté à Orcières-Merlette, jeudi, sa deuxième victoire en carrière sur la Grande Boucle.",https://www.franceinfo.fr/pictures/UDSNgayv6LUPwYaWBR82a83wSl8/0x0:1024x576/1500x843/2026/07/23/6a6234de6086f179161825.jpg,2026-07-23T15:53:48Z,,"L'Equatorien a remporté à Orcières-Merlette, jeudi, sa deuxième victoire en carrière sur la Grande Boucle.
Richard Carapaz est enfin récompensé. A l'attaque lors de la 10e étape, avant de se faire a… [+992 chars]",,fr,'Orcières'
https://www.courrierinternational.com/article/criminalite-en-asie-la-nouvelle-menace-des-deepfakes-boostes-a-l-ia-qui-clonent-les-hommes-politiques_252129,https://www.courrierinternational.com/article/criminalite-en-asie-la-nouvelle-menace-des-deepfakes-boostes-a-l-ia-qui-clonent-les-hommes-politiques_252129,0,www.courrierinternational.com,"En Asie, la nouvelle menace des deepfakes boostés à l’IA qui clonent les hommes politiques",Les réseaux criminels en Asie du Sud-Est créent des clones des personnalités politiques pour convaincre leurs victimes de donner de l’argent. Une tendance redoutable laissant les autorités de régulation inquiètes et dépassées.,https://focus.courrierinternational.com/2026/07/23/0/0/5362/3575/1200/630/60/0/0e76e58_upload-1-athxjaamwsx1-075-jung-policybr260319-npe1r.jpg,2026-07-23T15:58:23Z,,"Un rapport dInterpol, lorganisation internationale de la police criminelle, publié en juin alerte sur lampleur de la menace que lutilisation par les réseaux criminels de lintelligence artificielle (I… [+1060 chars]",,fr,'Asie'
https://www.journaldugeek.com/dossier/jai-achete-sur-whatnot-pendant-des-mois-et-ca-ne-sest-pas-passe-comme-prevu/,https://www.journaldugeek.com/dossier/jai-achete-sur-whatnot-pendant-des-mois-et-ca-ne-sest-pas-passe-comme-prevu/,0,www.journaldugeek.com,"J’ai acheté sur Whatnot pendant des mois, et ça ne s’est pas passé comme prévu","Une salle des ventes filmée en permanence, où n'importe qui peut ouvrir un live et vendre au plus offrant en quelques minutes. C'est la promesse de Whatnot, application américaine de live shopping qui a explosé en France ces deux dernières années.",https://www.journaldugeek.com/app/uploads/2026/07/whatnot-live-shopping-enchere-test-experience-1600x900.jpeg,2026-07-23T16:03:15Z,,"Sacs de créateurs, boosters Pokémon, fringues de déstockage, colis perdus rachetés en gros : j’y ai acheté de tout, parfois avec de vraies bonnes affaires à la clé, parfois en me faisant piéger par l… [+10595 chars]",,fr,'France'
https://www.dhnet.be/sports/cyclisme/tour-de-france/2026/07/23/tour-de-france-2026-wellens-malade-termine-de-justesse-dans-les-delais-dans-nimporte-quelle-autre-course-on-abandonnerait-PD5OJC7SRBGLFGOLTX45M4SYIM/,https://www.dhnet.be/sports/cyclisme/tour-de-france/2026/07/23/tour-de-france-2026-wellens-malade-termine-de-justesse-dans-les-delais-dans-nimporte-quelle-autre-course-on-abandonnerait-PD5OJC7SRBGLFGOLTX45M4SYIM/,0,www.dhnet.be,"Tour de France 2026: Wellens, malade, termine de justesse dans les délais : ""Dans n'importe quelle autre course, on abandonnerait""","Tim Wellens (UAE Emirates-XRG) a réussi de justesse à terminer dans le délai imparti jeudi, lors de l'étape alpine du Tour de France menant à Orcières-Merlette. Le coureur limbourgeois, coéquipier du maillot jaune Tadej Pogačar, est malade et espère désormais…",https://www.dhnet.be/resizer/v2/ZNNXQO5LOVEL5PXCUTZBH2CO7Q.jpg?auth=f84b5c6f2f2848c58da18d058ae68ca3d288fcc2a196ef024df0641a98b595f6&width=1200&height=630&quality=85&focal=2789%2C1926,2026-07-23T17:11:28Z,http://web.archive.org/web/20260724083409/https://www.dhnet.be/sports/cyclisme/tour-de-france/2026/07/23/tour-de-france-2026-wellens-malade-termine-de-justesse-dans-les-delais-dans-nimporte-quelle-autre-course-on-abandonnerait-PD5OJC7SRBGLFGOLTX45M4SYIM/,"Wellens a terminé dernier de l'étape, avec un retard de 43 minutes et 2 secondes, ne conservant que deux minutes de marge sur la limite de temps autorisée. L'avant-dernier coureur avait franchi la li… [+411 chars]",,fr,'Orcières'
https://www.dhnet.be/sports/cyclisme/tour-de-france/2026/07/23/tour-de-france-pogacar-et-uae-tremblent-a-cause-des-maladies-qui-frappent-leur-equipe-il-faudra-une-equipe-solide-samedi-JBJDXWV4PJD3FBVXXUKBQBXDWM/,https://www.dhnet.be/sports/cyclisme/tour-de-france/2026/07/23/tour-de-france-pogacar-et-uae-tremblent-a-cause-des-maladies-qui-frappent-leur-equipe-il-faudra-une-equipe-solide-samedi-JBJDXWV4PJD3FBVXXUKBQBXDWM/,0,www.dhnet.be,"Tour de France - Pogacar et UAE tremblent à cause des maladies qui frappent leur équipe: ""Il faudra une équipe solide samedi""","La première étape alpestre du Tour de France, jeudi vers Orcières-Merlette, n'a pas mené à une grosse lutte entre les coureurs du général, mais le maillot jaune Tadej Pogacar a perdu un équipier, Brandon McNulty, alors que son équipe UAE Emirates-XRG apparait…",https://www.dhnet.be/resizer/v2/FKLPPAHBJFAIZLTEWNSD4YKFV4.jpg?auth=d6a0933cdef1d487d9e36ff1c1f9e4116e812c582fe64e0ca9cdf20ce789c8ef&width=1200&height=630&quality=85&focal=4320%2C2880,2026-07-23T17:17:55Z,http://web.archive.org/web/20260724034842/https://www.dhnet.be/sports/cyclisme/tour-de-france/2026/07/23/tour-de-france-pogacar-et-uae-tremblent-a-cause-des-maladies-qui-frappent-leur-equipe-il-faudra-une-equipe-solide-samedi-JBJDXWV4PJD3FBVXXUKBQBXDWM/,"L'avis de notre consultant Axel Merckx sur la 18e étape du Tour de France : ""Remco a peut-être une opportunité à saisir""Pogacar reconnait que les maladies qui touchent son équipe pourraient avoir un … [+831 chars]",,fr,'Orcières'
https://www.20minutes.fr/planete/canicule/4236057-20260723-pluie-surtout-orages-attendus-france-week-end,https://www.20minutes.fr/planete/canicule/4236057-20260723-pluie-surtout-orages-attendus-france-week-end,0,www.20minutes.fr,De la pluie mais surtout des orages attendus en France ce week-end,"Après une journée de vendredi marquée par de très fortes chaleurs, Météo-France prévoit un net changement de temps avec le retour des orages et de la pluie ce week-end",https://img.20mn.fr/rL6IIIUBSwOJct6AdqKRgSk/1444x920_credit-obligatoire-photo-d-action-press-shutterstock-12150294a-dans-la-nuit-du-dimanche-20-juin-2021-au-lundi-21-juin-2021-de-violents-orages-se-sont-produits-au-dessus-de-la-thuringe-des-centaines-de-flashs-se-sont-decharges-orage-erfurt-thuringe-allemagne-20-juin-2021-shutterstock-editorial-thunderstorm-erfurt-thuringia-12150294a-2106211907,2026-07-23T17:20:41Z,http://web.archive.org/web/20260724020012/https://www.20minutes.fr/planete/canicule/4236057-20260723-pluie-surtout-orages-attendus-france-week-end,"Gare aux orages ! Météo-France annonce une nette évolution des conditions météorologiques entre vendredi et dimanche. Avant le changement de temps, la chaleur sintensifiera encore vendredi, particuli… [+1622 chars]",,fr,'France'
https://www.ledauphine.com/faits-divers-justice/2026/07/23/marseille-un-concert-du-chanteur-franco-israelien-amir-annule-apres-des-appels-au-boycott,https://www.ledauphine.com/faits-divers-justice/2026/07/23/marseille-un-concert-du-chanteur-franco-israelien-amir-annule-apres-des-appels-au-boycott,0,www.ledauphine.com,Marseille. Un concert du chanteur franco-israélien Amir annulé après des appels au boycott,"Un concert prévu dimanche à Marseille du chanteur Amir, cible d'appel au boycott de militants propalestiniens, a été annulé pour « raisons de sécurité ».",https://cdn-s-www.ledauphine.com/images/2D02A50E-EEAC-4FB9-8327-D48249779D37/FB1200/photo-1784827568.jpg,2026-07-23T17:25:00Z,http://web.archive.org/web/20260724022537/https://www.ledauphine.com/faits-divers-justice/2026/07/23/marseille-un-concert-du-chanteur-franco-israelien-amir-annule-apres-des-appels-au-boycott,"Un concert gratuit prévu dimanche à Marseille (Bouches-du-Rhône) du chanteur franco-israélien Amir, cible d'appel au boycott de militants propalestiniens, a été annulé pour « raisons de sécurité » pa… [+1726 chars]",,fr,'Palestine'
https://www.lavenir.net/sports/cyclisme/2026/07/23/tour-de-france-2026-lequipier-de-pogacar-tim-wellens-malade-termine-de-justesse-dans-les-delais-heureusement-tadej-na-rien-UGX2KY2MK5FKHDDA7MCKAJYSD4/,https://www.lavenir.net/sports/cyclisme/2026/07/23/tour-de-france-2026-lequipier-de-pogacar-tim-wellens-malade-termine-de-justesse-dans-les-delais-heureusement-tadej-na-rien-UGX2KY2MK5FKHDDA7MCKAJYSD4/,0,www.lavenir.net,"Tour de France 2026: l'équipier de Pogacar Tim Wellens, malade, termine de justesse dans les délais : ""Heureusement, Tadej n'a rien""","Tim Wellens (UAE Emirates-XRG) a réussi de justesse à terminer dans le délai imparti ce jeudi 23 juillet 2026, lors de l'étape alpine du Tour de France menant à Orcières-Merlette. Le coureur limbourgeois, coéquipier du maillot jaune Tadej Pogačar, est malade …",https://www.lavenir.net/resizer/v2/MM3E3FE66NB57PMVBIULRT3CJI.jpg?auth=261bb51ba97c8a7026711fefca50b25b61e823060d6714de77022b1457cc08bf&width=1200&height=630&quality=85&focal=3737%2C2491,2026-07-23T17:29:07Z,,"Tim Wellens a terminé dernier de l'étape, avec un retard de 43 minutes et 2 secondes, ne conservant que deux minutes de marge sur la limite de temps autorisée. L'avant-dernier coureur avait franchi l… [+415 chars]",,fr,'Orcières'
https://www.franceinfo.fr/culture/un-concert-d-amir-annule-a-marseille-pour-raisons-de-securite-apres-des-appels-au-boycott-propalestinien_8119625.html,https://www.franceinfo.fr/culture/un-concert-d-amir-annule-a-marseille-pour-raisons-de-securite-apres-des-appels-au-boycott-propalestinien_8119625.html,0,www.franceinfo.fr,"Un concert d'Amir annulé à Marseille pour ""raisons de sécurité"" après des appels au boycott propalestinien","Le collectif Union Palestine Marseille, qui avait appelé au boycott de son concert gratuit dans la cité phocéenne, s'est félicité de ce qu'il a qualifié de ""victoire de la mobilisation populaire"". De son côté, le Crif exprime ""sa profonde inquiétude"".",https://www.franceinfo.fr/pictures/VU4nZif8vjpRMLLTwpd3SLR32aE/0x0:1024x576/1500x843/2026/07/23/6a623f0735433896128008.jpg,2026-07-23T17:32:54Z,,"Quelques jours après l'interruption d'un concert de la DJ Barbara Butch, un concert gratuit prévu dimanche à Marseille du chanteur franco-israélien Amir, cible d'appel au boycott de militants propale… [+1575 chars]",,fr,'Marseille'
https://www.dhnet.be/sports/cyclisme/2026/07/23/abandon-de-mcnulty-wellens-et-yates-malades-cest-lhecatombe-chez-uae-et-si-le-nouvel-adversaire-de-tadej-pogacar-etait-un-virus-SMTU5742XFBO3GW4OJ6OV3MZMA/,https://www.dhnet.be/sports/cyclisme/2026/07/23/abandon-de-mcnulty-wellens-et-yates-malades-cest-lhecatombe-chez-uae-et-si-le-nouvel-adversaire-de-tadej-pogacar-etait-un-virus-SMTU5742XFBO3GW4OJ6OV3MZMA/,0,www.dhnet.be,"Abandon de McNulty, Wellens et Yates malades, c’est l’hécatombe chez UAE : et si le nouvel adversaire de Tadej Pogacar était… un virus","Après Adam Yates mercredi, Tim Wellens est lui aussi tombé malade et a dû se battre pour terminer dans les délais à Orcières-Merlette alors que Brandon McNulty a été contraint à l’abandon. Un contexte angoissant pour l’équipe UAE du maillot jaune. ...",https://www.dhnet.be/resizer/v2/R5ERYNFQIJFG7FYXPZENUQ56HM.jpg?auth=ae174b250217e84cf690345cbb89c04d329649ec22f7acf9b2f2ed73f24d9b9b&width=1200&height=630&quality=85&focal=1632%2C1114,2026-07-23T18:14:21Z,http://web.archive.org/web/20260724101045/https://www.dhnet.be/sports/cyclisme/2026/07/23/abandon-de-mcnulty-wellens-et-yates-malades-cest-lhecatombe-chez-uae-et-si-le-nouvel-adversaire-de-tadej-pogacar-etait-un-virus-SMTU5742XFBO3GW4OJ6OV3MZMA/,"""Sur toute autre course, n'importe quel coureur dans mon état aurait abandonné aujourd'hui, soufflait le coureur de chez UAE. Mais on ne pense pas de la même manière quand on est engagé sur le Tour d… [+4758 chars]",,fr,'Orcières'
https://www.dhnet.be/medias/musique/2026/07/23/un-concert-du-chanteur-amir-annule-apres-des-appels-au-boycott-la-decision-fait-debat-AN7QWK55INB7LLQXQNTA6K6POY/,https://www.dhnet.be/medias/musique/2026/07/23/un-concert-du-chanteur-amir-annule-apres-des-appels-au-boycott-la-decision-fait-debat-AN7QWK55INB7LLQXQNTA6K6POY/,0,www.dhnet.be,Un concert du chanteur Amir annulé après des appels au boycott,Amir ne chantera pas à Marseille ce dimanche 26 juillet. ...,https://www.dhnet.be/resizer/v2/NDZDJX32DZAELG3WSJLEYH2IQ4.jpg?auth=3ec9d427045c7a17ee8ba5387d17401fec5802c4de41fb309a3a0ede421d9355&width=1200&height=630&quality=85&focal=1706%2C1137,2026-07-23T18:26:21Z,http://web.archive.org/web/20260723214532/https://www.dhnet.be/medias/musique/2026/07/23/un-concert-du-chanteur-amir-annule-apres-des-appels-au-boycott-la-decision-fait-debat-AN7QWK55INB7LLQXQNTA6K6POY/,"""Pour des raisons de sécurité, la session du Sunset Live prévue ce dimanche 26 juillet aux Terrasses du Port est annulée"", écrit la direction du centre dans un post Facebook.
Amir réagit à la polémi… [+1545 chars]",,fr,'Marseille'
https://www.ledauphine.com/tour-de-france/2026/07/23/paul-seixas-garde-son-masque-julian-alaphilippe-la-victoire-de-richard-carapaz-a-orcieres-revivez-en-images-la-18e-etape,https://www.ledauphine.com/tour-de-france/2026/07/23/paul-seixas-garde-son-masque-julian-alaphilippe-la-victoire-de-richard-carapaz-a-orcieres-revivez-en-images-la-18e-etape,0,www.ledauphine.com,"Tour de France 2026. Paul Seixas garde son masque, Julian Alaphilippe, la victoire de Richard Carapaz à Orcières... revivez en images la 18e étape","Pas moins de 185km, près de 4 000m de dénivelé positif avalé par les coureurs entre Voiron (Isère) et Orcières (Hautes-Alpes), la 18e étape du Tour de France 2026 a fait des dégats dans le peloton. Mais il y avait du monde au départ, sur la route et à l'arriv…",https://cdn-s-www.ledauphine.com/images/F50C8A4C-7B6A-4F6E-AEB6-9F0D4C91F0A6/FB1200/photo-1784831013.jpg,2026-07-23T18:37:00Z,http://web.archive.org/web/20260724020811/https://www.ledauphine.com/tour-de-france/2026/07/23/paul-seixas-garde-son-masque-julian-alaphilippe-la-victoire-de-richard-carapaz-a-orcieres-revivez-en-images-la-18e-etape,"Le Dauphiné Libéré, en tant que responsable de traitement, recueille dans ce formulaire des informations qui sont enregistrées dans un fichier informatisé par son Service Relations Clients, la finali… [+854 chars]",,fr,'Voiron'
https://www.lavenir.net/sports/cyclisme/2026/07/23/abandon-de-mcnulty-wellens-et-yates-malades-un-virus-decime-lequipe-de-tadej-pogacar-sur-le-tour-de-france-KQ42GM2BONBAVIECUWTALAVHTU/,https://www.lavenir.net/sports/cyclisme/2026/07/23/abandon-de-mcnulty-wellens-et-yates-malades-un-virus-decime-lequipe-de-tadej-pogacar-sur-le-tour-de-france-KQ42GM2BONBAVIECUWTALAVHTU/,0,www.lavenir.net,"Abandon de McNulty, Wellens et Yates malades : un virus décime l'équipe de Tadej Pogacar sur le Tour de France","Après Adam Yates mercredi, Tim Wellens est lui aussi tombé malade et a dû se battre pour terminer dans les délais à Orcières-Merlette alors que Brandon McNulty a été contraint à l’abandon. Un contexte angoissant pour l’équipe UAE du maillot jaune. ...",https://www.lavenir.net/resizer/v2/R5ERYNFQIJFG7FYXPZENUQ56HM.jpg?auth=ae174b250217e84cf690345cbb89c04d329649ec22f7acf9b2f2ed73f24d9b9b&width=1200&height=630&quality=85&focal=1632%2C1114,2026-07-23T20:43:09Z,http://web.archive.org/web/20260724094427/https://www.lavenir.net/sports/cyclisme/2026/07/23/abandon-de-mcnulty-wellens-et-yates-malades-un-virus-decime-lequipe-de-tadej-pogacar-sur-le-tour-de-france-KQ42GM2BONBAVIECUWTALAVHTU/,"""Sur toute autre course, n'importe quel coureur dans mon état aurait abandonné aujourd'hui, soufflait le coureur de chez UAE. Mais on ne pense pas de la même manière quand on est engagé sur le Tour d… [+5003 chars]",,fr,'Orcières'
https://www.ledauphine.com/sport/2026/07/24/les-infos-de-ce-vendredi-24-juillet,https://www.ledauphine.com/sport/2026/07/24/les-infos-de-ce-vendredi-24-juillet,0,www.ledauphine.com,"L'essentiel du sport dans nos régions. Richard Carapaz victorieux avant l'Alpe d'Huez, nouvelle chance de médaille pour Angèle Hug... les infos de ce vendredi 24 juillet","L'Equatorien Richard Carapaz s'est imposé à Orcières-Merlette avant deux journées folles autour de l'Alpe d'Huez ; après sa médaille de bronze par équipes, l'Ardéchoise Angèle Hug va disputer l'épreuve individuelle de canoë slalom des Mondiaux d'Oklahoma City…",https://cdn-s-www.ledauphine.com/images/4980A0EA-0A39-4802-ACC1-6156F87085B3/FB1200/photo-1784826184.jpg,2026-07-24T04:30:00Z,,"Le Dauphiné Libéré, en tant que responsable de traitement, recueille dans ce formulaire des informations qui sont enregistrées dans un fichier informatisé par son Service Relations Clients, la finali… [+854 chars]",,fr,'Orcières'
https://www.mediapart.fr/journal/ecologie/240726/il-arrive-droit-sur-nous-en-gironde-le-combat-pied-pied-face-aux-flammes,https://www.mediapart.fr/journal/ecologie/240726/il-arrive-droit-sur-nous-en-gironde-le-combat-pied-pied-face-aux-flammes,0,www.mediapart.fr,"«Il arrive droit sur nous»: en Gironde, le combat pied à pied face aux flammes","La préfète a ordonné vendredi l’évacuation de la très touristique presqu’île du Cap-Ferret, au nord du bassin d’Arcachon. Récit d’une journée où la région a sombré peu à peu dans le brouillard de l’incendie, qui a parcouru plus de 8 700 hectares.",https://static.mediapart.fr/etmagine/og/journal/files/2026/07/24/260724-incendie-lege-cap-ferret.jpg,2026-07-24T06:24:07Z,http://web.archive.org/web/20260725071554/https://www.mediapart.fr/journal/ecologie/240726/il-arrive-droit-sur-nous-en-gironde-le-combat-pied-pied-face-aux-flammes,"Les cookies et technologies similaires que nous utilisons sur Mediapart sont de différentes natures et nous permettent de poursuivre différentes finalités. 
Certains sont nécessaires au fonctionneme… [+3291 chars]",,fr,'Gironde'
https://www.lalibre.be/sports/cyclisme/2026/07/24/un-invite-surprise-seme-la-pagaille-dans-lequipe-de-tadej-pogacar-je-vais-esperer-que-le-temps-fera-son-oeuvre-RZA6H4S35ZBTPND2TCPWWDODWU/,https://www.lalibre.be/sports/cyclisme/2026/07/24/un-invite-surprise-seme-la-pagaille-dans-lequipe-de-tadej-pogacar-je-vais-esperer-que-le-temps-fera-son-oeuvre-RZA6H4S35ZBTPND2TCPWWDODWU/,0,www.lalibre.be,"Un invité surprise sème la pagaille dans l'équipe de Tadej Pogacar : ""Je vais espérer que le temps fera son œuvre""","Après Adam Yates mercredi, Tim Wellens est lui aussi tombé malade et a dû se battre pour terminer dans les délais à Orcières-Merlette alors que Brandon McNulty a été contraint à l’abandon. Un contexte angoissant pour l’équipe UAE du maillot jaune. ...",https://www.lalibre.be/resizer/v2/DQ3Y7QEIHVAHDLOCS4GBWABSNQ.jpg?auth=2a6b2e68329cffcd991727d0369cf3183a33fbde3c4a51bf42d79e0ad409e08e&width=1200&height=630&quality=85&focal=3879%2C2586,2026-07-24T06:43:36Z,http://web.archive.org/web/20260725015737/https://www.lalibre.be/sports/cyclisme/2026/07/24/un-invite-surprise-seme-la-pagaille-dans-lequipe-de-tadej-pogacar-je-vais-esperer-que-le-temps-fera-son-oeuvre-RZA6H4S35ZBTPND2TCPWWDODWU/,"""Sur toute autre course, n'importe quel coureur dans mon état aurait abandonné aujourd'hui, soufflait le coureur de chez UAE. Mais on ne pense pas de la même manière quand on est engagé sur le Tour d… [+4618 chars]",,fr,'Orcières'
https://www.franceinfo.fr/faits-divers/noyades/un-enfant-de-2-ans-se-noie-dans-une-piscine-privee-en-isere_8120255.html,https://www.franceinfo.fr/faits-divers/noyades/un-enfant-de-2-ans-se-noie-dans-une-piscine-privee-en-isere_8120255.html,0,www.franceinfo.fr,Un enfant de 2 ans se noie dans une piscine privée en Isère,L'enfant a échappé à la vigilance de ses parents jeudi soir. Les pompiers n'ont pas pu le ranimer.,https://www.franceinfo.fr/pictures/QwJmVd_nQerWLxRiUttQNrgpNic/0x7:2000x1132/1500x843/2026/07/24/6a630bf9d0d45756018775.jpg,2026-07-24T06:55:39Z,http://web.archive.org/web/20260724070855/https://www.franceinfo.fr/faits-divers/noyades/un-enfant-de-2-ans-se-noie-dans-une-piscine-privee-en-isere_8120255.html,"Un enfant de 2 ans est mort noyé dans une piscine privée à l'Isle-d'Abeau (Isère) jeudi soir, a vendredi 24 juillet appris ICI Isère auprès des pompiers.
Les secours ont été appelés vers 21 heures p… [+344 chars]",,fr,'Isère'
https://www.ledauphine.com/sport/2026/07/24/le-peloton-a-l-assaut-de-l-alpe-d-huez-vivez-l-ambiance-de-la-19e-etape-au-depart-de-gap,https://www.ledauphine.com/sport/2026/07/24/le-peloton-a-l-assaut-de-l-alpe-d-huez-vivez-l-ambiance-de-la-19e-etape-au-depart-de-gap,0,www.ledauphine.com,Tour de France 2026. Le peloton à l'assaut de l'Alpe d'Huez... Vivez l'ambiance de la 19e étape au départ de Gap,"Après l'arrivée à Orcières-Merlette qui a vu Richard Caparaz s'imposer, le Tour de France prend la direction de l'Alpe d'Huez depuis Gap ce vendredi à l'occasion de la 19e étape. Vivez l'ambiance au bord des routes.",https://cdn-s-www.ledauphine.com/images/33EF1141-8288-44DB-A851-E4400945ED86/FB1200/photo-1784877540.jpg,2026-07-24T08:00:00Z,http://web.archive.org/web/20260725051034/https://www.ledauphine.com/sport/2026/07/24/le-peloton-a-l-assaut-de-l-alpe-d-huez-vivez-l-ambiance-de-la-19e-etape-au-depart-de-gap,"Le Dauphiné Libéré, en tant que responsable de traitement, recueille dans ce formulaire des informations qui sont enregistrées dans un fichier informatisé par son Service Relations Clients, la finali… [+854 chars]",,fr,'Orcières'
https://www.huffingtonpost.fr/france/article/incendies-c-est-quoi-les-sautes-de-feu-ce-phenomene-qui-complique-le-travail-des-pompiers-dans-les-landes-et-en-gironde_293374.html,https://www.huffingtonpost.fr/france/article/incendies-c-est-quoi-les-sautes-de-feu-ce-phenomene-qui-complique-le-travail-des-pompiers-dans-les-landes-et-en-gironde_293374.html,0,www.huffingtonpost.fr,"Incendies : C’est quoi les « sautes de feu », ce phénomène qui complique le travail des pompiers dans les Landes et en Gironde ?","La forêt des Landes de Gascogne, en Gironde et dans les Landes, est particulièrement concernée par ce risque.",https://focus.huffingtonpost.fr/2026/07/23/600/0/5754/3236/1820/1023/75/0/2d2fa1b_upload-1-vfcj46fwc807-afp-20260722-c2wk3xp-v1-highres-francewildfireenvironment.jpg,2026-07-24T08:27:12Z,,"Le phénomène vient compliquer le travail des sapeurs-pompiers dans les Landes. Le feu qui est en cours autour de Biscarrosse saccompagne de « très nombreuses sautes de feu », a indiqué le préfet des … [+2997 chars]",,fr,'Gironde'
https://www.challenges.fr/economie/les-etats-unis-imposent-de-nouveaux-droits-de-douane-a-une-soixantaine-deconomies-pourquoi-cest-un-repit-pour-lue_645011,https://www.challenges.fr/economie/les-etats-unis-imposent-de-nouveaux-droits-de-douane-a-une-soixantaine-deconomies-pourquoi-cest-un-repit-pour-lue_645011,0,www.challenges.fr,Les États-Unis imposent de nouveaux droits de douane à une soixantaine d’économies : pourquoi c’est un répit pour l’UE ?,"Les Etats-Unis ont lancé ce vendredi 24 juillet de nouveaux droits de douane de 10 % à 12,5 % contre une soixantaine d’économies dont l’UE, qui a réagi en se « félicitant » que ces mesures tarifaires respectent leur accord commercial. Car Bruxelles craignait …",https://www.challenges.fr/_ipx/f_jpg&enlarge_true&s_1200x630/cha/static/2026-07/59446.HR_0.jpg%3FVersionId=AWzjZB.V1.G28fQ3bdK3FQLyBrnee9rB,2026-07-24T08:56:00Z,,Le lancement par les Etats-Unis dune nouvelle salve de barrières tarifaires ne donnera pas lieu à une énième passe darmes avec Bruxelles. Alors que Washington a instauré ce vendredi 24 juillet des dr… [+6841 chars],,fr,'Wellington'
https://www.telerama.fr/arts-expositions/les-plus-belles-expos-a-voir-cet-ete-en-france-et-en-europe-1542-7031740.php,https://www.telerama.fr/arts-expositions/les-plus-belles-expos-a-voir-cet-ete-en-france-et-en-europe-1542-7031740.php,0,www.telerama.fr,"Les plus belles expos à voir cet été, en France et en Europe","Rothko face à ses maîtres à Florence, Pont-Aven nouvelle capitale des sculptrices, des rêveries maritimes à Auxerre, Matisse à Paris, Monet au Havre… Cet été, prenez le large en beauté partout dans l’Hexagone, et ailleurs.",https://focus.telerama.fr/2026/06/19/541/67/2883/1922/1200/800/60/0/6737c3b_upload-1-lmawo0jeyi5f-p105-lc-149-target-1961.jpg,2026-07-24T09:15:42Z,,"Pour soutenir le travail de toute une rédaction, abonnez-vousPourquoi voyez-vous ce message ?
 Vous avez choisi de ne pas accepter le dépôt de ""cookies"" sur votre navigateur, qui permettent notammen… [+616 chars]",,fr,'Paris'
https://www.20minutes.fr/diaporama/diaporama-4236117-images-terribles-incendies-menacent-cap-ferret-biscarrosse,https://www.20minutes.fr/diaporama/diaporama-4236117-images-terribles-incendies-menacent-cap-ferret-biscarrosse,0,www.20minutes.fr,Les images des terribles incendies qui menacent le Cap-Ferret et Biscarrosse,"Deux incendies sont en cours en Gironde et dans les Landes, entraînant l'évacuation de dizaines de milliers de personnes",https://img.20mn.fr/BV-AO4XxQfWQ6SYuiCN5ySk/1444x920_ce-couple-a-pris-ce-qu-il-a-pu-avant-de-partir-de-lege-cap-ferret-dans-la-nuit-de-jeudi-a-vendredi-l-ordre-d-evacuation-a-ete-donne-pour-l-ensemble-de-la-presqu-ile,2026-07-24T09:28:07Z,http://web.archive.org/web/20260724214536/https://www.20minutes.fr/diaporama/diaporama-4236117-images-terribles-incendies-menacent-cap-ferret-biscarrosse,"Les habitants et vacanciers décrivent des scènes d'apocalypse. L'incendie qui menace la presqu'île du Cap-Ferret, en Gironde, a parcouru depuis mercredi plus de 10.000 hectares, a indiqué ce vendredi… [+467 chars]",,fr,'Gironde'
https://theconversation.com/aretes-de-poisson-quarantaine-et-vaccination-les-armes-des-aborigenes-contre-la-variole-287598,https://theconversation.com/aretes-de-poisson-quarantaine-et-vaccination-les-armes-des-aborigenes-contre-la-variole-287598,0,theconversation.com,"Arêtes de poisson, quarantaine et vaccination : les armes des Aborigènes contre la variole","Longtemps, les historiens ont surtout étudié les origines de l’épidémie de variole qui a ravagé le sud-est de l’Australie au début des années 1830. De nouvelles recherches montrent que les peuples aborigènes ne furent pas seulement des victimes…",https://images.theconversation.com/files/747989/original/file-20260602-71-rmwkk4.jpg?ixlib=rb-4.1.1&rect=31%2C135%2C658%2C329&q=45&auto=format&w=1356&h=668&fit=crop,2026-07-24T09:49:04Z,http://web.archive.org/web/20260725015708/https://theconversation.com/aretes-de-poisson-quarantaine-et-vaccination-les-armes-des-aborigenes-contre-la-variole-287598,"Les peuples wiradjuri, gomeroi et wailwan des plaines et des régions fluviales ne sont pas restés passifs face à la variole. Ici les plaines de Bathurst et la colonie de Nouvelle-Galles du Sud, repré… [+10273 chars]",,fr,'Australie'
https://www.ledauphine.com/tour-de-france/2026/07/24/bagarre-attendue-entre-favoris-l-alpe-d-huez-en-ebullition-avant-le-depart-de-gap-suivez-la-19e-etape,https://www.ledauphine.com/tour-de-france/2026/07/24/bagarre-attendue-entre-favoris-l-alpe-d-huez-en-ebullition-avant-le-depart-de-gap-suivez-la-19e-etape,0,www.ledauphine.com,"Tour de France 2026. Bagarre attendue entre favoris, l'Alpe d'Huez en ébullition avant le départ de Gap... Suivez la 19e étape","Au départ de Gap après la victoire de Richard Carapaz jeudi à Orcières-Merlette, le peloton reste en haute altitude ce vendredi pour prendre la direction de l'Alpe d'Huez. Une arrivée mythique après 21 virages qui s'annoncent bouillants, tant par les attaques…",https://cdn-s-www.ledauphine.com/images/2E57DFD2-14D8-4E10-A8DD-D974305BD775/FB1200/photo-1784887479.jpg,2026-07-24T10:12:00Z,http://web.archive.org/web/20260725021116/https://www.ledauphine.com/tour-de-france/2026/07/24/bagarre-attendue-entre-favoris-l-alpe-d-huez-en-ebullition-avant-le-depart-de-gap-suivez-la-19e-etape,"A trois jours de l'arrivée à Paris, la première des deux arrivées à l'Alpe d'Huez promet des attaques entre favoris ce vendredi sur la 19e étape du Tour de France. Le peloton s'élance de Gap avec des… [+615 chars]",,fr,'Orcières'
https://www.huffingtonpost.fr/france/article/incendies-dans-les-landes-et-en-gironde-ce-que-l-on-sait-de-l-origine-des-feux_293472.html,https://www.huffingtonpost.fr/france/article/incendies-dans-les-landes-et-en-gironde-ce-que-l-on-sait-de-l-origine-des-feux_293472.html,0,www.huffingtonpost.fr,Incendies dans les Landes et en Gironde : Ce que l’on sait de l’origine des feux,"La piste accidentelle est privilégiée, à cette heure, pour les deux incendies en cours, dans les Landes et en Gironde.",https://focus.huffingtonpost.fr/2026/07/24/311/0/6048/3402/1820/1023/75/0/b056ac4_upload-1-xdkn9e9occti-afp-20260723-c3277tf-v5-highres-topshotfranceenvironmentclimateweatherwildfire.jpg,2026-07-24T10:14:05Z,,"En parallèle de la lutte contre les flammes, les investigations pour identifier lorigine des incendies dans les Landes et en Gironde progressent. Les feux ont respectivement parcouru plus de 2 500 et… [+3076 chars]",,fr,'Gironde'
https://www.telerama.fr/musique/a-marseille-le-concert-d-amir-annule-pour-raison-de-securite-7032180.php,https://www.telerama.fr/musique/a-marseille-le-concert-d-amir-annule-pour-raison-de-securite-7032180.php,0,www.telerama.fr,"À Marseille, le concert d’Amir annulé pour raisons de sécurité",Le chanteur franco-israélien fait l’objet d’un appel au boycott du collectif Union Palestine Marseille.,https://focus.telerama.fr/2026/07/24/0/6/6036/4024/1200/800/60/0/93afc95_upload-1-41uwpy55rxcr-sipa-01225725-000080.jpg,2026-07-24T10:27:00Z,,"Le chanteur franco-israélien fait lobjet dun appel au boycott du collectif Union Palestine Marseille.
 Amir
Leurs voix pour lespoir a lOlympia 10eme edition. Paris, FRANCE - 17/10/2022//CL2PNEWS_16… [+3258 chars]",,fr,'Marseille'
https://www.20minutes.fr/societe/4236136-20260724-incendies-cas-ordre-evacuation-risquent-personnes-veulent-quitter-logement,https://www.20minutes.fr/societe/4236136-20260724-incendies-cas-ordre-evacuation-risquent-personnes-veulent-quitter-logement,0,www.20minutes.fr,"Incendies : En cas d’ordre d’évacuation, que risquent les personnes qui ne veulent pas quitter leur logement ?","Alors que les incendies dans le sud-ouest menacent la presqu’île du Cap Ferret et Biscarrosse, des dizaines de milliers de riverains et de touristes ont dû évacuer leur logement ou leur camping",https://img.20mn.fr/O678Xl6rQ5az3CELPnAcwCk/1444x920_des-habitants-regardent-de-la-fumee-s-elever-pres-d-un-quartier-residentiel-lors-d-un-incendie-de-foret-pres-de-lege-cap-ferret-dans-le-sud-ouest-de-la-france-le-23-juillet-2026-l-incendie-qui-fait-rage-dans-la-partie-nord-du-bassin-d-arcachon-en-gironde-dans-le-sud-ouest-de-la-france-a-ravage-plus-de-3-400-hectares-selon-les-derniers-chiffres-publies-par-la-prefecture-plus-de-20-000-habitants-et-touristes-ont-ete-evacues-de-cette-partie-deja-devastee-par-les-flammes-en-2022-la-france-a-ete-frappee-par-trois-vagues-de-chaleur-depuis-le-mois-de-mai-dans-le-cadre-d-episodes-meteorologiques-extremes-de-plus-en-plus-frequents-lies-au-changement-climatique-provoquant-un-exces-de-deces-assechant-les-rivieres-et-alimentant-des-feux-de-foret-les-scientifiques-avertissent-depuis-longtemps-que-le-changement-climatique-cause-par-l-utilisation-humaine-de-combustibles-fossiles-rendra-les-periodes-de-secheresse-plus-intenses-et-plus-durables-creant-ainsi-des-conditions-ideales-pour-les-feux-de-foret-photo-de-julien-de-rosa-afp,2026-07-24T10:39:55Z,http://web.archive.org/web/20260724133428/https://www.20minutes.fr/societe/4236136-20260724-incendies-cas-ordre-evacuation-risquent-personnes-veulent-quitter-logement,"En pleine saison touristique, ils ont quitté leur logement, leur location ou leur camping dans la précipitation. Alors que lincendie parti mercredi de Saumos (Gironde) continue de progresser, menaçan… [+2482 chars]",,fr,'Gironde'
https://www.courrierinternational.com/article/vu-de-l-etranger-la-presqu-ile-du-cap-ferret-encerclee-par-des-feux-apocalyptiques-40-000-personnes-evacuees_252505,https://www.courrierinternational.com/article/vu-de-l-etranger-la-presqu-ile-du-cap-ferret-encerclee-par-des-feux-apocalyptiques-40-000-personnes-evacuees_252505,0,www.courrierinternational.com,"La presqu’île du Cap Ferret encerclée par des feux “apocalyptiques”, 40 000 personnes évacuées","Alors que les feux de forêt ont ravagé plus de 10 000 hectares en Gironde, les autorités ont ordonné, vendredi 24 juillet, l’évacuation totale de la presqu’île du Cap Ferret, au nord du bassin d’Arcachon. Des dizaines de milliers de touristes et d’habitants s…",https://focus.courrierinternational.com/2026/07/24/0/0/5500/3666/1200/630/60/0/e5f5a81_ftp-1-xoaky6eh6gpm-2026-07-24t011625z-362583232-rc20kmakr4my-rtrmadp-3-europe-weather-france-wildfire.JPG,2026-07-24T11:11:07Z,,"Lintensification des feux de forêt a contraint les autorités à ordonner lévacuation des habitants de la presquîle du Cap Ferret, sur la côte Atlantique,rapporte The Guardian.Depuis la nuit du 23 au 2… [+2623 chars]",,fr,'Gironde'
https://www.20minutes.fr/societe/4236151-20260724-incendie-cap-ferret-ambiance-ville-morte-derniers-evacues-presqu-ile,https://www.20minutes.fr/societe/4236151-20260724-incendie-cap-ferret-ambiance-ville-morte-derniers-evacues-presqu-ile,0,www.20minutes.fr,Incendie au Cap Ferret : « Une ambiance de ville morte »… Avec les derniers évacués de la presqu’île,"« 20 Minutes » a suivi ce vendredi à Arcachon l’arrivée des derniers résidents de la très chic presqu’île du Cap Ferret, évacués par bateau en raison de l’incendie en Gironde qui continue de progresser",https://img.20mn.fr/ubq0pMa6QtWVugw5avkoGyk/1444x920_les-derniers-residents-de-la-presqu-ile-a-quitter-le-secteur-arrivent-a-arcachon-par-bateau-ce-vendredi-en-fin-de-matinee,2026-07-24T13:42:19Z,http://web.archive.org/web/20260725021544/https://www.20minutes.fr/societe/4236151-20260724-incendie-cap-ferret-ambiance-ville-morte-derniers-evacues-presqu-ile,"Sur la rocade de Bordeaux qui mène au bassin dArcachon, entre deux banderoles « Soutien aux pompiers » en hommage aux deux soldats du feu décédés mardi à Mérignac, les messages dalerte à ladresse des… [+4659 chars]",,fr,'Gironde'
https://www.lalibre.be/belgique/politique-belge/2026/07/24/georges-louis-bouchez-a-rencontre-le-fils-du-shah-diran-a-paris-HPEUFSQHNJBY3ENVSHEXA3S7WY/,https://www.lalibre.be/belgique/politique-belge/2026/07/24/georges-louis-bouchez-a-rencontre-le-fils-du-shah-diran-a-paris-HPEUFSQHNJBY3ENVSHEXA3S7WY/,0,www.lalibre.be,Georges-Louis Bouchez a rencontré le fils du shah d'Iran à Paris,"Le président du MR Georges-Louis Bouchez a rencontré Reza Pahlavi vendredi matin à Paris, a-t-il fait savoir à Belga. ...",https://www.lalibre.be/resizer/v2/VWMVNPJHCBD3PPCMWGHOQ442E4.jpg?auth=235368ad87974398f42b66620f351f984e4a1b3ab74751240a220d781b883a23&width=1200&height=630&quality=85&focal=3096%2C2064,2026-07-24T15:12:22Z,http://web.archive.org/web/20260725072004/https://www.lalibre.be/belgique/politique-belge/2026/07/24/georges-louis-bouchez-a-rencontre-le-fils-du-shah-diran-a-paris-HPEUFSQHNJBY3ENVSHEXA3S7WY/,"Selon M. Bouchez, la diplomatie belge devrait s'entretenir avec M. Pahlavi, dans une prise de contact non exclusive. ""De plus en plus de groupes de l'opposition iranienne se rassemblent autour de sa … [+1044 chars]",,fr,'Paris'
https://www.lesnumeriques.com/voiture-electrique/tesla-mise-tout-sur-la-france-pour-seduire-de-nouveaux-conducteurs-cet-ete-n259688.html,https://www.lesnumeriques.com/voiture-electrique/tesla-mise-tout-sur-la-france-pour-seduire-de-nouveaux-conducteurs-cet-ete-n259688.html,0,www.lesnumeriques.com,Actualité : Tesla mise tout sur la France pour séduire de nouveaux conducteurs cet été,"Tesla veut se faire voir de partout cet été, entre essais en libre-service, mise en avant de la Model Y 7 places, nouvelle boutique éphémère en plein Paris et Superchargeurs supplémentaires à Roissy.",https://cdn.lesnumeriques.com/optim/news/25/259688/05acd5b3-tesla-mise-tout-sur-la-france-pour-seduire-de-nouveaux-conducteurs-cet-ete__1200_678__932-657-6471-3565.jpg,2026-07-24T15:43:00Z,http://web.archive.org/web/20260724190511/https://www.lesnumeriques.com/voiture-electrique/tesla-mise-tout-sur-la-france-pour-seduire-de-nouveaux-conducteurs-cet-ete-n259688.html,En bref<ul><li>Tesla lance une grande opération séduction cet été pour conquérir les conducteurs Français.</li><li>Le constructeurs propose des boutiques éphémères et des essais en libre-service supp… [+2491 chars],,fr,'Paris'
https://www.courrierinternational.com/video/video-en-colombie-la-transition-entre-abelardo-de-la-espriella-et-gustavo-petro-s-annonce-electrique_252623,https://www.courrierinternational.com/video/video-en-colombie-la-transition-entre-abelardo-de-la-espriella-et-gustavo-petro-s-annonce-electrique_252623,0,www.courrierinternational.com,"En Colombie, la transition entre Abelardo de la Espriella et Gustavo Petro s’annonce électrique","Alors que le président élu d’extrême droite s’apprête à prendre ses fonctions le 7 août, le chef de l’État sortant de gauche conteste toujours sa courte victoire. Retour sur la transition tendue qui se prépare, entre deux responsables politiques que tout oppo…",https://focus.courrierinternational.com/2026/07/24/0/100/1080/720/1200/630/60/0/17493f1_upload-1-tpail4xs2nfg-anims-5.png,2026-07-24T16:00:10Z,,"Le gouvernement de Colombie siège désormais à Miami et à Washington ! Dans son discours dadieu à la nation, le 20 juillet, le président colombien, Gustavo Petro, na pas manqué de réitérer ses allégat… [+2433 chars]",,fr,'Colombie'
https://www.ledauphine.com/videos/tour-de-france-quand-lynred-filme-le-peloton-en-infrarouge-a-veurey-voroize-3vplxpk,https://www.ledauphine.com/videos/tour-de-france-quand-lynred-filme-le-peloton-en-infrarouge-a-veurey-voroize-3vplxpk,0,www.ledauphine.com,Isère. $content.TitleNoTags,"À l’occasion de l’étape 18 du Tour de France, passée jeudi devant son site de Veurey-Voroize (Isère), Lynred a capté le passage du peloton grâce à ses détecteurs d’imagerie thermique. L’entreprise a partagé sur les réseaux sociaux une vidéo montrant les coure…",https://medialb.ultimedia.com/multi/sxmlf/3vplxpk-O.jpg,2026-07-24T17:08:00Z,,"Le Dauphiné Libéré, en tant que responsable de traitement, recueille dans ce formulaire des informations qui sont enregistrées dans un fichier informatisé par son Service Relations Clients, la finali… [+854 chars]",,fr,'Isère'
https://www.20minutes.fr/monde/ukraine/4236218-20260724-guerre-ukraine-nouveaux-bombardements-meurtriers-pres-kiev-sanctions-contournees-georgie,https://www.20minutes.fr/monde/ukraine/4236218-20260724-guerre-ukraine-nouveaux-bombardements-meurtriers-pres-kiev-sanctions-contournees-georgie,0,www.20minutes.fr,"Guerre en Ukraine : Nouveaux bombardements meurtriers près de Kiev, des sanctions contournées par la Géorgie","« 20 Minutes » fait le point pour vous tous les soirs sur le conflit en Ukraine. Ce vendredi 24 juillet, les Russes ont affirmé avoir frappé une démonstration de drones faisant dix morts et 100 blessés",https://img.20mn.fr/jYTwNwn-RAqxA6AGq2ayiCk/1444x920_cette-photo-fournie-par-les-services-d-urgence-ukrainiens-montre-le-site-des-frappes-de-missiles-russes-dans-la-region-de-kiev-en-ukraine-le-vendredi-24-juillet-2026-service-d-urgence-ukrainien-via-ap-xel103-26205457045590-ap-donne-acces-a-cette-photo-distribuee-publiquement-fournie-par-le-bureau-de-presse-du-service-d-urgence-ukrainien-credit-obligatoire-2607241449,2026-07-24T17:27:36Z,http://web.archive.org/web/20260724225328/https://www.20minutes.fr/monde/ukraine/4236218-20260724-guerre-ukraine-nouveaux-bombardements-meurtriers-pres-kiev-sanctions-contournees-georgie,"Vous avez raté les derniers événements sur la guerre en Ukraine ? 20 Minutes fait le point pour vous tous les soirs. Voici lessentiel de ce vendredi 24 juillet 2026, au 1.611e jour du conflit.
Le fa… [+2759 chars]",,fr,'Géorgie'
https://www.dhnet.be/sports/cyclisme/tour-de-france/2026/07/24/tour-de-france-2026-richard-carapaz-enerve-sur-lenny-martinez-mais-heureux-de-retrouver-le-maillot-a-pois-il-ma-coupe-la-route-K3ECZIVHVJERLEVVKYVHXGEIHI/,https://www.dhnet.be/sports/cyclisme/tour-de-france/2026/07/24/tour-de-france-2026-richard-carapaz-enerve-sur-lenny-martinez-mais-heureux-de-retrouver-le-maillot-a-pois-il-ma-coupe-la-route-K3ECZIVHVJERLEVVKYVHXGEIHI/,0,www.dhnet.be,Tour de France 2026 – Richard Carapaz énervé sur Lenny Martinez mais heureux de retrouver le maillot à pois : “Il m’a coupé la route”,"Après sa victoire à Orcières-Merlette, l’Équatorien s’est longtemps battu pour un nouveau succès avant de se consoler avec la tunique de meilleur grimpeur. ...",https://www.dhnet.be/resizer/v2/32NBTCQUFZF5LIX3PBQG4PCV54.jpg?auth=c4a3a7f8f488d55d35056abf9acc43f324d874236abd4e41fffe3b742cf395bd&width=1200&height=630&quality=85&focal=3096%2C2064,2026-07-24T18:55:57Z,http://web.archive.org/web/20260725030231/https://www.dhnet.be/sports/cyclisme/tour-de-france/2026/07/24/tour-de-france-2026-richard-carapaz-enerve-sur-lenny-martinez-mais-heureux-de-retrouver-le-maillot-a-pois-il-ma-coupe-la-route-K3ECZIVHVJERLEVVKYVHXGEIHI/,"Malgré les efforts de la veille, quand il était allé chercher la victoire à Orcières-Merlette, Carapaz en avait encore dans les jambes pour flairer la bonne échappée (dans laquelle Mads Pedersen figu… [+655 chars]",,fr,'Orcières'
https://www.franceinfo.fr/monde/proche-orient/yemen/les-houthis-revendiquent-une-frappe-en-arabie-saoudite-apres-des-attaques-de-ryad_8121656.html,https://www.franceinfo.fr/monde/proche-orient/yemen/les-houthis-revendiquent-une-frappe-en-arabie-saoudite-apres-des-attaques-de-ryad_8121656.html,0,www.franceinfo.fr,"Les Houthis revendiquent une frappe en Arabie saoudite, après des attaques de Ryad","Ces insurgés pro-Iran ont pris pour cible des navires circulant en mer Rouge ces derniers jours, étendant le conflit au Moyen-Orient.",https://www.franceinfo.fr/pictures/sN_1P6yGLMcDbbP3aGjsEtvRvY0/0x53:1024x629/1500x843/2026/07/25/6a64610321102428368093.jpg,2026-07-25T07:09:10Z,http://web.archive.org/web/20260725105605/https://www.franceinfo.fr/monde/proche-orient/yemen/les-houthis-revendiquent-une-frappe-en-arabie-saoudite-apres-des-attaques-de-ryad_8121656.html,"Les rebelles houthis du Yémen ont revendiqué, samedi 25 juillet, une attaque de missile contre la ville de Jazan, dans le sud-ouest de l'Arabie saoudite, via leur site d'informations Ansarollah. L'ag… [+1067 chars]",,fr,'L'Iran'
https://www.20minutes.fr/planete/4236241-20260725-direct-incendies-plus-140-000-personnes-evacuees-sud-ouest-communes-metropole-bordelaise-concernees,https://www.20minutes.fr/planete/4236241-20260725-direct-incendies-plus-140-000-personnes-evacuees-sud-ouest-communes-metropole-bordelaise-concernees,0,www.20minutes.fr,"Incendies : 8.000 nouvelles évacuations près de Bordeaux, la nuit s'annonce « difficile »",Revivez les informations de ce samedi 25 juillet concernant les nombreux incendies qui frappent la France,https://img.20mn.fr/NhNWEdeSSiWbxGKVlyJJAik/1444x920_l-incendie-entre-biscarrosse-et-parentis-est-toujours-tres-actif,2026-07-25T07:13:08Z,,"22h26
19h12
18h19
17h35
«On devrait avoir une nuit qui sera propice au travail », selon le directeur du Sdis de Gironde.
17h32
«Le feu reste puissant, dans un contexte de massif qui n'a jamais … [+6909 chars]",,fr,'Bordeaux'
https://www.franceinfo.fr/economie/transports/trafic/departs-en-vacances-plus-de-200-km-de-bouchons-cumules-au-niveau-national-samedi-matin_8121776.html,https://www.franceinfo.fr/economie/transports/trafic/departs-en-vacances-plus-de-200-km-de-bouchons-cumules-au-niveau-national-samedi-matin_8121776.html,0,www.franceinfo.fr,Départs en vacances : plus de 200 km de bouchons cumulés au niveau national samedi matin,"L'A7, qui relie le Sud par la vallée du Rhône, l'A9, qui permet de rejoindre l'Espagne, ou encore l'A10 entre Paris et Bordeaux, sont principalement concernés.",https://www.franceinfo.fr/pictures/amKq4uMKLvwtyk8IwJgp9ldEWiQ/0x53:1024x629/1500x843/2026/07/25/6a647e605c16e932262644.jpg,2026-07-25T09:14:37Z,,"Alors que la journée est classée rouge, plus de 200 kilomètres de bouchons cumulés étaient formés sur le territoire national, samedi 25 juillet, vers 10 heures, a indiqué Bison Futé. Au total, 219 km… [+1249 chars]",,fr,'Auvergne'
https://www.challenges.fr/monde/genocide-blanc-elon-musk-pourquoi-donald-trump-fait-des-afrikaners-les-seuls-refugies-bienvenus-aux-etats-unis_644958,https://www.challenges.fr/monde/genocide-blanc-elon-musk-pourquoi-donald-trump-fait-des-afrikaners-les-seuls-refugies-bienvenus-aux-etats-unis_644958,0,www.challenges.fr,"« Génocide blanc », Elon Musk… Pourquoi Donald Trump fait des Afrikaners les seuls réfugiés bienvenus aux États-Unis","Dénonçant une persécution des Sud-Africains blancs, Washington leur offre le statut de réfugiés, sans réel fondement. Une arme dans son affrontement avec Pretoria, mais aussi un gage aux suprémacistes et à Elon Musk, natif du pays.",https://www.challenges.fr/_ipx/f_jpg&enlarge_true&s_1200x630/cha/static/2026-07/59337.HR_0.jpeg%3FVersionId=uRE4yulnqi9Y6hgP8r_Wz7BFkYc0Qaxe,2026-07-25T11:00:00Z,,"Depuis son bureau, Schalk Burger, 70 ans, contemple son vignoble à travers une grande baie vitrée. Père du joueur iconique de léquipe de rugby sud-africaine Schalk Burger Junior et lui-même ex-rugbym… [+1007 chars]",,fr,'Washington'
https://www.oezratty.net/wordpress/2026/select-actualites-quantiques-de-juin-juillet-2026/,https://www.oezratty.net/wordpress/2026/select-actualites-quantiques-de-juin-juillet-2026/,0,www.oezratty.net,Select Actualités quantiques de juin-juillet 2026,"Dans ce 82ième épisode de Quantum, le podcast de l’actualité quantique, nous faisons le point de ce qui s’est passé entre juin et juillet en France et dans le monde. Cela parle de la journée en hommage à Philippe Grangier, de France Quantum, Vivatech, d’IQT N…",https://www.oezratty.net/wordpress/wp-content/Alain-Aspect-sur-Philippe-Grangier-scaled.jpeg,2026-07-25T14:04:48Z,,"Dans ce 82ième épisode de Quantum, le podcast de lactualité quantique, nous faisons le point de ce qui sest passé entre juin et juillet en France et dans le monde.
Cela parle de la journée en hommag… [+15278 chars]",,fr,'Grenoble'
https://france3-regions.franceinfo.fr/auvergne-rhone-alpes/savoie/chambery/video-protoxyde-d-azote-on-a-ete-vraiment-submerges-une-solution-innovante-pour-recycler-les-bonbonnes-sans-danger-a-chambery-3392002.html,https://france3-regions.franceinfo.fr/auvergne-rhone-alpes/savoie/chambery/video-protoxyde-d-azote-on-a-ete-vraiment-submerges-une-solution-innovante-pour-recycler-les-bonbonnes-sans-danger-a-chambery-3392002.html,0,france3-regions.franceinfo.fr,"VIDÉO. Protoxyde d'azote : ""On a été vraiment submergés"", une solution innovante pour recycler les bonbonnes sans danger à Chambéry","L'usage récréatif du protoxyde d'azote, un gaz hilarant dangereux pour la santé et l'environnement, met la filière des déchets sous pression. Un dispositif innovant a été mis en place à Chambéry pour vider les résidus de gaz et recycler les bonbonnes en toute…",https://france3-regions.franceinfo.fr/image/AhyJ3cz92tjLaTdKlGyU3J8A7Os/930x620/regions/2026/07/25/6a64bf8c6c14c600779833.jpg,2026-07-25T14:44:33Z,,"L'usage récréatif du protoxyde d'azote, un gaz hilarant dangereux pour la santé et l'environnement, met la filière des déchets sous pression. Un dispositif innovant a été mis en place à Chambéry pour… [+2473 chars]",,fr,'Chambéry'
https://www.dhnet.be/sports/cyclisme/2026/07/25/tour-de-france-2026-2e-au-sommet-de-lalpe-dhuez-remco-evenepoel-a-encore-epate-il-ny-avait-aucune-raison-de-douter-de-moi-OAYYKZTHWJFCNNO4VSJQPM376Q/,https://www.dhnet.be/sports/cyclisme/2026/07/25/tour-de-france-2026-2e-au-sommet-de-lalpe-dhuez-remco-evenepoel-a-encore-epate-il-ny-avait-aucune-raison-de-douter-de-moi-OAYYKZTHWJFCNNO4VSJQPM376Q/,0,www.dhnet.be,"Tour de France 2026 – 2e au sommet de l’Alpe d’Huez, Remco Evenepoel a encore épaté : “Il n’y avait aucune raison de douter de moi”","Deuxième de l’étape-reine de ce Tour derrière Carapaz, Remco Evenepoel aimerait bien s’imposer ce dimanche à Paris avant de monter sur la 2e marche du podium final. ...",https://www.dhnet.be/resizer/v2/IOH7XCM7QFA7LEVWSGCUVPXXBQ.jpg?auth=ee6a15cca3670d7c6e82a8efeff6e2447b38f61592403e1587759058ef01fbc3&width=1200&height=630&quality=85&focal=1440%2C960,2026-07-25T16:47:45Z,http://web.archive.org/web/20260726051046/https://www.dhnet.be/sports/cyclisme/2026/07/25/tour-de-france-2026-2e-au-sommet-de-lalpe-dhuez-remco-evenepoel-a-encore-epate-il-ny-avait-aucune-raison-de-douter-de-moi-OAYYKZTHWJFCNNO4VSJQPM376Q/,"Ce samedi midi, alors qu'il s'apprêtait à prendre le départ de l'étape-reine de cette Grande Boucle, Remco Evenepoel, que l'on a vu aussi serein que concentré, tenait un discours un peu prudent. Il f… [+3253 chars]",,fr,'Orcières'
https://www.20minutes.fr/monde/4236276-20260725-menaces-gironde-espagne-ecosse-tour-percute-point-incendies-europe,https://www.20minutes.fr/monde/4236276-20260725-menaces-gironde-espagne-ecosse-tour-percute-point-incendies-europe,0,www.20minutes.fr,"Menaces en Gironde, en Espagne et en Ecosse, le Tour percuté… Le point sur les incendies en Europe","Alors que la capitale espagnole est toujours menacée, les pompiers tentent de reprendre la main en Gironde",https://img.20mn.fr/6mFuP69STm2JwNbWPNGbWik/1444x920_de-la-fumee-et-des-flammes-s-elevent-pres-de-la-adrada-dans-la-province-d-avila-en-espagne,2026-07-25T16:56:28Z,http://web.archive.org/web/20260725235803/https://www.20minutes.fr/monde/4236276-20260725-menaces-gironde-espagne-ecosse-tour-percute-point-incendies-europe,"LEurope est littéralement en flammes. Alors que les pompiers français luttent darrache-pied contre les incendies dans le Sud-Ouest, lEspagne est elle aussi aux prises avec plusieurs incendies. On fai… [+1927 chars]",,fr,'Gironde'
https://www.lavenir.net/sports/cyclisme/2026/07/25/tour-de-france-2026-2e-au-sommet-de-lalpe-dhuez-remco-evenepoel-a-encore-epate-il-ny-avait-aucune-raison-de-douter-de-moi-I572HOCRUNCEJODVJHAGNKQX2I/,https://www.lavenir.net/sports/cyclisme/2026/07/25/tour-de-france-2026-2e-au-sommet-de-lalpe-dhuez-remco-evenepoel-a-encore-epate-il-ny-avait-aucune-raison-de-douter-de-moi-I572HOCRUNCEJODVJHAGNKQX2I/,0,www.lavenir.net,"Tour de France 2026 – 2e au sommet de l’Alpe d’Huez, Remco Evenepoel a encore épaté : “Il n’y avait aucune raison de douter de moi”","Deuxième de l’étape-reine de ce Tour derrière Carapaz, Remco Evenepoel aimerait bien s’imposer ce dimanche à Paris avant de monter sur la 2e marche du podium final. ...",https://www.lavenir.net/resizer/v2/IOH7XCM7QFA7LEVWSGCUVPXXBQ.jpg?auth=ee6a15cca3670d7c6e82a8efeff6e2447b38f61592403e1587759058ef01fbc3&width=1200&height=630&quality=85&focal=1440%2C960,2026-07-25T18:00:00Z,http://web.archive.org/web/20260726084559/https://www.lavenir.net/sports/cyclisme/2026/07/25/tour-de-france-2026-2e-au-sommet-de-lalpe-dhuez-remco-evenepoel-a-encore-epate-il-ny-avait-aucune-raison-de-douter-de-moi-I572HOCRUNCEJODVJHAGNKQX2I/,"Ce samedi midi, alors qu'il s'apprêtait à prendre le départ de l'étape-reine de cette Grande Boucle, Remco Evenepoel, que l'on a vu aussi serein que concentré, tenait un discours un peu prudent. Il f… [+3253 chars]",,fr,'Orcières'
https://www.ledauphine.com/economie/2026/07/25/comment-score-petanque-veut-se-developper-aupres-des-professionnels,https://www.ledauphine.com/economie/2026/07/25/comment-score-petanque-veut-se-developper-aupres-des-professionnels,0,www.ledauphine.com,Voiron. Comment Score Pétanque veut se développer auprès des professionnels,"Score Pétanque produit en Isère des compteurs de points pour les jeux de boules. Reprise par ARC Industries Group il y a presque 18 mois, la PME se développe auprès des professionnels et à l’international.",https://cdn-s-www.ledauphine.com/images/CCF114D6-1F71-4168-9A00-7A27E78770BB/FB1200/photo-1784885427.jpg,2026-07-26T04:05:00Z,,"Il nexiste pas de donnée officielle mais ils sont sans doute aussi nombreux que les clochers dans nos campagnes. Ils ont aussi leurs fidèles : ceux qui sy rendent tous les jours, ceux qui ne viennent… [+452 chars]",,fr,'Isère'
https://www.mediapart.fr/journal/france/260726/220-000-personnes-evacuees-42-000-hectares-brules-le-feu-en-gironde-n-est-toujours-pas-maitrise-0,https://www.mediapart.fr/journal/france/260726/220-000-personnes-evacuees-42-000-hectares-brules-le-feu-en-gironde-n-est-toujours-pas-maitrise-0,0,www.mediapart.fr,"220 000 personnes évacuées, 42 000 hectares brûlés: le feu en Gironde n’est toujours pas maîtrisé","L’incendie massif qui a embrasé les pourtours du bassin d’Arcachon et menace désormais les abords de la métropole de Bordeaux a ravagé 42 000 hectares de « surface brûlée », a annoncé dimanche matin la préfecture de la Gironde. 220 000 personnes ont dû quitte…",https://static.mediapart.fr/etmagine/og/journal/files/2026/07/26/20260726-img-220-000-personnes-evacuees-42-000-hectares-brules-le-feu-en-gironde-n-est-toujours-pas-maitrise.jpg,2026-07-26T06:21:04Z,http://web.archive.org/web/20260726084549/https://www.mediapart.fr/journal/france/260726/220-000-personnes-evacuees-42-000-hectares-brules-le-feu-en-gironde-n-est-toujours-pas-maitrise-0,"Les cookies et technologies similaires que nous utilisons sur Mediapart sont de différentes natures et nous permettent de poursuivre différentes finalités. 
Certains sont nécessaires au fonctionneme… [+3291 chars]",,fr,'Gironde'
https://www.ledauphine.com/environnement/2026/07/26/ce-papillon-destructeur-de-palmiers-signale-en-isere,https://www.ledauphine.com/environnement/2026/07/26/ce-papillon-destructeur-de-palmiers-signale-en-isere,0,www.ledauphine.com,Isère. Ce papillon destructeur de palmiers signalé en Isère,"Originaire d’Amérique centrale, le papillon des palmiers est maintenant bien implanté en France. S’il a longtemps été observé dans le sud de la France, d’autres régions sont maintenant touchées.",https://cdn-s-www.ledauphine.com/images/4A6FB497-80AF-4CFA-9215-77AE2A28F2AE/FB1200/photo-1785047112.jpg,2026-07-26T06:34:00Z,http://web.archive.org/web/20260727095236/https://www.ledauphine.com/environnement/2026/07/26/ce-papillon-destructeur-de-palmiers-signale-en-isere,"Adrien, un habitant de Vénérieu, a constaté avec effroi que ses palmiers sont en bien mauvais état. Il a remarqué des trous dans les feuilles de ses arbres, qui jaunissent. Les responsables de ces at… [+1929 chars]",,fr,'Isère'
https://www.ledauphine.com/faits-divers-justice/2026/07/25/plusieurs-membres-voulaient-s-investir-pour-leur-venir-en-aide-une-cagnotte-solidaire-lancee-pour-les-habitants-de-gironde,https://www.ledauphine.com/faits-divers-justice/2026/07/25/plusieurs-membres-voulaient-s-investir-pour-leur-venir-en-aide-une-cagnotte-solidaire-lancee-pour-les-habitants-de-gironde,0,www.ledauphine.com,Nord-Isère. « Plusieurs membres voulaient s’investir pour leur venir en aide » : près de 2000 euros déjà récoltés pour les habitants de Gironde,"Face à la terrible situation en Gironde, le Village solidaire Nord-Isère se mobilise pour les sinistrés des incendies.",https://cdn-s-www.ledauphine.com/images/24644B28-BFB1-4632-8966-E4ABB924EEF7/FB1200/photo-1785017424.jpg,2026-07-26T07:21:00Z,http://web.archive.org/web/20260727083931/https://www.ledauphine.com/faits-divers-justice/2026/07/25/plusieurs-membres-voulaient-s-investir-pour-leur-venir-en-aide-une-cagnotte-solidaire-lancee-pour-les-habitants-de-gironde,"Face à la terrible situation en Gironde, le Village solidaire Nord-Isère se mobilise pour les sinistrés des incendies. Ce dimanche 26 juillet, à 9h15, la cagnotte solidaire mise en place par l'associ… [+1105 chars]",,fr,'Isère'
https://www.lavenir.net/regions/mons-centre/honnelles/2026/07/26/le-festival-le-leu-revient-a-honnelles-avec-30-spectacles-en-pleine-nature-BJIR3C4CT5A4BO23AEOOUKV5OI/,https://www.lavenir.net/regions/mons-centre/honnelles/2026/07/26/le-festival-le-leu-revient-a-honnelles-avec-30-spectacles-en-pleine-nature-BJIR3C4CT5A4BO23AEOOUKV5OI/,0,www.lavenir.net,Le festival Le Leû revient à Honnelles avec 30 spectacles en pleine nature,"Les 5 et 6 septembre, le village d’Onnezies accueillera une vingtaine de compagnies belges et internationales pour un week-end consacré aux arts de la rue. ...",https://www.lavenir.net/resizer/v2/VC6ANPNSGFBCFH2SCIHH6QZBNQ.jpg?auth=a8e5e7279d7ab8fdb9beb258c51216e0ab84eacab7f72b5919d800b3be586d6d&width=1200&height=630&quality=85&focal=1500%2C1000,2026-07-26T08:01:00Z,http://web.archive.org/web/20260727044251/https://www.lavenir.net/regions/mons-centre/honnelles/2026/07/26/le-festival-le-leu-revient-a-honnelles-avec-30-spectacles-en-pleine-nature-BJIR3C4CT5A4BO23AEOOUKV5OI/,"Un spectacle aérien inédit
Parmi les principales nouveautés de cette édition figure la venue de la compagnie française L'Encordée, originaire de Chambéry. Elle investira le jardin de la Tanière avec… [+2012 chars]",,fr,'Chambéry'
https://www.huffingtonpost.fr/culture/article/barbara-butch-fait-un-retour-sur-scene-sous-haute-securite-apres-l-interruption-de-son-concert-a-grenoble_294395.html,https://www.huffingtonpost.fr/culture/article/barbara-butch-fait-un-retour-sur-scene-sous-haute-securite-apres-l-interruption-de-son-concert-a-grenoble_294395.html,0,www.huffingtonpost.fr,Barbara Butch fait un retour sur scène sous haute sécurité après l’interruption de son concert à Grenoble,"La DJ était l’invitée d’un festival dans l’Yonne, samedi 25 juillet, une semaine après l’interruption de Grenoble. Une importante présence policière était visible.",https://focus.huffingtonpost.fr/2026/07/26/256/0/4917/2765/1820/1023/75/0/f6293b9_upload-1-zrilju4aiuh3-afp-20260725-c37q6db-v1-highres-francemusicfestivalassaultpolitics.jpg,2026-07-26T08:17:42Z,,"Une semaine après linterruption de son concert à Grenoble par des militants pro palestiniens et insoumis, Barbara Butch est remontée sur scène pour sa dernière date de lété, placée sous haute sécurit… [+3343 chars]",,fr,'Grenoble'
https://www.huffingtonpost.fr/france/article/manque-de-canadair-effet-d-annonce-sur-l-a400m-la-charge-de-ces-pilotes-face-aux-feux-dans-le-sud-ouest_294461.html,https://www.huffingtonpost.fr/france/article/manque-de-canadair-effet-d-annonce-sur-l-a400m-la-charge-de-ces-pilotes-face-aux-feux-dans-le-sud-ouest_294461.html,0,www.huffingtonpost.fr,"Manque de Canadair, effet d’annonce sur l’A400M… La charge de ces pilotes face aux feux dans le Sud-Ouest",Deux pilotes dénoncent des moyens insuffisants pour faire face aux incendies qui sévissent en Gironde et dans les Landes.,https://focus.huffingtonpost.fr/2026/07/05/216/0/2176/1224/1820/1023/75/0/d036ca9_upload-1-ycdgfsnd7olc-afp-20260705-b9ap8yk-v3-highres-franceenvironmentfire.jpg,2026-07-26T10:04:32Z,,"Ils font entendre leur colère. Engagés dans la lutte contre les incendies qui ravagent la France, particulièrement en Gironde, dans les Landes et le Var, des pilotes de Canadair estiment que les moye… [+4874 chars]",,fr,'Gironde'
https://www.ledauphine.com/faits-divers-justice/2026/07/26/incendies-en-gironde-ma-fille-ne-peut-pas-sortir-avec-son-bebe-l-air-est-trop-mauvais,https://www.ledauphine.com/faits-divers-justice/2026/07/26/incendies-en-gironde-ma-fille-ne-peut-pas-sortir-avec-son-bebe-l-air-est-trop-mauvais,0,www.ledauphine.com,"Témoignage. Incendies en Gironde : « Ma fille ne peut pas sortir avec son bébé, l'air est trop mauvais »","Bloquée en Isère, Géraldine Sire suit à distance les incendies en Gironde : évacuations, autoroute coupée, air irrespirable à Bordeaux... Elle témoigne.",https://cdn-s-www.ledauphine.com/images/72F4CD0E-D889-4B43-83CC-EAEA3C42F197/FB1200/photo-1785059809.jpg,2026-07-26T10:13:00Z,http://web.archive.org/web/20260727080411/https://www.ledauphine.com/faits-divers-justice/2026/07/26/incendies-en-gironde-ma-fille-ne-peut-pas-sortir-avec-son-bebe-l-air-est-trop-mauvais,"Géraldine Sire est bloquée en Isère. Cette habitante de la commune de Castres-Gironde, située au sud de Bordeaux, s'est trouvée dans l'incapacité de rentrer de vacances après que les incendies en Gir… [+2925 chars]",,fr,'Isère'
https://www.huffingtonpost.fr/sport/article/pour-se-rendre-a-l-ultime-etape-du-tour-les-coureurs-n-ont-pas-pris-leur-bus-habituel_294560.html,https://www.huffingtonpost.fr/sport/article/pour-se-rendre-a-l-ultime-etape-du-tour-les-coureurs-n-ont-pas-pris-leur-bus-habituel_294560.html,0,www.huffingtonpost.fr,"Pour se rendre à l’ultime étape du Tour, les coureurs n’ont pas pris leur bus habituel","Les coureurs ont pris le train depuis les Alpes pour rejoindre Paris, ce samedi 25 juillet. Une première depuis 2011.",https://focus.huffingtonpost.fr/2026/07/26/502/0/6781/3814/1820/1023/75/0/38a4c12_upload-1-4m04dvzc0ndj-afp-20260725-c37m7f2-v4-highres-cyclingtdf2026stage20.jpg,2026-07-26T12:04:12Z,,"Les coureurs du Tour de France ont troqué leurs vélos et le bus de léquipe pour le train. Pour la première fois depuis 2011, les coureurs de la Grande Boucle ont effectué, ce samedi 25 juillet au soi… [+4019 chars]",,fr,'Paris'
https://www.20minutes.fr/monde/ukraine/4236318-20260726-guerre-ukraine-six-morts-zones-occupees-village-russe-frontalier-apres-nouvelles-frappes,https://www.20minutes.fr/monde/ukraine/4236318-20260726-guerre-ukraine-six-morts-zones-occupees-village-russe-frontalier-apres-nouvelles-frappes,0,www.20minutes.fr,Guerre en Ukraine : Dix morts dans des zones occupées et un village russe frontalier après de nouvelles frappes,"L’Ukraine et la Russie ont continué à échanger des frappes ce dimanche, au lendemain d’attaques qui ont fait 20 morts dans les deux pays",https://img.20mn.fr/aJPrt_CyRT-40EevI0Ej_Sk/1444x920_les-sauveteurs-fouillent-les-decombres-d-une-maison-privee-detruite-par-un-drone-russe-a-kharkiv-en-ukraine-le-dimanche-26-juillet-2026-ap-photo-andrii-marienko-xel114-26207427577323-2607261419,2026-07-26T13:16:21Z,http://web.archive.org/web/20260726194252/https://www.20minutes.fr/monde/ukraine/4236318-20260726-guerre-ukraine-six-morts-zones-occupees-village-russe-frontalier-apres-nouvelles-frappes,"La guerre en Ukraine ne connaît pas de répit. Six personnes ont été tuées ce dimanche dans des zones occupées du pays et dans un village frontalier, ont déclaré les autorités locales russes, tandis q… [+2469 chars]",,fr,'Ukraine'
https://www.ledauphine.com/environnement/2026/07/26/odeur-de-brule-et-voile-de-fumee-comment-les-incendies-en-gironde-polluent-jusqu-en-isere,https://www.ledauphine.com/environnement/2026/07/26/odeur-de-brule-et-voile-de-fumee-comment-les-incendies-en-gironde-polluent-jusqu-en-isere,0,www.ledauphine.com,Isère. Odeur de brûlé et voile de fumée : comment les incendies en Gironde polluent jusqu’en Isère,"Depuis ce dimanche matin, une odeur de brûlé et un voile de fumée ont été observés de toute part dans la région Auvergne-Rhône-Alpes. En Isère, les témoignages fusent, notamment sur la présence du voile, à l’apparence de brume, dans différentes communes du dé…",https://cdn-s-www.ledauphine.com/images/31F4A665-B28F-4DD3-BA96-E9997211A3A2/FB1200/photo-1785077238.jpg,2026-07-26T14:53:00Z,http://web.archive.org/web/20260727052416/https://www.ledauphine.com/environnement/2026/07/26/odeur-de-brule-et-voile-de-fumee-comment-les-incendies-en-gironde-polluent-jusqu-en-isere,"Depuis ce dimanche matin, les fumées des incendies en cours en Gironde traversent le pays. Les vents orientés depuis louest vers lest poussent les fumées des incendies du Gironde et des Landes jusquà… [+2392 chars]",,fr,'Isère'
https://www.20minutes.fr/planete/4236321-20260726-incendie-gironde-pourquoi-feu-sevit-actuellement-different-tous-ceux-france-deja-connu,https://www.20minutes.fr/planete/4236321-20260726-incendie-gironde-pourquoi-feu-sevit-actuellement-different-tous-ceux-france-deja-connu,0,www.20minutes.fr,Incendie en Gironde : Pourquoi le feu qui sévit actuellement est différent de tous ceux que la France a déjà connu ?,"Les flammes ont déjà parcouru 42.000 hectares en Gironde. Surtout, le feu reste totalement incontrôlable à cause du phénomène des « orages de feu ». Une situation inédite en France",https://img.20mn.fr/NhNWEdeSSiWbxGKVlyJJAik/1444x920_l-incendie-entre-biscarrosse-et-parentis-est-toujours-tres-actif,2026-07-26T15:04:31Z,http://web.archive.org/web/20260727004915/https://www.20minutes.fr/planete/4236321-20260726-incendie-gironde-pourquoi-feu-sevit-actuellement-different-tous-ceux-france-deja-connu,"Les images sont terrifiantes, les chiffres donnent le tournis et permettent de se représenter le caractère inédit de lincendie qui sévit en Gironde. Les flammes ont déjà parcouru 42.000 hectares - qu… [+3720 chars]",,fr,'Gironde'
https://www.ledauphine.com/culture-loisirs/2026/07/26/est-ce-qu-etoile-des-neiges-est-vraiment-l-hymne-des-savoie,https://www.ledauphine.com/culture-loisirs/2026/07/26/est-ce-qu-etoile-des-neiges-est-vraiment-l-hymne-des-savoie,0,www.ledauphine.com,Pays de Savoie. Est-ce qu'Étoile des neiges est vraiment l'hymne des Savoie ?,"Des questions… et surtout des réponses. Tout l’été, Le Dauphiné Libéré vous invite à découvrir les Savoie, évoquant tout ce que vous avez toujours voulu savoir sur nos départements sans jamais oser le demander. Aujourd’hui, plutôt  Étoile des neiges ou Chant …",https://cdn-s-www.ledauphine.com/images/5F6B9FDB-5B91-48D0-9800-CC709ACD7E71/FB1200/photo-1785081801.jpg,2026-07-26T15:23:00Z,http://web.archive.org/web/20260726161516/https://www.ledauphine.com/culture-loisirs/2026/07/26/est-ce-qu-etoile-des-neiges-est-vraiment-l-hymne-des-savoie,"“Dans un coin perdu de montagne, un tout petit Savoyard…” Rares sont les soirées, les rassemblements de famille et les festivités en Pays de Savoie où Étoile des neiges n’est pas entonnée. Le chant a… [+337 chars]",,fr,'Savoie'
https://www.huffingtonpost.fr/france/article/la-prefete-de-gironde-demande-aux-agriculteurs-de-ne-pas-aider-les-pompiers-de-maniere-spontanee_294758.html,https://www.huffingtonpost.fr/france/article/la-prefete-de-gironde-demande-aux-agriculteurs-de-ne-pas-aider-les-pompiers-de-maniere-spontanee_294758.html,0,www.huffingtonpost.fr,La préfète de Gironde demande aux agriculteurs de ne pas aider les pompiers « de manière spontanée »,Les agriculteurs qui souhaiteraient se mobiliser sont appelés à s’inscrire sur le site de la chambre d’agriculture de la Gironde.,https://focus.huffingtonpost.fr/2026/07/26/625/0/6000/3375/1820/1023/75/0/c332987_upload-1-kigntxbtqhli-afp-20260726-c38f2wc-v1-highres-franceenvironmentclimateweatherwildfire.jpg,2026-07-26T16:32:52Z,,« Nous ne souhaitons pas quils prennent des initiatives individuelles. » Alors que de nombreux agriculteurs se mobilisent pour venir en aide aux pompiers sur le front nuit et jour pour tenter de maît… [+3403 chars],,fr,'Gironde'
https://www.20minutes.fr/monde/ukraine/4236328-20260726-guerre-ukraine-frappes-meurtrieres-deux-cotes-frontiere-drone-russe-roumanie-iran-menace-kiev,https://www.20minutes.fr/monde/ukraine/4236328-20260726-guerre-ukraine-frappes-meurtrieres-deux-cotes-frontiere-drone-russe-roumanie-iran-menace-kiev,0,www.20minutes.fr,"Guerre en Ukraine : Frappes meurtrières des deux côtés de la frontière, drone russe en Roumanie et l’Iran menace Kiev","« 20 Minutes » fait le point pour vous tous les soirs sur le conflit en Ukraine. Ce dimanche 26 juillet,",https://img.20mn.fr/jYTwNwn-RAqxA6AGq2ayiCk/1444x920_cette-photo-fournie-par-les-services-d-urgence-ukrainiens-montre-le-site-des-frappes-de-missiles-russes-dans-la-region-de-kiev-en-ukraine-le-vendredi-24-juillet-2026-service-d-urgence-ukrainien-via-ap-xel103-26205457045590-ap-donne-acces-a-cette-photo-distribuee-publiquement-fournie-par-le-bureau-de-presse-du-service-d-urgence-ukrainien-credit-obligatoire-2607241449,2026-07-26T17:32:08Z,,"Vous avez raté les derniers événements sur la guerre en Ukraine ? 20 Minutes fait le point pour vous tous les soirs. Voici lessentiel de ce dimanche 26 juillet, 1.613e jour du conflit.
Le fait du jo… [+3240 chars]",,fr,'Kiev'
https://www.dhnet.be/sports/cyclisme/tour-de-france/2026/07/26/tour-de-france-avec-six-victoires-la-belgique-realise-son-meilleur-total-depuis-2022-BJDSYVABU5F4JDMFBMKTXBABOM/,https://www.dhnet.be/sports/cyclisme/tour-de-france/2026/07/26/tour-de-france-avec-six-victoires-la-belgique-realise-son-meilleur-total-depuis-2022-BJDSYVABU5F4JDMFBMKTXBABOM/,0,www.dhnet.be,"Tour de France: avec six victoires, la Belgique réalise son meilleur total depuis 2022","Les coureurs belges ont décroché six étapes sur le Tour de France 2026, remporté dimanche par le Slovène Tadej Pogacar. ...",https://www.dhnet.be/resizer/v2/RMJUQFZMBRCEJGZF2AIRFQVRRE.JPG?auth=fba1932e70d195254abfc6c4f9f5f92f1218d402a80c84fbd0b53bea4559c602&width=1200&height=630&quality=85&focal=3721%2C2481,2026-07-26T18:22:31Z,http://web.archive.org/web/20260727012532/https://www.dhnet.be/sports/cyclisme/tour-de-france/2026/07/26/tour-de-france-avec-six-victoires-la-belgique-realise-son-meilleur-total-depuis-2022-BJDSYVABU5F4JDMFBMKTXBABOM/,"Trois coureurs se sont partagés ces six victoires avec les trois succès au sprint de Tim Merlier sur les 7e, 8e et 12e étapes puis celles de Remco Evenepoel au sommet du Plateau de Solaison sur la 15… [+320 chars]",,fr,'Voiron'
https://www.20minutes.fr/diaporama/diaporama-4236275-images-incendie-gironde-ur-brasier-deja-ravage-42-000-hectares,https://www.20minutes.fr/diaporama/diaporama-4236275-images-incendie-gironde-ur-brasier-deja-ravage-42-000-hectares,0,www.20minutes.fr,EN IMAGES. Incendie en Gironde : Au cœur du brasier qui a déjà ravagé 42.000 hectares,"En Gironde, les flammes ont déjà parcouru 42.000 hectares - quatre fois la superficie de Paris - et l’incendie continue de progresser de manière totalement erratique.",https://img.20mn.fr/OhPOLKD3RXG4ndNKsEGtyik/1444x920_entre-les-villes-de-lacanau-et-le-porge-les-pompiers-francais-luttent-contre-l-un-des-plus-grands-feux-de-foret-jamais-vus-dans-le-pays-plus-de-42-000-hectares-de-forets-ont-deja-ete-detruits-plus-de-200-000-personnes-ont-ete-evacuees-ces-derniers-jours-l-incendie-se-trouve-aujourd-hui-a-moins-de-15-kilometres-de-la-metropole-de-bordeaux-et-les-sapeurs-pompiers-ont-du-mal-a-le-maitriser-munsch-frederic-0f1a4610-credit-frederic-munsch-sipa-2607261533,2026-07-26T18:34:31Z,http://web.archive.org/web/20260727011012/https://www.20minutes.fr/diaporama/diaporama-4236275-images-incendie-gironde-ur-brasier-deja-ravage-42-000-hectares,"Caroline Politi
Publié le 26/07/2026 à 20h34 Mis à jour le 26/07/2026 à 21h06
Entre les villes de Lacanau et Le Porge, les pompiers français luttent contre l'un des plus grands feux de forêt jamais… [+4416 chars]",,fr,'Paris'
https://www.dhnet.be/sports/cyclisme/2026/07/26/tour-de-france-2026-remco-evenepoel-je-me-suis-prouve-que-je-peux-continuer-a-rever-de-gagner-dautres-grands-tours-G4OGMLXRBVFBLLRFKFYWAYXWVU/,https://www.dhnet.be/sports/cyclisme/2026/07/26/tour-de-france-2026-remco-evenepoel-je-me-suis-prouve-que-je-peux-continuer-a-rever-de-gagner-dautres-grands-tours-G4OGMLXRBVFBLLRFKFYWAYXWVU/,0,www.dhnet.be,"Tour de France 2026 - Remco Evenepoel: ""Je me suis prouvé que je peux continuer à rêver de gagner d’autres grands tours""","Premier Belge deuxième du Tour depuis 45 ans, Remco Evenepoel a franchi plusieurs paliers durant trois semaines. ...",https://www.dhnet.be/resizer/v2/6XUQIYLTSNCPHPGSGS4NMUZHP4.JPG?auth=ffc78297eff6f4747e062f0870cbe873088c8232d863178cfa0e10de648aff7e&width=1200&height=630&quality=85&focal=1920%2C1280,2026-07-26T20:02:44Z,,Seuls Tadej Pogacar et Richard Carapaz ont semblé aussi frais que lui après trois semaines d'un périple qui aura conduit le peloton de Barcelone à Paris. Remco Evenepoel se sentait tellement bien qu'… [+6169 chars],,fr,'Belge'
https://www.lalibre.be/sports/cyclisme/2026/07/26/lex-boss-de-remco-evenepoel-sa-nouvelle-equipe-est-parvenue-a-faire-ce-que-nous-navons-jamais-reussi-T22EAUZLTZA37H3AXFSBJCFBDE/,https://www.lalibre.be/sports/cyclisme/2026/07/26/lex-boss-de-remco-evenepoel-sa-nouvelle-equipe-est-parvenue-a-faire-ce-que-nous-navons-jamais-reussi-T22EAUZLTZA37H3AXFSBJCFBDE/,0,www.lalibre.be,"L'ex-boss de Remco Evenepoel: ""Sa nouvelle équipe est parvenue à faire ce que nous n'avons jamais réussi""","Premier Belge deuxième du Tour depuis 45 ans, Remco Evenepoel a franchi plusieurs paliers durant trois semaines. ...",https://www.lalibre.be/resizer/v2/KF6XBOT6DNHGXFSQGELMMNCE6Y.jpg?auth=d7b7d79d3c14613f43474bfe35ef32285d268a6606d98e00c9dab5fc233a2584&width=1200&height=630&quality=85&focal=1559%2C1367,2026-07-26T21:03:45Z,http://web.archive.org/web/20260728053907/https://www.lalibre.be/sports/cyclisme/2026/07/26/lex-boss-de-remco-evenepoel-sa-nouvelle-equipe-est-parvenue-a-faire-ce-que-nous-navons-jamais-reussi-T22EAUZLTZA37H3AXFSBJCFBDE/,Seuls Tadej Pogacar et Richard Carapaz ont semblé aussi frais que lui après trois semaines d'un périple qui aura conduit le peloton de Barcelone à Paris. Remco Evenepoel se sentait tellement bien qu'… [+6156 chars],,fr,'Thonon-les-Bains'
https://www.20minutes.fr/societe/4236349-20260727-incendies-colonies-vacances-camps-scouts-suspendus-gironde,https://www.20minutes.fr/societe/4236349-20260727-incendies-colonies-vacances-camps-scouts-suspendus-gironde,0,www.20minutes.fr,Incendies : Les colonies de vacances et les camps scouts suspendus en Gironde,"Alors que les feux de forêt continuent de ravager le Sud-Ouest, la préfète de Gironde incite également « les touristes à ne pas venir »",https://img.20mn.fr/gBceS7inQ_eaY0MAQCe4KSk/1444x920_un-important-incendie-de-foret-s-est-declare-entre-cestas-et-marcheprime-de-fortes-rafales-de-vent-et-une-chaleur-intense-ont-considerablement-entrave-les-efforts-des-pompiers-face-a-la-propagation-rapide-de-l-incendie-la-foret-etait-en-flammes-avant-que-les-pompiers-ne-parviennent-a-contenir-l-incendie-dimanche-26-juillet-2026-accorsini-jeanne-fire-0037-credit-jeanne-accorsini-sipa-2607270359,2026-07-27T02:30:42Z,,"Alors que le feu ravage toujours le Sud-Ouest, les autorités font jouer le principe de précaution pour éviter au maximum un drame humain en pleine saison touristique. Les activités des colonies de va… [+1254 chars]",,fr,'Gironde'
https://www.ledauphine.com/sport/2026/07/26/630-km-et-35-000-m-de-d-en-sept-jours-la-haut-savoyarde-nouchka-simic-bat-le-record-feminin-de-la-grande-traversee-des-alpes,https://www.ledauphine.com/sport/2026/07/26/630-km-et-35-000-m-de-d-en-sept-jours-la-haut-savoyarde-nouchka-simic-bat-le-record-feminin-de-la-grande-traversee-des-alpes,0,www.ledauphine.com,Ultra-trail. 630 km et 35 000 m de D+ en sept jours : la Haut-Savoyarde Nouchka Simic bat le record féminin de la grande traversée des Alpes,"La Haut-Savoyarde Nouchka Simic a réalisé une incroyable performance ce week-end en bouclant la grande traversée des Alpes entre Thonon-les-Bains et Nice (630 km et 35 000 m de dénivelé positif) en sept jours, record féminin battu.",https://cdn-s-www.ledauphine.com/images/9456F7F4-D603-49B9-AB1D-148BE7328C4D/FB1200/photo-1785103870.jpg,2026-07-27T04:05:00Z,http://web.archive.org/web/20260728103113/https://www.ledauphine.com/sport/2026/07/26/630-km-et-35-000-m-de-d-en-sept-jours-la-haut-savoyarde-nouchka-simic-bat-le-record-feminin-de-la-grande-traversee-des-alpes,"Nouchka Simic a réussi son défi fou : celui de terminer la grande traversée des Alpes (le GR5), soit 630 km et près de 35 000 m de dénivelé positif, en une semaine. Partie depuis Thonon-les-Bains sam… [+1283 chars]",,fr,'Thonon-les-Bains'
https://www.20minutes.fr/planete/4236459-20260727-direct-incendies-gironde-landes-var-situation-reste-tres-defavorable,https://www.20minutes.fr/planete/4236459-20260727-direct-incendies-gironde-landes-var-situation-reste-tres-defavorable,0,www.20minutes.fr,"EN DIRECT Incendies : Les assureurs vont prendre en charge les frais de relogement, l’évacuation de Bordeaux « pas à l’ordre du jour »…",Suivez avec nous les informations de ce lundi 27 juillet concernant les nombreux incendies qui frappent la France,https://img.20mn.fr/dTmwif7uT-us1JNOYIrCoCk/1444x920_pres-de-110-maisons-du-village-du-porge-ont-ete-detruites-par-l-enorme-incendie-de-foret-dans-le-departement-de-la-gironde-les-pompiers-francais-luttent-contre-l-un-des-plus-grands-feux-de-foret-jamais-vus-dans-le-pays-plus-de-42-000-hectares-de-forets-ont-deja-ete-detruits-plus-de-200-000-personnes-ont-ete-evacuees-ces-derniers-jours-l-incendie-se-trouve-aujourd-hui-a-moins-de-15-kilometres-de-la-metropole-de-bordeaux-et-les-sapeurs-pompiers-ont-du-mal-a-le-maitriser-munsch-frederic-0f1a4582-credit-frederic-munsch-sipa-2607261532,2026-07-27T04:17:51Z,,"10h00
La porte-parole du gouvernement, Maud Bregeon, affirme que les moyens de lutte contre les incendies ont « massivement augmenté » sur la dernière décennie. Elle accuse lopposition damplifier un… [+7260 chars]",,fr,'Bordeaux'
https://www.20minutes.fr/faits_divers/4236481-20260727-incendie-gironde-quarantaine-bouteilles-grands-crus-voles-maison-evacuee-suspect-arrete,https://www.20minutes.fr/faits_divers/4236481-20260727-incendie-gironde-quarantaine-bouteilles-grands-crus-voles-maison-evacuee-suspect-arrete,0,www.20minutes.fr,"Incendie en Gironde : Une quarantaine de bouteilles de grands crus volés dans une maison évacuée, un suspect arrêté","Stationné devant une propriété évacuée à cause des incendies en Gironde, un homme déjà connu de la justice a été interpellé avec de nombreuses bouteilles de vins dans son coffre, augurant d’un pillage",https://img.20mn.fr/KmQOnhGrSjGZ4fgwE4a1iCk/1444x920_gironde-33-bordeaux-martillac-tombes-pessac-leognan-chateau-smith-haut-lafitte-le-paradis-avec-sa-collection-de-bouteilles-anciennes-du-chateau-smith-haut-lafitte-photo-d-antoine-lorgnier-only-france-via-afp,2026-07-27T07:12:40Z,,"Un homme stationné en voiture devant une propriété évacuée nest pas passé inaperçu. Il a été interpellé samedi, soupçonné davoir dérobé 44 bouteilles de grands crus dans une propriété à Eysines, comm… [+984 chars]",,fr,'Gironde'
https://www.20minutes.fr/societe/4236489-20260727-incendies-plus-80-pompiers-blesses-lutte-contre-flammes-gironde,https://www.20minutes.fr/societe/4236489-20260727-incendies-plus-80-pompiers-blesses-lutte-contre-flammes-gironde,0,www.20minutes.fr,"Incendies : Plus de 80 pompiers blessés dans la lutte contre les flammes en Gironde, Corse et dans le Var","Massivement engagés sur plusieurs incendies en Gironde mais aussi dans le Var et en Corse depuis plusieurs jours et nuits, les pompiers déplorent plusieurs blessés et trois morts depuis le début de l’été",https://img.20mn.fr/tZ0LfWKQSQaJd66jinjJ9ik/1444x920_les-pompiers-combattent-un-incendie-de-foret-a-saint-jean-d-illac-a-environ-30-km-de-bordeaux-le-26-juillet-2026-alors-qu-un-feu-de-foret-ravage-la-foret-au-nord-du-bassin-d-arcachon-gironde-les-220-000-personnes-evacuees-en-raison-de-l-enorme-incendie-de-foret-dans-la-region-francaise-de-la-gironde-ne-pourront-pas-rentrer-chez-elles-tant-que-l-incendie-ne-sera-pas-maitrise-a-declare-le-prefet-local-excluant-egalement-toute-journee-de-travail-normale-lundi-dans-les-villes-touchees-en-prevision-d-une-eventuelle-aggravation-de-la-situation-mardi-en-raison-de-la-hausse-attendue-des-temperatures-photo-de-romain-perrocheau-afp,2026-07-27T08:39:03Z,,"Ils sont au front depuis six jours et autant de nuits. Parmi les plus de 2.500 sapeurs-pompiers engagés contre le mégafeu en Gironde, 84 ont été blessés, dont dix ont dû être évacués, ont annoncé les… [+1153 chars]",,fr,'Gironde'
https://www.20minutes.fr/societe/4236485-20260727-incendie-gironde-etat-demande-touristes-venir-departement,https://www.20minutes.fr/societe/4236485-20260727-incendie-gironde-etat-demande-touristes-venir-departement,0,www.20minutes.fr,Incendie en Gironde : L’Etat demande aux touristes de ne pas venir dans le département,"Maud Bregeon, ministre et porte-parole du gouvernement, invite « vivement les Françaises et les Français à ne pas se rendre dans le département (de la Gironde) tant que le feu n’est pas fixé »",https://img.20mn.fr/KsWOWn0QSx2LYK0ZcG3nXSk/1444x920_entre-les-villes-de-lacanau-et-le-porge-les-pompiers-francais-luttent-contre-l-un-des-plus-grands-feux-de-foret-jamais-vus-dans-le-pays-plus-de-42-000-hectares-de-forets-ont-deja-ete-detruits-plus-de-200-000-personnes-ont-ete-evacuees-ces-derniers-jours-l-incendie-se-trouve-aujourd-hui-a-moins-de-15-kilometres-de-la-metropole-de-bordeaux-et-les-sapeurs-pompiers-ont-du-mal-a-le-maitriser-munschfrederic-0f1a4688-credit-frederic-munsch-sipa-2607261535,2026-07-27T09:02:16Z,http://web.archive.org/web/20260728002624/https://www.20minutes.fr/societe/4236485-20260727-incendie-gironde-etat-demande-touristes-venir-departement,"Même si la situation sur le front des incendies en Gironde et dans les Landes où le feu a déjà ravagé 42.000 hectares et conduit à lévacuation de 220.000 personnes, la situation est restée « globalem… [+2095 chars]",,fr,'Gironde'
https://www.ledauphine.com/environnement/2026/07/27/isere-voiron-eclipse-du-12-aout-l-engouement-pour-les-lunettes-de-protection-commence-chez-les-opticiens,https://www.ledauphine.com/environnement/2026/07/27/isere-voiron-eclipse-du-12-aout-l-engouement-pour-les-lunettes-de-protection-commence-chez-les-opticiens,0,www.ledauphine.com,Voiron. Éclipse du 12 août : l'engouement pour les lunettes de protection commence chez les opticiens,"La France vivra, le 12 août, un événement inédit depuis un quart de siècle : une éclipse solaire qui sera visible à près de 95 % dans notre région. Depuis plusieurs mois, les opticiens de Voiron vendent des lunettes de protection et encouragent les clients à …",https://cdn-s-www.ledauphine.com/images/D3E435C0-5F90-4087-9DF1-76E067E39870/FB1200/photo-1785144475.jpg,2026-07-27T09:25:00Z,,"Le Dauphiné Libéré, en tant que responsable de traitement, recueille dans ce formulaire des informations qui sont enregistrées dans un fichier informatisé par son Service Relations Clients, la finali… [+854 chars]",,fr,'Voiron'
https://www.20minutes.fr/planete/4236518-20260727-remontee-temperatures-canicule-nouveau-pic-chaleur-attendu-prochains-jours,https://www.20minutes.fr/planete/4236518-20260727-remontee-temperatures-canicule-nouveau-pic-chaleur-attendu-prochains-jours,0,www.20minutes.fr,"C’est reparti pour 40 °C, un nouveau pic de chaleur arrive ces prochains jours en France","Après une accalmie ce week-end, une nouvelle vague de chaleur débute mardi, constituant le quatrième épisode de très fortes chaleurs de l’été",https://img.20mn.fr/dfO0MJ_3Srq9Mtf3LbKVBSk/1444x920_touristes-sur-la-promenade-des-anglais-nice-france-14-07-2026-syspeo-sys-a001-credit-syspeo-sipa-2607171152,2026-07-27T10:32:14Z,,"Après un léger sursis ce week-end et ce lundi, les températures vont de nouveau repartir en forte hausse à partir de mardi. « Il va sagir du quatrième épisode de très fortes chaleurs de lété, et la 5… [+1075 chars]",,fr,'France'
https://www.ledauphine.com/faits-divers-justice/2026/07/27/cagnotte-pour-les-sinistres-une-premiere-commande-est-arrivee-plus-de-3-200-euros-recoltes,https://www.ledauphine.com/faits-divers-justice/2026/07/27/cagnotte-pour-les-sinistres-une-premiere-commande-est-arrivee-plus-de-3-200-euros-recoltes,0,www.ledauphine.com,"Isère. Cagnotte pour les sinistrés : une première commande est arrivée, plus de 3 200 euros récoltés","L’élan de solidarité du Village solidaire Nord Isère a atteint la Gironde. Ce lundi 27 juillet, une première commande de produits de première ...",https://cdn-s-www.ledauphine.com/images/0C2C8788-AC5A-45AA-B710-074B6D31C99C/FB1200/photo-1785149977.jpg,2026-07-27T11:04:00Z,http://web.archive.org/web/20260728093953/https://www.ledauphine.com/faits-divers-justice/2026/07/27/cagnotte-pour-les-sinistres-une-premiere-commande-est-arrivee-plus-de-3-200-euros-recoltes,"Le Dauphiné Libéré, en tant que responsable de traitement, recueille dans ce formulaire des informations qui sont enregistrées dans un fichier informatisé par son Service Relations Clients, la finali… [+854 chars]",,fr,'Isère'
https://www.20minutes.fr/faits_divers/4236526-20260727-paris-trois-blesses-attaque-couteau-suspect-interpelle,https://www.20minutes.fr/faits_divers/4236526-20260727-paris-trois-blesses-attaque-couteau-suspect-interpelle,0,www.20minutes.fr,"Paris : Trois femmes blessées dans une attaque aux couteaux de cuisine, un suspect interpellé","Un homme a attaqué plusieurs femmes porte de Clichy, dans le nord-ouest de Paris",https://img.20mn.fr/tjly7CZ_TBKwB_iAg-2XmSk/1444x920_commisariats-de-police-nationale-et-municipale-de-colombes-92-sur-le-theme-de-la-securite-du-quotidien-colombes-france-le-13-mai-2026-national-and-municipal-police-stations-in-colombes-92-to-discuss-everyday-security-colombes-france-may-13-2026-04nicolasmessyasz-2026-05-13a-179a-credit-nicolas-messyasz-sipa-2605131256,2026-07-27T11:20:10Z,http://web.archive.org/web/20260727225837/https://www.20minutes.fr/faits_divers/4236526-20260727-paris-trois-blesses-attaque-couteau-suspect-interpelle,"Lattaque sest produite dans le nord-ouest de la capitale. Un homme est suspecté davoir blessé ce lundi trois femmes à Paris, à laide de deux couteaux de cuisine. Le suspect a été « rapidement » inter… [+982 chars]",,fr,'Paris'
https://www.mediapart.fr/journal/ecologie/270726/incendies-le-record-annuel-des-surfaces-brulees-en-france-deja-battu-en-2026,https://www.mediapart.fr/journal/ecologie/270726/incendies-le-record-annuel-des-surfaces-brulees-en-france-deja-battu-en-2026,0,www.mediapart.fr,Incendies: le record annuel des surfaces brûlées en France déjà battu en 2026,"Les incendies ont parcouru 115 000 hectares depuis le début de l’année, selon le ministre de l’intérieur, Laurent Nuñez, qui a estimé que « la situation demeure très défavorable », notamment en Gironde, où un feu a dévoré 42 000 hectares.",https://static.mediapart.fr/etmagine/og/journal/files/2026/07/23/260723-img-en-france-la-saison-des-feux-2026-bat-tous-les-records.jpg,2026-07-27T11:25:29Z,http://web.archive.org/web/20260727185849/https://www.mediapart.fr/journal/ecologie/270726/incendies-le-record-annuel-des-surfaces-brulees-en-france-deja-battu-en-2026,"Les cookies et technologies similaires que nous utilisons sur Mediapart sont de différentes natures et nous permettent de poursuivre différentes finalités. 
Certains sont nécessaires au fonctionneme… [+3291 chars]",,fr,'France'
https://www.ledauphine.com/economie/2026/07/28/isere-on-va-finir-par-se-casser-la-gueule-pourquoi-les-auto-ecoles-de-l-isere-n-en-peuvent-plus,https://www.ledauphine.com/economie/2026/07/28/isere-on-va-finir-par-se-casser-la-gueule-pourquoi-les-auto-ecoles-de-l-isere-n-en-peuvent-plus,0,www.ledauphine.com,Isère. « On va finir par se casser la gueule » : pourquoi les auto-écoles de l'Isère n'en peuvent plus,"Les professionnels sont au bord de l’asphyxie : en Isère, le nouveau système d'attribution des examens du permis de conduire passe mal. De Voiron à Grenoble, les gérants d’auto-écoles tirent la sonnette d’alarme face à une situation qui menace la survie de le…",https://cdn-s-www.ledauphine.com/images/3D6B42F5-EB9F-4F1F-87A8-62A8F9BFF1AD/FB1200/photo-1785146273.jpg,2026-07-27T11:47:00Z,http://web.archive.org/web/20260728021410/https://www.ledauphine.com/economie/2026/07/28/isere-on-va-finir-par-se-casser-la-gueule-pourquoi-les-auto-ecoles-de-l-isere-n-en-peuvent-plus,"Le Dauphiné Libéré, en tant que responsable de traitement, recueille dans ce formulaire des informations qui sont enregistrées dans un fichier informatisé par son Service Relations Clients, la finali… [+854 chars]",,fr,'Isère'
https://www.presse-citron.net/lukraine-sattaque-a-lequivalent-damazon-en-russie-plusieurs-sites-bombardes-dans-le-but-dimpacter-le-moral-de-la-population-et-atteindre-indirectement-larmee/,https://www.presse-citron.net/lukraine-sattaque-a-lequivalent-damazon-en-russie-plusieurs-sites-bombardes-dans-le-but-dimpacter-le-moral-de-la-population-et-atteindre-indirectement-larmee/,0,www.presse-citron.net,L’Ukraine s’attaque à l’équivalent d’Amazon en Russie : plusieurs sites bombardés dans le but d’impacter le moral de la population et atteindre indirectement l’Armée,"L’Ukraine a bombardé de nombreux entrepôts de la société Wildberries, l’équivalent d’Amazon en Russie. Kiev espère ainsi saper le moral de la population, tout en pénalisant la chaîne d’approvisionnement de l’armée.",https://www.presse-citron.net/app/uploads/2025/10/Russie-1600x900.jpg,2026-07-27T12:00:45Z,http://web.archive.org/web/20260727203005/https://www.presse-citron.net/lukraine-sattaque-a-lequivalent-damazon-en-russie-plusieurs-sites-bombardes-dans-le-but-dimpacter-le-moral-de-la-population-et-atteindre-indirectement-larmee/,"LUkraine compte bien asphyxier léconomie russe le plus rapidement possible avec des bombardements sur des infrastructures clés au cur du pays. Lune des nouvelles cibles de Kiev se nomme Wildberries, … [+2734 chars]",,fr,'Russie'
https://linterconnexionnestplusassuree.fr/2026/07/27/en-rhone-alpes-la-galere-ferroviaire-permanente/,https://linterconnexionnestplusassuree.fr/2026/07/27/en-rhone-alpes-la-galere-ferroviaire-permanente/,0,linterconnexionnestplusassuree.fr,"En Rhône-Alpes, la galère ferroviaire permanente","Assis sur le sol herbeux, certains fument une cigarette. D’autres se sont même allongés. Trois enfants jouent avec le petit chien qu’une passagère tient en laisse. La plupart font les cent pas, le pouce sur l’écran, ou l’appareil devant la bouche. A la gare d…",https://linterconnexionnestplusassuree.fr/wp-content/uploads/2026/07/retard-ter-737.jpg,2026-07-27T12:47:13Z,,"Un TER arrêté en gare de Tenay-Hauteville, le 26 juillet 2026.
Assis sur le sol herbeux, certains fument une cigarette. D’autres se sont même allongés. Trois enfants jouent avec le petit chien qu’un… [+6368 chars]",,fr,'Rhône'
https://www.ledauphine.com/faits-divers-justice/2026/07/27/des-jeunes-bloquent-un-train-pour-ne-pas-louper-une-correspondance,https://www.ledauphine.com/faits-divers-justice/2026/07/27/des-jeunes-bloquent-un-train-pour-ne-pas-louper-une-correspondance,0,www.ledauphine.com,Hautes-Alpes. Des jeunes bloquent un train pour ne pas louper une correspondance,"Vendredi 24 juillet, vers 13 heures, un train entre Briançon et Marseille a été grandement retardé lors de son passage en gare de Mont-Dauphin-Guillestre (Eygliers).",https://cdn-s-www.ledauphine.com/images/656F55DA-1569-4C30-AD1B-1AFFCF0DABD7/FB1200/photo-1785159694.jpg,2026-07-27T13:41:00Z,,"Le Dauphiné Libéré, en tant que responsable de traitement, recueille dans ce formulaire des informations qui sont enregistrées dans un fichier informatisé par son Service Relations Clients, la finali… [+854 chars]",,fr,'Marseille'
https://www.20minutes.fr/sport/cyclisme/tour-de-france/4236565-20260727-toru-france-2026-records-paris-roubaix-impossible-triple-va-motiver-pogacar-suite,https://www.20minutes.fr/sport/cyclisme/tour-de-france/4236565-20260727-toru-france-2026-records-paris-roubaix-impossible-triple-va-motiver-pogacar-suite,0,www.20minutes.fr,"Tour de France 2026 : Records, Paris-Roubaix ou impossible triplé… Qu’est-ce qui va motiver Pogacar pour la suite ?","Le Slovène, entré dans la légende du Tour de France dimanche avec un 5e sacre, a encore quelques défis qui l’attendent pour la suite de sa carrière. Mais tout dépendra de sa motivation, évidemment",https://img.20mn.fr/_2_6VijaS-qWIwzf8ndmgCk/1444x920_le-slovene-tadej-pogacar-de-l-uae-team-emirates-xrg-celebre-le-franchissement-de-la-ligne-d-arrivee-de-la-21e-etape-du-tour-de-france-2026-une-etape-de-130-km-reliant-thoiry-a-paris-champs-elysees-le-dimanche-26-juillet-2026-la-113e-edition-du-tour-de-france-debutera-le-samedi-4-juillet-a-barcelone-en-espagne-et-se-terminera-a-paris-en-france-le-26-juillet-belga-photo-jasper-jacobs-182145232-credit-jasper-jacobs-belga-sipa-2607271207,2026-07-27T14:25:06Z,http://web.archive.org/web/20260727234544/https://www.20minutes.fr/sport/cyclisme/tour-de-france/4236565-20260727-toru-france-2026-records-paris-roubaix-impossible-triple-va-motiver-pogacar-suite,"Aussitôt descendu du podium dimanche soir, Tadej Pogacar se tournait vers la suite. Certes, il va « savourer » son cinquième sacre sur le Tour de France, ce qui le place à la hauteur dAnquetil, Merck… [+5548 chars]",,fr,'Savoie'
https://www.10h26.com/plus-gros-incendies-france,https://www.10h26.com/plus-gros-incendies-france,0,www.10h26.com,"10 plus gros incendies en France, les plus dévastateurs","L'été 2022 subit les incendies parmi les plus dévastateurs que la France ait jamais connus. Des feux de forêts précoces, qui débutent le 15 juillet plutôt que…",https://i.10h26.com/n/I7cPWx4sSJIBQsg9ld5hbQ1txmFRd2vdP5NWSlULasg/rs:fill:1200:630/f:jpeg/czM6Ly96dGctYmt0LWF6dXJlLW9ueXgvMWZmNDZhODItNDQ1MS00YWIwLTg4OWYtNjM4MGFiMGIyMDE0LmpwZw,2026-07-27T14:26:00Z,http://web.archive.org/web/20260728093833/https://www.10h26.com/plus-gros-incendies-france,"L'été 2022 subit les incendies parmi les plus dévastateurs que la France ait jamais connus. Des feux de forêts précoces, qui débutent le 15 juillet plutôt que le 20 août ; des régions nouvellement to… [+5104 chars]",,fr,'France'
https://www.20minutes.fr/societe/4236560-20260727-quoi-immenses-pare-feu-forestiers-batis-hate-arreter-flammes,https://www.20minutes.fr/societe/4236560-20260727-quoi-immenses-pare-feu-forestiers-batis-hate-arreter-flammes,0,www.20minutes.fr,Incendies : A quoi servent les immenses pare-feu forestiers bâtis à la hâte pour arrêter les flammes ?,"Pour arrêter le méga-incendie en Gironde, des bulldozers, engins et tracteurs de l’armée, de la Sécurité civile, d’entreprises ou des services communaux de Lacanau bâtissent à la hâte d’immenses pare-feu",https://img.20mn.fr/gSywjBiZRRO6O09mP7wpoCk/1444x920_cette-vue-aerienne-montre-une-ligne-de-feu-une-rupture-de-vegetation-pres-de-marcheprime-a-l-ouest-de-bordeaux-le-27-juillet-2026-lors-de-feux-de-foret-dans-la-region-de-la-gironde-dans-le-sud-ouest-de-la-france-les-pompiers-ont-combattu-d-enormes-incendies-qui-ravageaient-les-forets-de-france-le-27-juillet-alors-que-les-autorites-mettaient-en-garde-contre-une-nouvelle-vague-de-chaleur-qui-s-appretait-a-ravager-la-region-viticole-francaise-brulee-autour-de-la-grande-ville-de-bordeaux-photo-de-philippe-lopez-afp,2026-07-27T14:30:29Z,,"Des bulldozers de larmée et des pelleteuses dentreprises ou de services communaux à la manuvre. Pour tenter de stopper la progression du giga-incendie qui sévit en Gironde, dimmenses saignées dans le… [+1563 chars]",,fr,'Gironde'
https://www.frandroid.com/survoltes/voitures-electriques/3195289_fuir-un-incendie-en-voiture-electrique-pourquoi-la-batterie-nest-pas-le-vrai-probleme,https://www.frandroid.com/survoltes/voitures-electriques/3195289_fuir-un-incendie-en-voiture-electrique-pourquoi-la-batterie-nest-pas-le-vrai-probleme,0,www.frandroid.com,Fuir un incendie en voiture électrique : pourquoi la batterie n’est pas le vrai problème,"En quelques jours, l’incendie de Gironde a poussé 220 000 personnes à évacuer alors que le feu se rapproche de Bordeaux. À chaque évacuation de masse, la même question tombe : et en voiture électrique, on fait comment ? On a repris les mesures, pour comparer …","https://c0.lestechnophiles.com/images.frandroid.com/wp-content/uploads/2026/07/2f27342_upload-1-9oct7dmow7zo-26072026-1a0a4812-incendies-gironde-carrot.avif?resize=1600,900&key=37df011b",2026-07-27T15:40:48Z,http://web.archive.org/web/20260727224052/https://www.frandroid.com/survoltes/voitures-electriques/3195289_fuir-un-incendie-en-voiture-electrique-pourquoi-la-batterie-nest-pas-le-vrai-probleme,"En quelques jours, lincendie de Gironde a poussé 220 000 personnes à évacuer alors que le feu se rapproche de Bordeaux. À chaque évacuation de masse, la même question tombe : et en voiture électrique… [+5718 chars]",,fr,'Gironde'
https://www.ledauphine.com/faits-divers-justice/2026/07/27/une-enquete-ouverte-apres-l-incendie-de-la-voiture-de-l-influenceuse-carla-moreau,https://www.ledauphine.com/faits-divers-justice/2026/07/27/une-enquete-ouverte-apres-l-incendie-de-la-voiture-de-l-influenceuse-carla-moreau,0,www.ledauphine.com,Marseille. Une enquête ouverte après l'incendie de la voiture de l'influenceuse Carla Moreau,"La semaine dernière, la voiture de l'influenceuse Carla Moreau avait été incendiée alors qu'une lettre avait été déposée dans sa boîte aux lettres réclamant un versement de 60 000 euros pour le compte de la DZ Mafia.",https://cdn-s-www.ledauphine.com/images/050D9CD3-FB81-4286-A048-5399876175F7/FB1200/photo-1785167052.jpg,2026-07-27T15:44:00Z,http://web.archive.org/web/20260728014921/https://www.ledauphine.com/faits-divers-justice/2026/07/27/une-enquete-ouverte-apres-l-incendie-de-la-voiture-de-l-influenceuse-carla-moreau,"Le parquet de Marseille a confirmé lundi l'ouverture d'une enquête notamment pour « tentative d'extorsion en bande organisée », après l'incendie la semaine dernière d'une voiture appartenant à une in… [+1516 chars]",,fr,'Marseille'
https://www.sofoot.com/breves/larrivee-du-lyonnais-genesio-a-marseille-ne-derange-pas-jean-michel-aulas,https://www.sofoot.com/breves/larrivee-du-lyonnais-genesio-a-marseille-ne-derange-pas-jean-michel-aulas,0,www.sofoot.com,L’arrivée du Lyonnais Genesio à Marseille ne dérange pas Jean-Michel Aulas,"Après tout, il y a le mot « Olympique » dans le nom. Débarqué à l’OM en…",https://sofoot.s3.eu-central-1.amazonaws.com/wp-content/uploads/2026/07/27181131/2766272-1400x933.jpg,2026-07-27T16:27:20Z,http://web.archive.org/web/20260727235320/https://www.sofoot.com/breves/larrivee-du-lyonnais-genesio-a-marseille-ne-derange-pas-jean-michel-aulas,"Après tout, il y a le mot « Olympique » dans le nom. Débarqué à lOM en provenance de Lille, Bruno Genesio est surtout Lyonnais dorigine. Après avoir entraîné le club rhodanien pendant trois saisons e… [+925 chars]",,fr,'Marseille'
https://www.20minutes.fr/societe/4236588-20260727-incendie-gironde-face-boxeur-genou-terre-faut-mette-deuxieme,https://www.20minutes.fr/societe/4236588-20260727-incendie-gironde-face-boxeur-genou-terre-faut-mette-deuxieme,0,www.20minutes.fr,"Incendie en Gironde : « Nous sommes face à un boxeur qui a un genou à terre, il faut qu’il mette le deuxième »","Si la situation est « stabilisée » en Gironde, les sapeurs-pompiers doivent toujours faire face à des reprises de feu, comme cela a été le cas ce lundi à Saint-Jean-d’Illac",https://img.20mn.fr/mNbOLpEQRd2NU4lIjuxcoyk/1444x920_no-caption,2026-07-27T16:41:06Z,,"A Saint-Jean-dIllac, en Gironde
Des kilomètres de forêt brûlée. Des villes et des villages entiers déserts - après avoir été évacués. Et une fumée toujours persistante dans lair. Ce lundi, la Girond… [+3698 chars]",,fr,'Gironde'
https://www.20minutes.fr/monde/ukraine/4236577-20260727-guerre-ukraine-zelensky-rencontre-burnham-poutine-augmente-armee,https://www.20minutes.fr/monde/ukraine/4236577-20260727-guerre-ukraine-zelensky-rencontre-burnham-poutine-augmente-armee,0,www.20minutes.fr,"Guerre en Ukraine : Zelensky rencontre Burnham, Poutine augmente son armée","« 20 Minutes » fait le point pour vous tous les soirs sur le conflit en Ukraine. Ce lundi 27 juillet, la journée a été marquée par la rencontre entre Zelensky et Burnham et Poutine gonfle son armée",https://img.20mn.fr/EFK1yaEJTk-YWW7KMsm9LSk/1444x920_le-president-ukrainien-volodymyr-zelenskyy-rencontre-le-nouveau-premier-ministre-britannique-andy-burnham-a-la-base-navale-de-portsmouth-a-portsmouth-en-angleterre-le-lundi-27-juillet-2026-ou-ils-ont-visite-le-porte-avions-hms-queen-elizabeth-de-la-royal-navy-photo-fournie-par-le-bureau-de-presse-presidentiel-ukrainien-upi-photo-via-news-com-upi-photos-three160797-upi-newscom-sipa-2607271828,2026-07-27T17:25:54Z,http://web.archive.org/web/20260728003455/https://www.20minutes.fr/monde/ukraine/4236577-20260727-guerre-ukraine-zelensky-rencontre-burnham-poutine-augmente-armee,"Vous avez raté les derniers événements sur la guerre en Ukraine ? 20 Minutes fait le point pour vous tous les soirs. Voici lessentiel de ce lundi 27 juillet, 1.614e jour du conflit.
Le fait du jour… [+3202 chars]",,fr,'Ukraine'
https://www.ledauphine.com/sport/2026/07/27/une-star-au-milieu-de-chomeurs-zidane-toujours-un-modele-a-la-castellane-sa-cite-d-enfance,https://www.ledauphine.com/sport/2026/07/27/une-star-au-milieu-de-chomeurs-zidane-toujours-un-modele-a-la-castellane-sa-cite-d-enfance,0,www.ledauphine.com,"Marseille. « Une star au milieu de chômeurs » : Zidane toujours « un modèle » à La Castellane, sa cité d'enfance","Zinédine Zidane, futur sélectionneur des Bleus, est une idole à La Castellane. Reportage dans la cité des quartiers nord de Marseille où le Ballon d’or 1998 a passé son enfance et où il garde des attaches. Son ancien quartier reste gangrené par le narcotrafic.",https://cdn-s-www.ledauphine.com/images/43F65A4E-4814-4F30-99FD-605B30712C5D/FB1200/photo-1785174563.jpg,2026-07-27T17:31:00Z,http://web.archive.org/web/20260728014246/https://www.ledauphine.com/sport/2026/07/27/une-star-au-milieu-de-chomeurs-zidane-toujours-un-modele-a-la-castellane-sa-cite-d-enfance,Le bâtiment G où Zinédine Zidane a vécu jusquà ses 14 ans a été rasé mais lancien capitaine des Bleus garde des liens étroits avec la cité des quartiers nord de Marseille (Bouches-du-Rhône) où il a g… [+4425 chars],,fr,'Marseille'
https://www.ledauphine.com/politique/2026/07/27/presidentielle-2027-a-annecy-gabriel-attal-promet-le-retour-de-la-visibilite,https://www.ledauphine.com/politique/2026/07/27/presidentielle-2027-a-annecy-gabriel-attal-promet-le-retour-de-la-visibilite,0,www.ledauphine.com,"Politique. Présidentielle 2027 : à Annecy, Gabriel Attal promet le retour de la visibilité","Long passage, ce lundi 27 juillet, par Annecy, fief macroniste du maire Antoine Armand, pour le secrétaire général de Renaissance qui mène campagne pour l’élection suprême de 2027.",https://cdn-s-www.ledauphine.com/images/5BB87397-9A49-4BFA-83BE-E0A445AD2A0F/FB1200/photo-1785173429.jpg,2026-07-27T17:37:00Z,,"« Je nai pas une minute à perdre pour aller à la rencontre des Français ». Après le Mondial de la pétanque à Marseille et le festival de Cornouaille à Quimper, Gabriel Attal, secrétaire général du pa… [+427 chars]",,fr,'Marseille'
https://rmcsport.bfmtv.com/football/equipe-de-france/ca-donne-de-l-espoir-pour-les-jeunes-a-marseille-la-fierte-de-la-castellane-cite-d-origine-de-zinedine-zidane_AV-202607270585.html,https://rmcsport.bfmtv.com/football/equipe-de-france/ca-donne-de-l-espoir-pour-les-jeunes-a-marseille-la-fierte-de-la-castellane-cite-d-origine-de-zinedine-zidane_AV-202607270585.html,0,rmcsport.bfmtv.com,"""Ça donne de l'espoir pour les jeunes"": à Marseille, la fierté de la Castellane, cité d'origine de Zinedine Zidane","Zinedine Zidane va être nommé sélectionneur de l'équipe de France ce mardi. À Marseille, et plus précisément dans la cité de la Castellane où il a grandi, la fierté prédomine.",https://io-fsly-bfmtv.cdn.nextradiotv.com/U2nrAd4pmb6-2ZAR2m9la-ssvhs=/0x106:2048x1258/images/Zinedine-Zidane-en-juin-2024-2325977.jpg,2026-07-27T22:01:18Z,http://web.archive.org/web/20260728135057/https://rmcsport.bfmtv.com/football/equipe-de-france/ca-donne-de-l-espoir-pour-les-jeunes-a-marseille-la-fierte-de-la-castellane-cite-d-origine-de-zinedine-zidane_AV-202607270585.html,"Zinedine Zidane va être nommé sélectionneur de l'équipe de France ce mardi. À Marseille, et plus précisément dans la cité de la Castellane où il a grandi, la fierté prédomine.
À la moindre mention d… [+2071 chars]",,fr,'Marseille'
https://www.franceinfo.fr/environnement/evenements-meteorologiques-extremes/incendies-et-feux-de-foret/incendies-en-gironde/des-resineux-hautement-inflammables-plantes-de-facon-homogene-comment-la-monoculture-de-pins-maritimes-en-gironde-et-dans-les-landes-favorise-les-incendies_8123978.html,https://www.franceinfo.fr/environnement/evenements-meteorologiques-extremes/incendies-et-feux-de-foret/incendies-en-gironde/des-resineux-hautement-inflammables-plantes-de-facon-homogene-comment-la-monoculture-de-pins-maritimes-en-gironde-et-dans-les-landes-favorise-les-incendies_8123978.html,0,www.franceinfo.fr,"Des résineux hautement inflammables, plantés de façon homogène… Comment la monoculture de pins maritimes en Gironde et dans les Landes favorise les incendies","Alors que les incendies qui ravagent les massifs de Gironde et des Landes sont devenus les plus importants depuis 1949, la manière dont ces forêts, largement dominées par le pin maritime, ont été conçues et exploitées interroge.",https://www.franceinfo.fr/pictures/iWdohu-gSpTN-Aoemhc0JXsi6t4/0x625:6000x4000/1500x843/2026/07/27/6a67403e14d2c357710004.jpg,2026-07-28T04:08:56Z,http://web.archive.org/web/20260730171241/https://www.franceinfo.fr/environnement/evenements-meteorologiques-extremes/incendies-et-feux-de-foret/incendies-en-gironde/des-resineux-hautement-inflammables-plantes-de-facon-homogene-comment-la-monoculture-de-pins-maritimes-en-gironde-et-dans-les-landes-favorise-les-incendies_8123978.html,"Dans ces forêts, le feu trouve rarement un obstacle. Lorsqu'elles sont desséchées par plusieurs semaines de chaleur, les immenses plantations de pins maritimes peuvent devenir un carburant pour les f… [+4171 chars]",,fr,'Maritimes'
https://www.20minutes.fr/societe/4236602-20260728-incendie-gironde-faut-aller-chercher-feu-profondeur,https://www.20minutes.fr/societe/4236602-20260728-incendie-gironde-faut-aller-chercher-feu-profondeur,0,www.20minutes.fr,Incendie en Gironde : « Il faut aller chercher le feu en profondeur »,"A la faveur de conditions météo plus favorables lundi, les sapeurs-pompiers mobilisés en Gironde ont cherché à « noyer » le feu le plus rapidement possible",https://img.20mn.fr/qd9t42cNTrCyH8qCfdv-tSk/1444x920_les-actions-de-noyage-se-multiplient-dans-le-massif-forestier-brule,2026-07-28T05:07:36Z,http://web.archive.org/web/20260728181524/https://www.20minutes.fr/societe/4236602-20260728-incendie-gironde-faut-aller-chercher-feu-profondeur,"Une course contre la montre est engagée depuis dimanche soir pour tenter de fixer le gigantesque incendie en Gironde. A la faveur d'une accalmie de l'incendie, rendue possible grâce aux conditions mé… [+3981 chars]",,fr,'Gironde'
https://www.mediapart.fr/journal/france/280726/incendies-en-gironde-une-importante-reprise-de-feu-lege-cap-ferret,https://www.mediapart.fr/journal/france/280726/incendies-en-gironde-une-importante-reprise-de-feu-lege-cap-ferret,0,www.mediapart.fr,Incendies en Gironde: une «importante» reprise de feu à Lège-Cap-Ferret,"La mairie a annoncé cette reprise de feu peu après midi, alors que la Gironde venait de passer en vigilance jaune canicule à midi, et qu’un vent orienté au sud-est est annoncé. Mardi matin, 4 000 personnes ont été évacuées des hébergements touristiques de la …",https://static.mediapart.fr/etmagine/og/journal/files/2026/07/28/260728-img-depeche-gironde-evacuation.jpg,2026-07-28T05:37:52Z,http://web.archive.org/web/20260729131633/https://www.mediapart.fr/journal/france/280726/incendies-en-gironde-une-importante-reprise-de-feu-lege-cap-ferret,"Les cookies et technologies similaires que nous utilisons sur Mediapart sont de différentes natures et nous permettent de poursuivre différentes finalités. 
Certains sont nécessaires au fonctionneme… [+3291 chars]",,fr,'Gironde'
https://www.mediapart.fr/journal/france/280726/incendies-en-gironde-le-retour-de-la-chaleur-fait-craindre-une-aggravation-macron-appelle-l-unite,https://www.mediapart.fr/journal/france/280726/incendies-en-gironde-le-retour-de-la-chaleur-fait-craindre-une-aggravation-macron-appelle-l-unite,0,www.mediapart.fr,"Incendies en Gironde: le retour de la chaleur fait craindre une aggravation, Macron appelle à l’unité","L’incendie près du bassin d’Arcachon n’est toujours pas fixé, au contraire de celui des Landes, plus au sud. Les deux départements passeront en vigilance jaune canicule dès mardi midi, Météo-France y prévoyant une « nouvelle vague de chaleur ».",https://static.mediapart.fr/etmagine/og/journal/files/2026/07/28/260728-img-depeche-gironde-macron.jpg,2026-07-28T05:37:52Z,,"Les cookies et technologies similaires que nous utilisons sur Mediapart sont de différentes natures et nous permettent de poursuivre différentes finalités. 
Certains sont nécessaires au fonctionneme… [+3291 chars]",,fr,'Gironde'
https://www.huffingtonpost.fr/france/article/meteo-une-4e-vague-de-chaleur-debute-jusqu-a-41-c-degres-attendus-localement-cette-semaine_295385.html,https://www.huffingtonpost.fr/france/article/meteo-une-4e-vague-de-chaleur-debute-jusqu-a-41-c-degres-attendus-localement-cette-semaine_295385.html,0,www.huffingtonpost.fr,"Météo : une 4e vague de chaleur débute, jusqu’à 41 °C degrés attendus localement cette semaine","Pour cette semaine très chaude qui s’annonce, Météo-France n’a toutefois pas encore placé de département en vigilance orange canicule.",https://focus.huffingtonpost.fr/2026/07/23/410/0/5374/3022/1820/1023/75/0/66ac5f1_upload-1-ffxloxga80az-afp-20260718-aa-18072026-2886878-v1-highres-heatwavehitsnice.jpg,2026-07-28T05:38:07Z,,"Les Français commencent (malheureusement) à sy habituer cet été. Le pays va connaître à partir de ce mardi 28 juillet une « nouvelle vague de chaleur », avec des températures élevées défavorables à l… [+2727 chars]",,fr,'Grenoble'
https://www.franceinfo.fr/societe/drogue/narcotrafic-ce-pays-s-est-endormi-face-a-un-monstre-qui-aujourd-hui-s-est-infiltre-partout-estime-amine-kessaci_8125064.html,https://www.franceinfo.fr/societe/drogue/narcotrafic-ce-pays-s-est-endormi-face-a-un-monstre-qui-aujourd-hui-s-est-infiltre-partout-estime-amine-kessaci_8125064.html,0,www.franceinfo.fr,"Narcotrafic : ""Ce pays s'est endormi face à un monstre qui aujourd'hui s'est infiltré partout"", estime Amine Kessaci","Figure de la lutte contre le narcotrafic et premier adjoint écologiste au maire de Marseille, Amine Kessaci vit sous protection policière. Selon lui, le ""point de bascule"" a été le retrait des services de proximité dans les quartiers.",https://www.franceinfo.fr/pictures/a1be_soCB-PxJvKBr3ONoRtsyYc/0x0:1024x576/1500x843/2025/12/16/000-84gh3nr-69411284573eb277388169.jpg,2026-07-28T07:43:06Z,http://web.archive.org/web/20260728074452/https://www.franceinfo.fr/societe/drogue/narcotrafic-ce-pays-s-est-endormi-face-a-un-monstre-qui-aujourd-hui-s-est-infiltre-partout-estime-amine-kessaci_8125064.html,"""Ce pays s'est endormi face à un monstre [le narcotrafic] qui aujourd'hui s'est infiltré partout"", martèle mardi 28 juillet sur France Inter Amine Kessaci, premier adjoint écologiste au maire de Mars… [+633 chars]",,fr,'Marseille'
https://www.ledauphine.com/societe/2026/07/28/television-philippe-etchebest-cherche-des-restaurateurs-iserois-pour-cauchemar-en-cuisine,https://www.ledauphine.com/societe/2026/07/28/television-philippe-etchebest-cherche-des-restaurateurs-iserois-pour-cauchemar-en-cuisine,0,www.ledauphine.com,Télévision. Philippe Etchebest cherche des restaurateurs isérois pour Cauchemar en cuisine,"L’émission Cauchemar en cuisine, diffusée sur M6, prépare un prochain tournage en Isère et cherche des restaurateurs en difficulté dans le département.",https://cdn-s-www.ledauphine.com/images/A80CEDDC-1955-4B61-93B3-B6B9FADF628B/FB1200/photo-1713768820.jpg,2026-07-28T09:23:00Z,,"Le Dauphiné Libéré, en tant que responsable de traitement, recueille dans ce formulaire des informations qui sont enregistrées dans un fichier informatisé par son Service Relations Clients, la finali… [+854 chars]",,fr,'Isère'
https://www.20minutes.fr/societe/4236659-20260728-incendies-cagnottes-dons-benevolat-comment-venir-aide-sinistres-depuis-chez,https://www.20minutes.fr/societe/4236659-20260728-incendies-cagnottes-dons-benevolat-comment-venir-aide-sinistres-depuis-chez,0,www.20minutes.fr,"Incendies : Cagnottes, dons, bénévolat… Comment venir en aide aux sinistrés depuis chez vous ?","Les initiatives solidaires se multiplient pour venir en aide aux sinistrés des incendies qui ravagent la Gironde, les Landes et le Var",https://img.20mn.fr/rZp-vp7KRDm44KC-IpmHGSk/1444x920_une-voiture-incendiee-et-les-restes-d-une-maison-apres-les-feux-de-foret-qui-ont-fait-rage-dans-le-village-de-le-porge-dans-le-golfe-de-gascogne-en-france-le-lundi-27-juillet-2026-ap-photo-baz-ratner-vlm133-26208566338585-2607271745,2026-07-28T09:34:01Z,http://web.archive.org/web/20260729074402/https://www.20minutes.fr/societe/4236659-20260728-incendies-cagnottes-dons-benevolat-comment-venir-aide-sinistres-depuis-chez,"Ils voient toute leur vie partir en fumée. Depuis le début des incendies qui ravagent la Gironde, les Landes et le Var, les sinistrés assistent, impuissants, à la destruction de leur maison qui regor… [+2834 chars]",,fr,'Gironde'
https://www.franceinfo.fr/sports/foot/zinedine-zidane/pour-nous-c-est-un-honneur-a-marseille-la-fierte-des-habitants-du-quartier-de-la-castellane-ou-a-grandi-le-nouveau-coach-des-bleus-zinedine-zidane_8125106.html,https://www.franceinfo.fr/sports/foot/zinedine-zidane/pour-nous-c-est-un-honneur-a-marseille-la-fierte-des-habitants-du-quartier-de-la-castellane-ou-a-grandi-le-nouveau-coach-des-bleus-zinedine-zidane_8125106.html,0,www.franceinfo.fr,"""Pour nous, c'est un honneur"" : à Marseille, la fierté des habitants du quartier de La Castellane, où a grandi le nouveau coach des Bleus Zinédine Zidane","La désignation, mardi, du champion du monde 1998 comme sélectionneur de l'équipe de France fait le bonheur des habitants du quartier où il est né. Ils tiennent à saluer le joueur et l'entraîneur à la carrière déjà exceptionnelle.",https://www.franceinfo.fr/pictures/yXCBsg5HV-QO1t-RvjuNhq2mnLk/0x479:4605x3070/1500x843/2026/07/28/6a686e07a473c988703999.jpg,2026-07-28T10:04:18Z,,"Le sélectionneur, c'est lui ! Zinédine Zidane a été nommé sélectionneur de l'équipe de France pour succéder à Didier Deschamps. L'ancien meneur de jeu, champion du monde en 1998 avec les Bleus, prend… [+2203 chars]",,fr,'Marseille'
https://www.franceinfo.fr/sports/foot/zinedine-zidane/video-on-espere-qu-il-puisse-rentrer-a-la-maison-zinedine-zidane-nouveau-selectionneur-de-l-equipe-de-france-apporte-son-soutien-a-christophe-gleizes_8125277.html,https://www.franceinfo.fr/sports/foot/zinedine-zidane/video-on-espere-qu-il-puisse-rentrer-a-la-maison-zinedine-zidane-nouveau-selectionneur-de-l-equipe-de-france-apporte-son-soutien-a-christophe-gleizes_8125277.html,0,www.franceinfo.fr,"VIDEO. ""On espère qu'il puisse rentrer à la maison"" : Zinédine Zidane, nouveau sélectionneur de l'équipe de France, apporte son soutien à Christophe Gleizes","Le champion du monde 1998 un signé un contrat jusqu'en 2030 à la tête des Bleus, mardi, et a eu un mot au passage pour le journaliste sportif emprisonné en Algérie, après avoir rendu hommage aux victimes des incendies notamment.",https://www.franceinfo.fr/pictures/9VjXq2gfpmC9YvqyYvvbR0cX2XA/0x0:6390x3594/1500x843/2026/07/28/6a687ec7753e2396167067.jpg,2026-07-28T10:06:31Z,,"Le champion du monde 1998 un signé un contrat jusqu'en 2030 à la tête des Bleus, mardi, et a eu un mot au passage pour le journaliste sportif emprisonné en Algérie, après avoir rendu hommage aux vict… [+1425 chars]",,fr,'Algérie'
https://www.frandroid.com/survoltes/voitures-electriques/3196157_des-camions-de-pompiers-bloques-par-ladblue-en-plein-incendie-en-france-comment-lallemagne-a-regle-ce-probleme-depuis-2018,https://www.frandroid.com/survoltes/voitures-electriques/3196157_des-camions-de-pompiers-bloques-par-ladblue-en-plein-incendie-en-france-comment-lallemagne-a-regle-ce-probleme-depuis-2018,0,www.frandroid.com,Des camions de pompiers bloqués par l’AdBlue en plein incendie en France : comment l’Allemagne a réglé ce problème depuis 2018,"En Gironde, des camions de pompiers doivent quitter le front d'un incendie pour refaire le plein d'AdBlue, et une vidéo en a fait une polémique nationale contre « l'écologie punitive ». Sauf que le liquide n'est qu'un symptôme, et que l'Allemagne a réglé le f…","https://c0.lestechnophiles.com/images.frandroid.com/wp-content/uploads/2026/07/2f27342-upload-1-9oct7dmow7zo-26072026-1a0a4812-incendies-gironde-carrot-1.jpg?resize=1600,900&key=e21dce50",2026-07-28T10:36:12Z,,"En Gironde, des camions de pompiers doivent quitter le front dun incendie pour refaire le plein dAdBlue, et une vidéo en a fait une polémique nationale contre « lécologie punitive ». Sauf que le liqu… [+9493 chars]",,fr,'Gironde'
https://rmcsport.bfmtv.com/football/equipe-de-france/je-veux-juste-qu-il-rentre-chez-lui-zinedine-zidane-apporte-son-soutien-a-christophe-gleizes_AV-202607280344.html,https://rmcsport.bfmtv.com/football/equipe-de-france/je-veux-juste-qu-il-rentre-chez-lui-zinedine-zidane-apporte-son-soutien-a-christophe-gleizes_AV-202607280344.html,0,rmcsport.bfmtv.com,"""Je veux juste qu'il rentre chez lui"", Zinédine Zidane apporte son soutien à Christophe Gleizes","À l'occasion de sa présentation à la presse en tant que nouveau sélectionneur de l'équipe de France ce mardi, Zinédine Zidane a apporté son soutien au journaliste français Christophe Gleizes, détenu en Algérie depuis plus d'un an.",https://io-fsly-bfmtv.cdn.nextradiotv.com/TDeyX6D5R8w2ds5YTnmoNNF5ZrE=/0x157:2048x1309/images/Zinedine-Zidane-lors-de-sa-presentation-en-tant-que-nouveau-selectionneur-de-l-equipe-de-France-le-28-juillet-2026-2326223.jpg,2026-07-28T10:58:36Z,,"À l'occasion de sa présentation à la presse en tant que nouveau sélectionneur de l'équipe de France ce mardi, Zinédine Zidane a apporté son soutien au journaliste français Christophe Gleizes, détenu … [+2883 chars]",,fr,'Algérie'
https://www.20minutes.fr/planete/4236674-20260728-incendies-terrains-foot-vatican-115-000-hectares-brules-correspond-quoi-comme-surface,https://www.20minutes.fr/planete/4236674-20260728-incendies-terrains-foot-vatican-115-000-hectares-brules-correspond-quoi-comme-surface,0,www.20minutes.fr,"Incendies : Terrains de foot, Vatican… 115.000 hectares brûlés, cela correspond à quoi comme surface ?","Avec 115.000 hectares brûlés, la France a déjà dépassé son record d’incendies de 2022. Une surface gigantesque… mais qui correspond à quoi précisément ? Quelques comparaisons",https://img.20mn.fr/ybm-L9CMTrO9NeU6IQlW4ik/1444x920_un-pompier-marche-devant-des-arbres-en-feu-alors-qu-un-feu-de-foret-fait-rage-pres-de-marcheprime-a-l-exterieur-a-bordeaux-en-france-le-dimanche-26-juillet-2026-photo-ap-emma-da-silva-xaf163-26207747633554-2607262247,2026-07-28T11:05:16Z,http://web.archive.org/web/20260728142643/https://www.20minutes.fr/planete/4236674-20260728-incendies-terrains-foot-vatican-115-000-hectares-brules-correspond-quoi-comme-surface,"En France, les incendies de 2026 ont déjà parcouru 115.000 hectares selon le dernier bilan officiel du ministre de lIntérieur Laurent Nuñez. Un chiffre qui bat tous les records, en « à peine » sept m… [+2756 chars]",,fr,'Vatican'
https://www.20minutes.fr/societe/4236687-20260728-incendie-gironde-voyait-rester-bras-croises-bordeaux-benevoles-ur-entraide,https://www.20minutes.fr/societe/4236687-20260728-incendie-gironde-voyait-rester-bras-croises-bordeaux-benevoles-ur-entraide,0,www.20minutes.fr,"Incendie en Gironde : « On ne se voyait pas rester les bras croisés »… A Bordeaux, les bénévoles au cœur de l’entraide","Plus de 14.000 bénévoles se sont manifestés pour venir en aide aux personnes évacuées depuis le début de l’incendie en Gironde, mercredi dernier. Une partie d’entre eux prête main-forte au Parc des Expositions de Bordeaux",https://img.20mn.fr/pWuyDZ_RSsGX-pUJt05THik/1444x920_laura-et-anna-sont-benevoles-au-parc-des-expositions-de-bordeaux,2026-07-28T13:32:33Z,,"Cest la course au Parc des Expositions de Bordeaux. Entre les couches et les compotes, plusieurs dizaines de bénévoles sactivent depuis 7 heures du matin. A quelques centaines de mètres du hall princ… [+3545 chars]",,fr,'Bordeaux'
https://www.20minutes.fr/planete/4236635-20260728-incendie-gironde-ferait-quoi-fallait-evacuer-ville-entiere-comme-bordeaux,https://www.20minutes.fr/planete/4236635-20260728-incendie-gironde-ferait-quoi-fallait-evacuer-ville-entiere-comme-bordeaux,0,www.20minutes.fr,Incendie en Gironde : Qui ferait quoi s’il fallait évacuer une ville entière comme Bordeaux ?,"Le mégafeu qui menace Bordeaux est stabilisé, mais le retour de fortes chaleurs menace cette légère accalmie. De quoi se demander à quoi ressemblerait l’évacuation d’une ville de cette taille",https://img.20mn.fr/kPc8HRh5TiOiCN4eiP46Cyk/1444x920_des-personnes-se-rassemblent-dans-un-centre-d-exposition-destine-aux-personnes-deplacees-par-les-feux-de-foret-a-bordeaux-dans-le-sud-ouest-de-la-france-le-26-juillet-2026-la-france-a-combattu-un-feu-de-foret-imprevisible-pres-de-bordeaux-le-26-juillet-2026-tandis-que-l-espagne-a-mis-en-garde-contre-des-heures-difficiles-dans-sa-propre-bataille-ardente-les-evacuations-des-zones-dangereuses-des-deux-pays-comptant-plus-de-300-000-personnes-les-scientifiques-avertissent-depuis-longtemps-que-le-changement-climatique-cause-par-l-utilisation-humaine-de-combustibles-fossiles-rendra-les-periodes-de-secheresse-plus-intenses-et-plus-durables-creant-ainsi-des-conditions-ideales-pour-les-feux-de-foret-photo-d-ed-jones-afp,2026-07-28T14:02:13Z,,"La nuit a été bénéfique. Lincendie monstre qui ravage la Girondena pas avancé, mais la météo prévue à partir de ce mardi - canicule et vents - pourrait déclencher des reprises. Alors quau moins 220.0… [+3684 chars]",,fr,'Bordeaux'
https://www.ledauphine.com/faits-divers-justice/2026/07/28/bebe-secoue-maltraitance-plusieurs-microcreches-fermees-en-urgence,https://www.ledauphine.com/faits-divers-justice/2026/07/28/bebe-secoue-maltraitance-plusieurs-microcreches-fermees-en-urgence,0,www.ledauphine.com,"Isère. Bébé secoué, « maltraitance » : plusieurs microcrèches fermées en urgence","Plusieurs microcrèches du réseau Callihop créé à Bourgoin-Jallieu sont sous le coup d’un arrêté à la fermeture immédiate à titre provisoire, pris par le Conseil départemental. Selon les informations du Dauphiné libéré, il est reproché de graves négligences da…",https://cdn-s-www.ledauphine.com/images/983B2E31-5119-4FE7-A179-1899FB0D6309/FB1200/photo-1785247908.jpg,2026-07-28T14:23:00Z,http://web.archive.org/web/20260728165542/https://www.ledauphine.com/faits-divers-justice/2026/07/28/bebe-secoue-maltraitance-plusieurs-microcreches-fermees-en-urgence,"Le Dauphiné Libéré, en tant que responsable de traitement, recueille dans ce formulaire des informations qui sont enregistrées dans un fichier informatisé par son Service Relations Clients, la finali… [+854 chars]",,fr,'Isère'
https://www.20minutes.fr/diaporama/diaporama-4236699-images-carriere-legende-zinedine-zidane-nouveau-coach-equipe-france,https://www.20minutes.fr/diaporama/diaporama-4236699-images-carriere-legende-zinedine-zidane-nouveau-coach-equipe-france,0,www.20minutes.fr,"EN IMAGES. La carrière de légende de Zinédine Zidane, nouveau coach de l’Equipe de France","De ses début à Cannes et Bordeaux aux plus hauts sommets de footballeur, comme joueur et comme entraîneur, retour en images sur l'immense et déjà légendaire carrière de Zinédine Zidane, nouveau sélectionneur de l'Equipe de France",https://img.20mn.fr/GUm7PDu9Tiq9eN83HyPTPCk/1444x920_reproduction-d-une-photo-non-datee-appartenant-a-jean-varraud-ancien-recruteur-de-l-as-cannes-qui-a-decouvert-zidane-zinedine-zidane-est-l-enfant-en-bas-a-droite,2026-07-28T14:58:00Z,,"«Zidane Président », pouvait-on lire projeté sur lArc de Triomphe à Paris, la nuit du 12 juillet 1998. Trente ans après ce jour de gloire pour lEquipe de France de football, championne du monde, Ziné… [+1466 chars]",,fr,'Bordeaux'
https://www.20minutes.fr/planete/canicule/4236736-20260728-canicule-16-departements-passeront-vigilance-orange-mercredi,https://www.20minutes.fr/planete/canicule/4236736-20260728-canicule-16-departements-passeront-vigilance-orange-mercredi,0,www.20minutes.fr,Canicule : 16 départements passeront en vigilance orange mercredi,"Seize départements, dont la Gironde et des Landes, passeront en vigilance orange canicule mercredi, mais ça devrait aller beaucoup mieux dès jeudi",https://img.20mn.fr/4Ocm4u1MRmCmULZasznjgSk/1444x920_bassin-d-arcachon-gironde-france-26-juillet-2026-vue-generale-des-zones-touchees-par-les-incendies-entre-le-porge-lacanau-blagon-sur-la-route-de-marcheprime-et-a-somos-ou-le-feu-a-debute-montrant-les-destructions-d-habitations-la-foret-calcinee-la-solidarite-des-agriculteurs-et-des-habitants-aux-cotes-des-pompiers-avec-leurs-propres-citernes-pour-lutter-contre-les-redeparts-de-feux-ainsi-que-les-panneaux-signalant-les-communes-frappees-l-appui-aerien-des-canadairs-est-egalement-deploye-bassin-d-arcachon-gironde-france-july-26-2026-general-view-of-the-wildfire-affected-areas-between-le-porge-lacanau-blagon-along-the-road-to-marcheprime-and-somos-where-the-fire-broke-out-showing-destroyed-homes-charred-forests-the-solidarity-of-local-farmers-and-residents-joining-firefighters-with-their-own-water-tankers-to-tackle-flare-ups-and-road-signs-indicating-the-hit-towns-aerial-support-from-canadair-waterbombers-is-also-deployed-munschfrederic-munsch0411-credit-frederic-munsch-sipa-2607271900,2026-07-28T14:58:04Z,http://web.archive.org/web/20260728161026/https://www.20minutes.fr/planete/canicule/4236736-20260728-canicule-16-departements-passeront-vigilance-orange-mercredi,"Voilà que cest reparti. Seize départements, dont la Gironde et des Landes, en proie aux incendies, passeront en vigilance orange canicule mercredi, annonce Météo-France.
Il faut sattendre à « un for… [+1328 chars]",,fr,'Gironde'
https://www.mediapart.fr/journal/ecologie/280726/un-maire-face-aux-incendies-il-faudra-faire-autrement-c-est-desormais-une-evidence,https://www.mediapart.fr/journal/ecologie/280726/un-maire-face-aux-incendies-il-faudra-faire-autrement-c-est-desormais-une-evidence,0,www.mediapart.fr,"Un maire face aux incendies: «Il faudra faire autrement, c’est désormais une évidence»","Élu à Saint-Médard-en-Jalles, dont la population a dû être évacuée pour fuir les feux en Gironde, Stéphane Delpeyrat-Vincent appelle à repenser la façon dont le territoire est aménagé en France, pour s’adapter aux dérèglements du climat.",https://static.mediapart.fr/etmagine/og/journal/files/2026/07/28/260728-img-incendies-il-faudra-faire-autrement-c-est-desormais-une-evidence.jpg,2026-07-28T15:29:27Z,http://web.archive.org/web/20260729183745/https://www.mediapart.fr/journal/ecologie/280726/un-maire-face-aux-incendies-il-faudra-faire-autrement-c-est-desormais-une-evidence,"Les cookies et technologies similaires que nous utilisons sur Mediapart sont de différentes natures et nous permettent de poursuivre différentes finalités. 
Certains sont nécessaires au fonctionneme… [+3291 chars]",,fr,'Gironde'
https://france3-regions.franceinfo.fr/auvergne-rhone-alpes/rhone/canicule-dix-departements-d-auvergne-rhone-alpes-vont-passer-en-vigilance-orange-jusqu-a-40-c-attendus-a-lyon-3393589.html,https://france3-regions.franceinfo.fr/auvergne-rhone-alpes/rhone/canicule-dix-departements-d-auvergne-rhone-alpes-vont-passer-en-vigilance-orange-jusqu-a-40-c-attendus-a-lyon-3393589.html,0,france3-regions.franceinfo.fr,"Canicule : dix départements d’Auvergne-Rhône-Alpes vont passer en vigilance orange, jusqu'à 40°C attendus à Lyon",Météo France va placer dix départements de la région Auvergne-Rhône-Alpes en vigilance orange canicule à partir du mercredi 29 juillet à midi. Jusqu’à 40°C sont attendus à Lyon.,https://france3-regions.franceinfo.fr/image/6zhObgPXDad-puRMldgFls0op0U/930x620/regions/2026/07/28/6a68c8502c4e9904439995.jpg,2026-07-28T15:35:10Z,,"Météo France va placer dix départements de la région Auvergne-Rhône-Alpes en vigilance orange canicule à partir du mercredi 29 juillet à midi. Jusquà 40°C sont attendus à Lyon.
Il est déjà temps de … [+1142 chars]",,fr,'Auvergne'
https://www.courrierinternational.com/article/conflits-frappe-ukrainienne-sur-un-navire-iranien-les-deux-guerres-sont-de-plus-en-plus-imbriquees_253481,https://www.courrierinternational.com/article/conflits-frappe-ukrainienne-sur-un-navire-iranien-les-deux-guerres-sont-de-plus-en-plus-imbriquees_253481,0,www.courrierinternational.com,Frappe ukrainienne sur un navire iranien : les deux guerres sont “de plus en plus imbriquées”,"Avec sa frappe contre un navire iranien sur la route maritime qui relie Téhéran à Moscou, Kiev étend la guerre en Ukraine jusqu’à un corridor vital pour l’Iran et la Russie. Perçue comme la première ciblant directement un navire battant pavillon iranien, cett…",https://focus.courrierinternational.com/2026/07/28/0/0/2455/1637/1200/630/60/0/0a72068_upload-1-hn5yitqm7sno-000-34684hh.jpg,2026-07-28T15:42:09Z,,"Jusquici la mer Caspienne apparaissait comme à lécart des combats qui secouent le golfe Persique. Samedi 25 juillet, des drones ukrainiens y ont pourtant frappé plusieurs cibles, dont un bâtiment que… [+4592 chars]",,fr,'Russie'
https://rmcsport.bfmtv.com/football/transferts/mercato-des-discussions-entre-l-om-et-le-bayer-leverkusen-pour-facundo-medina_AV-202607280454.html,https://rmcsport.bfmtv.com/football/transferts/mercato-des-discussions-entre-l-om-et-le-bayer-leverkusen-pour-facundo-medina_AV-202607280454.html,0,rmcsport.bfmtv.com,Mercato: des discussions entre l'OM et le Bayer Leverkusen pour Facundo Medina,"Arrivé à l'OM l'été dernier, Facundo Medina est suivi de très près par le Bayer Leverkusen, rapportent Le Phocéen et Foot Mercato. Marseille, qui a déboursé environ 18 millions d'euros pour acheter le défenseur argentin, ne le laissera pas partir à n'importe …",https://io-fsly-bfmtv.cdn.nextradiotv.com/0XksC7EBwNJwg9YdOFmiDu3gM7M=/0x33:2048x1185/images/Facundo-MEDINA-2204331.jpg,2026-07-28T15:57:31Z,http://web.archive.org/web/20260729062723/https://rmcsport.bfmtv.com/football/transferts/mercato-des-discussions-entre-l-om-et-le-bayer-leverkusen-pour-facundo-medina_AV-202607280454.html,"Arrivé à l'OM l'été dernier, Facundo Medina est suivi de très près par le Bayer Leverkusen, rapportent Le Phocéen et Foot Mercato. Marseille, qui a déboursé environ 18 millions d'euros pour acheter l… [+1741 chars]",,fr,'Marseille'
https://www.20minutes.fr/planete/4236666-20260728-incendies-pourquoi-videos-attendrissantes-sauvetage-animaux-trompeuses,https://www.20minutes.fr/planete/4236666-20260728-incendies-pourquoi-videos-attendrissantes-sauvetage-animaux-trompeuses,0,www.20minutes.fr,Incendies : Pourquoi ces vidéos attendrissantes de sauvetage d’animaux sont trompeuses,"Probablement en raison des incendies en Gironde et dans les Landes, des vidéos montrant des pompiers en train de sauver des animaux mal en point ressurgissent sur les réseaux sociaux",https://img.20mn.fr/7-VSkEK-SxiXaDEowEcASCk/1444x920_cette-video-montrant-deux-pompiers-sauvant-une-renarde-et-son-renardeau-a-ete-creee-avec-un-outil-d-intelligence-artificielle,2026-07-28T16:15:55Z,,Elles jouent sur notre corde sensible et sur le capital sympathie dont bénéficient les pompiers. Vous avez peut-être vu passer cette semaine dans votre fil TikTok ou Instagram des vidéos mettant en s… [+2623 chars],,fr,'Gironde'
https://www.huffingtonpost.fr/france/article/c-est-la-fin-des-vacances-face-aux-incendies-ces-vacanciers-pris-de-court-par-les-evacuations-des-campings-de-lacanau_295755.html,https://www.huffingtonpost.fr/france/article/c-est-la-fin-des-vacances-face-aux-incendies-ces-vacanciers-pris-de-court-par-les-evacuations-des-campings-de-lacanau_295755.html,0,www.huffingtonpost.fr,"« C’est la fin des vacances » : Face aux incendies, ces vacanciers pris de court par les évacuations des campings de Lacanau","La station balnéaire, célèbre spot de surf, est menacée par les flammes alors qu’un mégafeu fait toujours rage en Gironde.",https://focus.huffingtonpost.fr/2026/07/28/62/0/1200/675/1820/1023/75/0/4cdc429_upload-1-cats7xxvythc-afp-20260728-c3cz6ex-v1-midres-franceenvironmentclimateweatherwildfire.jpg,2026-07-28T16:22:03Z,,"Des vacances écourtées. À Lacanau, environ 4 000 vacanciers ont été évacués des hébergements touristiques ce mardi 28 juillet, en raison du mégafeu qui continue de ravager la Gironde. À cause du vent… [+2994 chars]",,fr,'Gironde'
https://www.lalibre.be/economie/placements/2026/07/28/le-petrole-chute-de-plus-de-5-lampleur-de-la-baisse-des-prix-est-probablement-exageree-et-motivee-uniquement-par-lespoir-36YBOK6YLJDYTJF2A55ESKBZ5Y/,https://www.lalibre.be/economie/placements/2026/07/28/le-petrole-chute-de-plus-de-5-lampleur-de-la-baisse-des-prix-est-probablement-exageree-et-motivee-uniquement-par-lespoir-36YBOK6YLJDYTJF2A55ESKBZ5Y/,0,www.lalibre.be,"Le pétrole chute de plus de 5% : ""L'ampleur de la baisse des prix est probablement exagérée et motivée uniquement par l'espoir""","Les cours du pétrole tombent mardi avec l'accalmie des hostilités au Moyen-Orient qui se poursuit, Washington affirmant vouloir redonner une chance à la diplomatie. ...",https://www.lalibre.be/resizer/v2/PT2VLHISJ5EKPLD4FOAXKGHLCY.jpg?auth=ba78ac8e1f42e82e7fecc9425664f3aab7ae5666394b31857029b59335a78561&width=1200&height=630&quality=85&focal=3548%2C2365,2026-07-28T16:50:57Z,http://web.archive.org/web/20260728202529/https://www.lalibre.be/economie/placements/2026/07/28/le-petrole-chute-de-plus-de-5-lampleur-de-la-baisse-des-prix-est-probablement-exageree-et-motivee-uniquement-par-lespoir-36YBOK6YLJDYTJF2A55ESKBZ5Y/,"La Bourse de Bruxelles a effacé mardi les pertes enregistrées la veille. L'indice Bel 20 a progressé de 0,68 % pour clôturer à 5.745,96 points.
Azelis progresse
La plus forte hausse parmi les valeu… [+4776 chars]",,fr,'L'Iran'
https://www.lalibre.be/international/amerique/2026/07/28/netanyahu-recu-par-trump-pour-la-premiere-fois-depuis-le-debut-de-la-guerre-au-moyen-orient-une-reunion-extremement-positive-VZYH72EGTZAGJD3DTBXJWGTB3M/,https://www.lalibre.be/international/amerique/2026/07/28/netanyahu-recu-par-trump-pour-la-premiere-fois-depuis-le-debut-de-la-guerre-au-moyen-orient-une-reunion-extremement-positive-VZYH72EGTZAGJD3DTBXJWGTB3M/,0,www.lalibre.be,"Netanyahu reçu par Trump pour la première fois depuis le début de la guerre au Moyen-Orient: ""Une réunion extrêmement positive""","À Washington, Donald Trump et Benjamin Netanyahu ont abordé les dossiers régionaux, dont l’Iran, lors de leur première rencontre depuis le début de la guerre. ...",https://www.lalibre.be/resizer/v2/MRQIZREYGBDOTC5F56OOL2MPJA.jpg?auth=9d92152443749998774aacc330f70fd78473bf51a9c1476a0f2ab3b49d5197c4&width=1200&height=630&quality=85&focal=1600%2C1066,2026-07-28T18:25:02Z,http://web.archive.org/web/20260729010652/https://www.lalibre.be/international/amerique/2026/07/28/netanyahu-recu-par-trump-pour-la-premiere-fois-depuis-le-debut-de-la-guerre-au-moyen-orient-une-reunion-extremement-positive-VZYH72EGTZAGJD3DTBXJWGTB3M/,"La rencontre, à huis clos, entre MM. Trump et Netanyahu a duré environ une heure et demie, selon la Maison Blanche.
""Donald Trump pense que crier fort va faire réagir les Iraniens, mais c'est une ma… [+2108 chars]",,fr,'L'Iran'
https://www.20minutes.fr/monde/etats-unis/4236775-20260729-etats-unis-obsede-cuba-marco-rubio-veut-faire-tomber-regime-communiste,https://www.20minutes.fr/monde/etats-unis/4236775-20260729-etats-unis-obsede-cuba-marco-rubio-veut-faire-tomber-regime-communiste,0,www.20minutes.fr,"Etats-Unis : Obsédé par Cuba, Marco Rubio veut faire tomber le régime communiste","Marco Rubio est devenu la figure de proue de la politique de Trump contre Cuba. Entre sanctions, pression et histoire familiale, le secrétaire d’Etat des Etats-Unis fait de l’île communiste l’un des dossiers centraux de son action",https://img.20mn.fr/9KHVk3xUSrydttvQm_ZeyCk/1444x920_le-secretaire-d-etat-marco-rubio-participe-au-forum-regional-de-l-asean-arf-en-marge-de-la-reunion-des-ministres-des-affaires-etrangeres-de-l-association-des-nations-de-l-asie-du-sud-est-asean-a-pasay-dans-la-region-metropolitaine-de-manille-aux-philippines-le-jeudi-23-juillet-2026-ezra-acayan-photo-de-piscine-via-ap-amb121-26204321283041-photo-de-piscine-2607231103,2026-07-29T00:08:19Z,,Cest son combat ou peut-être même son obsession. Le secrétaire dEtat américain Marco Rubio sest imposé comme lun des principaux artisans de la politique de fermeté menée par Donald Trump à légard de … [+3240 chars],,fr,'Miami'
https://www.20minutes.fr/monde/ukraine/4236786-20260729-guerre-ukraine-etats-unis-prennent-chemin-vers-nouvelles-sanctions-contre-russie,https://www.20minutes.fr/monde/ukraine/4236786-20260729-guerre-ukraine-etats-unis-prennent-chemin-vers-nouvelles-sanctions-contre-russie,0,www.20minutes.fr,Guerre en Ukraine : Les Etats-Unis prennent le chemin vers de nouvelles sanctions contre la Russie,"En parallèle à la rencontre entre Zelensky et Trump, démocrates et républicains ont fait un pas vers des sanctions contre notamment Vladimir Poutine",https://img.20mn.fr/23xVk7zCRvuraaYiMiG49ik/1444x920_le-president-ukrainien-volodymyr-zelensky-l-et-le-president-americain-donald-trump-posant-pour-une-photo-lors-de-leur-rencontre-a-washington-dc-le-mardi-28-juillet-2026-dans-le-cadre-de-l-invasion-russe-de-l-ukraine-photo-fournie-par-le-service-de-presse-presidentiel-ukrainien-upi-photo-publiee-sur-news-com-upi-photos-three161158-upi-newscom-sipa-2607290137,2026-07-29T01:24:59Z,http://web.archive.org/web/20260730065855/https://www.20minutes.fr/monde/ukraine/4236786-20260729-guerre-ukraine-etats-unis-prennent-chemin-vers-nouvelles-sanctions-contre-russie,Le coup de froid entre les Etats-Unis et le Kremlin se confirme sur le dossier de la guerre en Ukraine. Le Sénat américain a en effet fait progresser mardi un nouveau paquet de sanctions importantes … [+2124 chars],,fr,'Russie'
https://www.20minutes.fr/planete/canicule/4236791-20260729-direct-incendies-canicule-revient-alors-sud-ouest-toujours-proie-flammes,https://www.20minutes.fr/planete/canicule/4236791-20260729-direct-incendies-canicule-revient-alors-sud-ouest-toujours-proie-flammes,0,www.20minutes.fr,EN DIRECT Incendies : Le feu « stabilisé » en Gironde mais la canicule complique la lutte contre les flammes…,Suivez avec nous les informations de ce mercredi 29 juillet concernant les nombreux incendies qui frappent la France,https://img.20mn.fr/A0wVwXWhTRalaH0vBB6Poik/1444x920_martignas-sur-jalle-france-28-juillet-2026-un-important-feu-de-foret-envahit-le-camp-militaire-de-souge-qui-abrite-le-13e-regiment-de-dragons-parachutistes-de-l-armee-francaise-13e-regiment-de-dragons-parachutistes-une-unite-de-renseignement-aeroportee-des-forces-speciales-pres-de-bordeaux-dans-le-sud-ouest-de-la-france-les-commandos-des-forces-speciales-aident-les-pompiers-en-fournissant-de-l-eau-aux-equipages-qui-luttent-contre-l-incendie-qui-se-deplace-rapidement-tandis-que-des-bombardiers-d-eau-canadair-et-un-avion-citerne-dash-menent-des-operations-continues-de-lutte-contre-les-incendies-au-dessus-de-la-tete-les-equipes-d-assaut-au-sol-s-efforcent-de-contenir-le-feu-alors-qu-il-se-propage-dans-les-zones-boisees-entourant-l-installation-militaire-le-feu-de-foret-en-gironde-a-mobilise-du-personnel-militaire-aux-cotes-des-services-d-urgence-civils-alors-que-les-operations-aeriennes-et-terrestres-de-lutte-contre-les-incendies-s-intensifiaient-pour-proteger-le-camp-de-souge-et-les-communautes-voisines-benleulmieliasneil-sipa-13405-credit-elias-neil-benleulmi-sipa-2607281709,2026-07-29T04:09:11Z,,"08h55
Outre la chaleur, le vent risque de souffler sur les braises et dalimenter de nouveau lincendie en Gironde. Les autorités sattendent dès le début daprès-midi de ce mercredi à des vents douest … [+3729 chars]",,fr,'Gironde'
https://www.20minutes.fr/societe/4236742-20260729-incendie-gironde-organisation-exceptionnelle-peux-plus-bordeaux-refugies-feu,https://www.20minutes.fr/societe/4236742-20260729-incendie-gironde-organisation-exceptionnelle-peux-plus-bordeaux-refugies-feu,0,www.20minutes.fr,Incendie en Gironde : « L’organisation est exceptionnelle mais je n’en peux plus »… A Bordeaux avec les réfugiés du feu,"Des centaines de personnes évacuées de leurs logements menacés par l’incendie de Gironde sont accueillies au Parc des Expositions de Bordeaux. Malgré les efforts des bénévoles et une organisation optimale, la fatigue se fait sentir",https://img.20mn.fr/LZSEmb3ZTMqQrlAIQvhDFSk/1444x920_au-parc-des-expositions-le-journal-est-distribue-pour-permettre-aux-refugies-de-se-tenir-informes-de-l-avancee-du-feu,2026-07-29T04:32:36Z,http://web.archive.org/web/20260730024103/https://www.20minutes.fr/societe/4236742-20260729-incendie-gironde-organisation-exceptionnelle-peux-plus-bordeaux-refugies-feu,"«Si je fais six, je gagne », lâche Marie-Madeleine à Victor avant de lancer son dé sur le plateau dun jeu de petits chevaux. Ces deux habitants de lagglomération bordelaise ne se connaissaient pas il… [+4125 chars]",,fr,'Gironde'
https://www.20minutes.fr/monde/ukraine/4236795-20260729-direct-guerre-ukraine-depuis-etats-unis-zelensky-affirme-poutine-plus-initiative,https://www.20minutes.fr/monde/ukraine/4236795-20260729-direct-guerre-ukraine-depuis-etats-unis-zelensky-affirme-poutine-plus-initiative,0,www.20minutes.fr,"EN DIRECT Guerre en Ukraine : Depuis les Etats-Unis, Zelensky affirme que Poutine n’a plus « l’initiative »…",Revivez avec nous les informations de ce mardi 28 juillet sur le conflit russo-ukrainien,https://img.20mn.fr/9ngs5-YkQA208txE9y5dCik/1444x920_le-president-ukrainien-volodymyr-zelenskyy-est-rejoint-de-gauche-a-droite-le-senateur-richard-blumenthal-d-conn-la-senatrice-katie-boyd-britt-r-ala-le-senateur-roger-wicker-r-miss-et-le-senateur-james-risch-r-idaho-alors-qu-il-arrive-au-capitole-americain-pour-une-reunion-des-dirigeants-bipartisans-de-la-loi-lindsey-o-graham-sanctionnant-la-russie-et-l-iran-de-2026-mardi-le-28-juillet-2026-a-washington-ap-photo-rod-lamkey-jr-dcrl107-26209820290927-2607290051,2026-07-29T04:59:01Z,http://web.archive.org/web/20260729112412/https://www.20minutes.fr/monde/ukraine/4236795-20260729-direct-guerre-ukraine-depuis-etats-unis-zelensky-affirme-poutine-plus-initiative,"La Russie annonce ce mercredi avoir émis un avis de recherche international à l'encontre du fondateur et patron de Telegram Pavel Durov, né en Russie et détenteur de passeports français et émirati, q… [+420 chars]",,fr,'Ukraine'
https://www.huffingtonpost.fr/politique/article/affaire-barbara-butch-eric-piolle-appelle-melenchon-a-condamner-l-interruption-du-concert-de-la-dj-a-grenoble_295946.html,https://www.huffingtonpost.fr/politique/article/affaire-barbara-butch-eric-piolle-appelle-melenchon-a-condamner-l-interruption-du-concert-de-la-dj-a-grenoble_295946.html,0,www.huffingtonpost.fr,Affaire Barbara Butch : Éric Piolle appelle Mélenchon à condamner l’interruption du concert de la DJ à Grenoble,L’ancien maire écologiste de la ville iséroise a interpellé le tribun insoumis dans une tribune à « Libération » où il lui demande de « reconnaître une erreur ».,https://focus.huffingtonpost.fr/2026/07/29/336/0/4773/2685/1820/1023/75/0/d88b1f3_upload-1-vqejpilppk3b-afp-20200821-hl-nguyonnet-1204052-v1-highres-francepoliticssummeruniversityleft.jpg,2026-07-29T06:31:11Z,,"Les Insoumis nont pas fini dentendre parler de laffaire Barbara Butch. Éric Piolle, a interpellé Jean-Luc Mélenchon dans une tribune parue le mardi 28 juillet dans Libération. Lancien maire écologist… [+2409 chars]",,fr,'Grenoble'
https://www.presse-citron.net/la-russie-emet-un-avis-de-recherche-international-pour-arreter-le-fondateur-de-telegram-le-fsb-veut-mettre-fin-a-la-messagerie-la-plus-utilisee-dans-la-guerre-en-ukraine/,https://www.presse-citron.net/la-russie-emet-un-avis-de-recherche-international-pour-arreter-le-fondateur-de-telegram-le-fsb-veut-mettre-fin-a-la-messagerie-la-plus-utilisee-dans-la-guerre-en-ukraine/,0,www.presse-citron.net,La Russie émet un avis de recherche international pour arrêter le fondateur de Telegram : le FSB veut mettre fin à la messagerie la plus utilisée dans la guerre en Ukraine,Pavel Durov et sa messagerie sont dans le viseur du Kremlin.,https://www.presse-citron.net/app/uploads/2024/08/Pavel-Durov-1500x900.jpg,2026-07-29T07:10:08Z,http://web.archive.org/web/20260729233836/https://www.presse-citron.net/la-russie-emet-un-avis-de-recherche-international-pour-arreter-le-fondateur-de-telegram-le-fsb-veut-mettre-fin-a-la-messagerie-la-plus-utilisee-dans-la-guerre-en-ukraine/,"Cest un coup de tonnerre en Russie. Le Service fédéral de sécurité (FSB), successeur du KGB, a annoncé ce mercredi 29 juillet avoir inculpé Pavel Durov, fondateur et dirigeant de Telegram, pour compl… [+2679 chars]",,fr,'Russie'
https://www.20minutes.fr/societe/4236556-20260729-incendies-gironde-pourquoi-lutte-contre-brasier-pourrait-durer-encore-plusieurs-mois,https://www.20minutes.fr/societe/4236556-20260729-incendies-gironde-pourquoi-lutte-contre-brasier-pourrait-durer-encore-plusieurs-mois,0,www.20minutes.fr,Incendies en Gironde : Pourquoi la lutte contre le brasier pourrait durer encore plusieurs mois ?,"Nourri par des sols de lignite et une sécheresse extrême, l’incendie géant en Gironde continuera de se consumer sous terre pendant très longtemps avant d’être totalement éteint",https://img.20mn.fr/wi_aPqlMT4Cj1uHvSEiFsCk/1444x920_un-important-incendie-de-foret-s-est-declare-entre-cestas-et-marcheprime-de-fortes-rafales-de-vent-et-une-chaleur-intense-ont-considerablement-entrave-les-efforts-des-pompiers-face-a-la-propagation-rapide-de-l-incendie-la-foret-etait-en-flammes-avant-que-les-pompiers-ne-parviennent-a-contenir-l-incendie-dimanche-26-juillet-2026-accorsini-jeanne-fire-0052-credit-jeanne-accorsini-sipa-2607270401,2026-07-29T08:07:36Z,http://web.archive.org/web/20260729203930/https://www.20minutes.fr/societe/4236556-20260729-incendies-gironde-pourquoi-lutte-contre-brasier-pourrait-durer-encore-plusieurs-mois,"Sur le front des incendies géants qui ravagent la Gironde et les Landes, le bilan humain relève du tour de force : plus de 220.000 personnes ont été évacuées sans quaucun blessé ne soit à déplorer pa… [+4678 chars]",,fr,'Gironde'
https://www.20minutes.fr/societe/4236695-20260729-incendie-gironde-drone-reaper-armee-air-scrute-feu-24h-24-depuis-cockpit-charente,https://www.20minutes.fr/societe/4236695-20260729-incendie-gironde-drone-reaper-armee-air-scrute-feu-24h-24-depuis-cockpit-charente,0,www.20minutes.fr,"Incendie en Gironde : Avec son drone Reaper, l’armée de l’Air scrute le feu 24h/24 depuis un cockpit… en Charente","Depuis ce week-end, un drone Reaper de la BA709 de Cognac est engagé pour surveiller le gigantesque incendie en Gironde et repérer les départs de feux",https://img.20mn.fr/Ww7ebQBtSA-kymX61peXlyk/1444x920_le-pilote-a-distance-commande-le-reaper-depuis-son-cockpit-au-sol-a-cognac,2026-07-29T08:32:36Z,http://web.archive.org/web/20260729164731/https://www.20minutes.fr/societe/4236695-20260729-incendie-gironde-drone-reaper-armee-air-scrute-feu-24h-24-depuis-cockpit-charente,"De notre envoyé spécial à Cognac,
Il est 9 heures, ce mardi, lorsque le drone MQ9-Reaper décolle de la BA709 de Cognac-Chateaubernard, en Charente. Lappareil, équipé de son pod avec caméras ultra-pu… [+3709 chars]",,fr,'Gironde'
https://www.20minutes.fr/planete/canicule/4236814-20260729-canicule-temperatures-doit-attendre-mercredi,https://www.20minutes.fr/planete/canicule/4236814-20260729-canicule-temperatures-doit-attendre-mercredi,0,www.20minutes.fr,Canicule : A quelles températures doit-on s’attendre ce mercredi ?,"Le thermomètre dépassera ce mercredi les 40 °C localement dans le quart sud-ouest et 38 °C sont attendus à Paris, tandis que des valeurs au-dessus de 35 °C seront généralisées",https://img.20mn.fr/WctZ_Y7SRCmJ_if_sfvuQSk/1444x920_en-pleine-canicule-le-parti-communiste-a-ouvert-son-siege-national-en-tant-que-refuge-rafraichissant-a-paris-le-11-juillet-2026-la-capitale-est-en-alerte-rouge-le-parti-communiste-a-depose-un-projet-de-loi-visant-a-ouvrir-des-salles-climatisees-pendant-les-canicules-dans-un-contexte-de-canicule-le-parti-communiste-ouvre-son-siege-national-comme-lieu-de-fraicheur-a-paris-le-11-juillet-2026-la-capitale-est-en-vigilance-rouge-le-pc-a-depose-un-projet-de-loi-pour-l-ouverture-de-lieu-climatique-en-periode-de-canicule-photo-d-eric-broncard-hans-lucas-via-afp,2026-07-29T08:41:41Z,http://web.archive.org/web/20260729115301/https://www.20minutes.fr/planete/canicule/4236814-20260729-canicule-temperatures-doit-attendre-mercredi,"Les thermomètres semballent à nouveau en France, qui connaît sa troisième vague de chaleur de lété avec un pic prévu par Météo-France pour ce mercredi. De 40 à 41 °C sont attendus localement dans le … [+1287 chars]",,fr,'Grenoble'
https://www.lesnumeriques.com/societe-numerique/je-vis-les-incendies-en-gironde-cette-carte-open-source-est-devenue-mon-meilleur-outil-pour-suivre-et-comprendre-le-feu-n259855.html,https://www.lesnumeriques.com/societe-numerique/je-vis-les-incendies-en-gironde-cette-carte-open-source-est-devenue-mon-meilleur-outil-pour-suivre-et-comprendre-le-feu-n259855.html,0,www.lesnumeriques.com,Actualité : Je vis les incendies en Gironde : cette carte open source est devenue mon meilleur outil pour suivre et comprendre le feu,"Depuis une semaine, je dors avec l’odeur de fumée dans la maison et le réflexe de vérifier une carte avant même de regarder l’heure. J’ai passé des heures à chercher où brûlait exactement l’incendie de Saumos ; cette quête d’informations fiables m’a conduit d…",https://cdn.lesnumeriques.com/optim/news/25/259855/205de14f-je-vis-les-incendies-en-gironde-cette-carte-open-source-est-devenue-mon-meilleur-outil-pour-suivre-et-comprendre-le-feu_png__1200_678__0-0-1916-1006.jpg,2026-07-29T10:25:00Z,http://web.archive.org/web/20260729153617/https://www.lesnumeriques.com/societe-numerique/je-vis-les-incendies-en-gironde-cette-carte-open-source-est-devenue-mon-meilleur-outil-pour-suivre-et-comprendre-le-feu-n259855.html,"L'odeur de fumée flotte jusque chez moi depuis plusieurs jours. Les sirènes, les hélicoptères, les routes coupées : l'incendie de Saumos, parti le 22 juillet, est devenu le quotidien de tout un dépar… [+5700 chars]",,fr,'Gironde'
https://www.journaldugeek.com/2026/07/29/gta-online-met-fin-a-sa-mise-a-jour-casino-en-australie/,https://www.journaldugeek.com/2026/07/29/gta-online-met-fin-a-sa-mise-a-jour-casino-en-australie/,0,www.journaldugeek.com,GTA Online met fin à sa mise à jour Casino en Australie,"Un nouveau pays met en place des restrictions contre les dérives des jeux en ligne, GTA et Rockstar Games en paient les frais !",https://www.journaldugeek.com/app/uploads/2026/07/gta-online-restriction-casino-australie-1600x900.jpg,2026-07-29T11:02:12Z,http://web.archive.org/web/20260729203642/https://www.journaldugeek.com/2026/07/29/gta-online-met-fin-a-sa-mise-a-jour-casino-en-australie/,"De plus en plus de pays commencent à lutter contre de nombreuses dérives dans les jeux en ligne, liés à des systèmes de loot boxes que lon peut comparer aux jeux de casinos et jeux dargent en ligne. … [+2071 chars]",,fr,'Australie'
https://www.20minutes.fr/planete/4236882-20260729-gironde-corse-landes-point-incendies-france,https://www.20minutes.fr/planete/4236882-20260729-gironde-corse-landes-point-incendies-france,0,www.20minutes.fr,"Gironde, Corse, Landes… Le point sur les incendies en France","Avec 115.000 hectares brûlés, l’année 2026 est déjà celles de tous les records en matière d'incendie",https://img.20mn.fr/PBBc8aNRT56Lcxe5JZAPDCk/1444x920_martignas-sur-jalle-france-28-juillet-2026-un-important-feu-de-foret-envahit-le-camp-militaire-de-souge-qui-abrite-le-13e-regiment-de-dragons-parachutistes-de-l-armee-francaise-13e-regiment-de-dragons-parachutistes-une-unite-de-renseignement-aeroportee-des-forces-speciales-pres-de-bordeaux-dans-le-sud-ouest-de-la-france-les-commandos-des-forces-speciales-aident-les-pompiers-en-fournissant-de-l-eau-aux-equipages-qui-luttent-contre-l-incendie-qui-se-deplace-rapidement-tandis-que-des-bombardiers-d-eau-canadair-et-un-avion-citerne-dash-menent-des-operations-continues-de-lutte-contre-les-incendies-au-dessus-de-la-tete-les-equipes-d-assaut-au-sol-s-efforcent-de-contenir-le-feu-alors-qu-il-se-propage-dans-les-zones-boisees-entourant-l-installation-militaire-le-feu-de-foret-en-gironde-a-mobilise-du-personnel-militaire-aux-cotes-des-services-d-urgence-civils-alors-que-les-operations-aeriennes-et-terrestres-de-lutte-contre-les-incendies-s-intensifiaient-pour-proteger-le-camp-de-souge-et-les-communautes-voisines-benleulmieliasneil-sipa-13433-credit-elias-neil-benleulmi-sipa-2607281712,2026-07-29T13:25:26Z,,"La France fait face en cet été 2026 à une saison des feux de forêt historique. Avec plus de 115.000 hectares déjà parcourus par les flammes depuis le début de lannée, le « record » de 2022 est pulvér… [+2686 chars]",,fr,'France'
https://www.20minutes.fr/societe/4236879-20260729-incendie-gironde-besoin-ceintures-agricoles-autour-villes-eviter-feu-propager,https://www.20minutes.fr/societe/4236879-20260729-incendie-gironde-besoin-ceintures-agricoles-autour-villes-eviter-feu-propager,0,www.20minutes.fr,Incendie en Gironde : « On a besoin de ceintures agricoles autour des villes » pour éviter au feu de se propager,"Après l’évacuation de 220.000 personnes en Gironde en raison du gigantesque incendie qui a parcouru 42.000 hectares, la question de l’aménagement des interfaces villes-forêt en France va devenir cruciale",https://img.20mn.fr/oC0rMuKTQs6b78LL8Nb46Sk/1444x920_un-avion-canadair-cl-415-survole-un-feu-de-foret-pres-de-lanton-a-l-est-du-bassin-d-arcachon-a-l-ouest-de-bordeaux-le-29-juillet-2026-lors-de-feux-de-foret-dans-la-region-de-la-gironde-dans-le-sud-ouest-de-la-france-la-gironde-et-les-departements-voisins-des-landes-sont-soumis-a-une-alerte-orange-a-compter-du-29-juillet-a-midi-avec-des-temperatures-interieures-de-41-c-prevues-et-de-38-c-sur-la-cote-photo-d-ed-jones-afp,2026-07-29T15:18:42Z,,"Avec 33.000 habitants, Saint-Médard-en-Jalles est lune des communes les plus importantes de la métropole bordelaise à avoir été évacuée, dans la nuit de samedi à dimanche dernier, face à la menace du… [+4828 chars]",,fr,'Gironde'
https://www.dhnet.be/actu/faits/2026/07/29/lhorreur-en-france-un-bebe-retrouve-mort-dans-un-sac-poubelle-a-saint-etienne-la-mere-de-famille-placee-en-garde-a-vue-ZICWMRNNRBFUFLT6MCOW7SVZEQ/,https://www.dhnet.be/actu/faits/2026/07/29/lhorreur-en-france-un-bebe-retrouve-mort-dans-un-sac-poubelle-a-saint-etienne-la-mere-de-famille-placee-en-garde-a-vue-ZICWMRNNRBFUFLT6MCOW7SVZEQ/,0,www.dhnet.be,"L'horreur en France: un bébé retrouvé mort dans un sac poubelle à Saint-Etienne, la mère de famille placée en garde à vue","Une mère de famille a été placée en garde à vue mardi soir après que le corps sans vie d'un nouveau-né a été retrouvé dans un sac poubelle à son domicile de Saint-Étienne, en Auvergne-Rhône-Alpes, a appris mercredi l'AFP de sources policières. ...",https://www.dhnet.be/resizer/v2/HR57H57X3JFDFH6DNKELSGL3SA.jpg?auth=6e98edc953394b017fbecbadd1645381d5161300021d7a2901370be8da43eed8&width=1200&height=630&quality=85&focal=2935%2C1956,2026-07-29T15:24:23Z,http://web.archive.org/web/20260729230641/https://www.dhnet.be/actu/faits/2026/07/29/lhorreur-en-france-un-bebe-retrouve-mort-dans-un-sac-poubelle-a-saint-etienne-la-mere-de-famille-placee-en-garde-a-vue-ZICWMRNNRBFUFLT6MCOW7SVZEQ/,"Mardi dans la journée, cette mère de quatre enfants s'était rendue au service de gynécologie du CHU de la ville pour une consultation. Les médecins ont constaté qu'elle venait d'accoucher après avoir… [+269 chars]",,fr,'Rhône'
https://www.frandroid.com/survoltes/voitures-electriques/3197615_camion-de-pompiers-electrique-vs-diesel-la-realite-du-terrain-face-aux-feux-de-foret,https://www.frandroid.com/survoltes/voitures-electriques/3197615_camion-de-pompiers-electrique-vs-diesel-la-realite-du-terrain-face-aux-feux-de-foret,0,www.frandroid.com,Camion de pompiers électrique vs diesel : la réalité du terrain face aux feux de forêt,"Pendant que le massif dans les Landes et en Gironde brûle et que les pompiers pestent contre des camions diesel bridés par les normes antipollution, une question revient : et si on passait à l'électrique ? La réponse honnête n'est pas si simple, surtout pour …","https://c0.lestechnophiles.com/images.frandroid.com/wp-content/uploads/2026/07/fire3.jpeg?resize=1600,900&key=88d0b62a",2026-07-29T16:15:39Z,http://web.archive.org/web/20260730153615/https://www.frandroid.com/survoltes/voitures-electriques/3197615_camion-de-pompiers-electrique-vs-diesel-la-realite-du-terrain-face-aux-feux-de-foret,"Pendant que le massif dans les Landes et en Gironde brûle et que les pompiers pestent contre des camions diesel bridés par les normes antipollution, une question revient : et si on passait à lélectri… [+7968 chars]",,fr,'Gironde'
https://www.20minutes.fr/monde/ukraine/4236903-20260729-guerre-ukraine-xenia-fedorova-menacee-expulsion-zelensky-compte-sanctions-americaines,https://www.20minutes.fr/monde/ukraine/4236903-20260729-guerre-ukraine-xenia-fedorova-menacee-expulsion-zelensky-compte-sanctions-americaines,0,www.20minutes.fr,"Guerre en Ukraine : Xenia Fedorova menacée d’expulsion, Zelensky compte sur les sanctions américaines","« 20 Minutes » fait le point pour vous tous les soirs sur le conflit en Ukraine. Ce mercredi 29 juillet, la journée a été marquée par l’arrêté ministériel français d’expulsion contre la chroniqueuse prorusse Xenia Fedorova",https://img.20mn.fr/uxtIpeLkQHuZEaqzbJXsLCk/1444x920_xenia-fedorova-c-ancienne-directrice-de-la-version-francaise-de-la-chaine-publique-russe-en-langue-etrangere-rt-interdite-en-france-apres-l-invasion-russe-de-l-ukraine-reagit-alors-que-des-militants-de-l-organisation-pour-l-ukraine-pour-leur-liberte-et-la-notre-protestent-contre-sa-presence-pour-promouvoir-son-livre-intitule-bannie-interdite-sur-le-stand-de-la-maison-d-edition-francaise-fayard-lors-du-festival-du-livre-de-paris-2025-salon-du-livre-au-grand-palais-a-paris-le-12-avril-2025-photo-de-xavier-galiana-afp,2026-07-29T17:30:40Z,http://web.archive.org/web/20260729230207/https://www.20minutes.fr/monde/ukraine/4236903-20260729-guerre-ukraine-xenia-fedorova-menacee-expulsion-zelensky-compte-sanctions-americaines,"Vous avez raté les derniers événements sur la guerre en Ukraine ? 20 Minutes fait le point pour vous tous les soirs. Voici lessentiel de ce mercredi 29 juillet, 1.616e jour du conflit.
Le fait du jo… [+3432 chars]",,fr,'Russie'
https://www.mediapart.fr/journal/france/290726/le-parquet-de-marseille-classe-sans-suite-son-enquete-visant-renaud-muselier,https://www.mediapart.fr/journal/france/290726/le-parquet-de-marseille-classe-sans-suite-son-enquete-visant-renaud-muselier,0,www.mediapart.fr,Le parquet de Marseille classe sans suite son enquête visant Renaud Muselier,"Un signalement anonyme accusait le président de la région Provence-Alpes-Côte d’Azur d’avoir financé Wadeck Gorak, un ancien champion de ski freeride, grâce à des marchés de communication.",https://static.mediapart.fr/etmagine/og/journal/files/2023/11/20/231120-marseille-le-renvoi-en-correctionnelle-demande-pour-deux-proches-de-renaud-muselier.jpg,2026-07-29T18:35:44Z,http://web.archive.org/web/20260731144324/https://www.mediapart.fr/journal/france/290726/le-parquet-de-marseille-classe-sans-suite-son-enquete-visant-renaud-muselier,"Les cookies et technologies similaires que nous utilisons sur Mediapart sont de différentes natures et nous permettent de poursuivre différentes finalités. 
Certains sont nécessaires au fonctionneme… [+3291 chars]",,fr,'Alpes'
https://www.20minutes.fr/societe/4236941-20260729-incendie-gironde-pouvais-partir-parmi-refugies-bordeaux-aussi-animaux,https://www.20minutes.fr/societe/4236941-20260729-incendie-gironde-pouvais-partir-parmi-refugies-bordeaux-aussi-animaux,0,www.20minutes.fr,"Incendie en Gironde : « Je ne pouvais pas partir sans elle »… Parmi les réfugiés à Bordeaux, il y a aussi les animaux","Evacués dans l’urgence à cause du mégafeu en Gironde, des habitants relogés au Parc des Exposition de Bordeaux sont arrivés avec leurs animaux sous le bras. Le hangar a depuis une semaine des allures « d’Arche de Noé »",https://img.20mn.fr/M2w0WbrIRw2h_bOtLIYpsSk/1444x920_au-parcs-des-expositions-de-bordeaux-les-evacues-partagent-aussi-l-espace-avec-des-animaux,2026-07-29T19:29:30Z,http://web.archive.org/web/20260729232140/https://www.20minutes.fr/societe/4236941-20260729-incendie-gironde-pouvais-partir-parmi-refugies-bordeaux-aussi-animaux,"Au Parc des Expositions de Bordeaux,
Dans la précipitation, Monique, 87 ans, na pris que lessentiel : Un paquet de croquettes et son chat Mozza. « Je ne sais même pas si jai pensé à prendre tous mes… [+3339 chars]",,fr,'Gironde'
https://www.courrierinternational.com/article/guerre-en-iran-washington-reprend-ses-frappes-contre-teheran_254334,https://www.courrierinternational.com/article/guerre-en-iran-washington-reprend-ses-frappes-contre-teheran_254334,0,www.courrierinternational.com,Washington reprend ses frappes contre Téhéran,"Les Etats-Unis ont annoncé jeudi avoir achevé une « lourde série » de bombardements sur l’Iran, en représailles à une attaque surprise iranienne  contre leurs forces au Moyen-Orient mardi. L’intensité de ces frappes reste toutefois limitée, relève la presse a…",https://focus.courrierinternational.com/2026/07/30/0/282/3009/2006/1200/630/60/0/aa5e90a_ftp-1-zfr0wvigdihp-2026-07-30t032117z-1318579640-rc23omap9ixe-rtrmadp-3-iran-crisis-centcom.JPG,2026-07-30T04:06:09Z,,"« La guerre, que Donald Trump tente de clore diplomatiquement depuis avril, menace désormais de prendre encore plus dampleur, au moment où les États-Unis souhaitaient pourtant tourner la page », anal… [+3126 chars]",,fr,'Téhéran'
https://www.franceinfo.fr/monde/iran/guerre-entre-les-etats-unis-israel-et-l-iran/direct-guerre-au-moyen-orient-des-dizaines-de-cibles-visees-par-des-frappes-americaines-en-iran-trois-personnes-tuees_8128010.html,https://www.franceinfo.fr/monde/iran/guerre-entre-les-etats-unis-israel-et-l-iran/direct-guerre-au-moyen-orient-des-dizaines-de-cibles-visees-par-des-frappes-americaines-en-iran-trois-personnes-tuees_8128010.html,0,www.franceinfo.fr,"Guerre au Moyen-Orient : des ""dizaines de cibles"" visées par des frappes américaines en Iran, trois personnes tuées","Après plusieurs jours d'accalmie, les Etats-Unis avaient déjà mené des frappes conjointes avec l'Arabie saoudite, mercredi, frappant des milices pro-iraniennes en Irak.",https://www.franceinfo.fr/pictures/QkZlw8IJ1N5TwjiyY5NfJ30w5eA/0x5:1024x581/1500x843/2026/07/30/6a6adec1963b8092272572.jpg,2026-07-30T05:19:30Z,http://web.archive.org/web/20260730200344/https://www.franceinfo.fr/monde/iran/guerre-entre-les-etats-unis-israel-et-l-iran/direct-guerre-au-moyen-orient-des-dizaines-de-cibles-visees-par-des-frappes-americaines-en-iran-trois-personnes-tuees_8128010.html,"Les Etats-Unis ont annoncé, jeudi 30 juillet, avoir achevé une ""lourde série"" de bombardements sur l'Iran, en représailles à des attaques contre leurs forces au Moyen-Orient. L'armée américaine a ""fr… [+1629 chars]",,fr,'Irak'
https://www.journaldugeek.com/2026/07/30/la-russie-lance-un-mandat-darret-contre-pavel-durov-patron-de-telegram/,https://www.journaldugeek.com/2026/07/30/la-russie-lance-un-mandat-darret-contre-pavel-durov-patron-de-telegram/,0,www.journaldugeek.com,"La Russie lance un mandat d’arrêt contre Pavel Durov, patron de Telegram","Le fondateur de Telegram est accusé par les services de sécurité russes d’avoir facilité des activités terroristes en refusant de supprimer certains contenus. Cette nouvelle offensive judiciaire tombe à un moment curieux : quelques jours plus tôt, le Kremlin …",https://www.journaldugeek.com/app/uploads/2025/05/telegram-1600x900.jpg,2026-07-30T06:02:46Z,,"Les relations entre Pavel Durov et son pays natal nétaient déjà pas franchement chaleureuses. Elles viennent de se refroidir un peu plus. Le FSB, le principal service de sécurité russe, a annoncé lin… [+2760 chars]",,fr,'Russie'
https://www.mediapart.fr/journal/france/300726/optimisme-en-gironde-avec-un-incendie-stabilise-et-une-meteo-favorable,https://www.mediapart.fr/journal/france/300726/optimisme-en-gironde-avec-un-incendie-stabilise-et-une-meteo-favorable,0,www.mediapart.fr,"Optimisme en Gironde, avec un incendie «stabilisé» et une météo «favorable»","L’incendie n’a plus progressé depuis dimanche, malgré les fortes températures et le vent observés mercredi. « Le feu va continuer à couver » pendant des mois en sous-sol, met en garde un lieutenant des pompiers.",https://static.mediapart.fr/etmagine/og/journal/files/2026/07/30/260730-imgoptimisme-en-gironde-avec-un-incendie-stabilise-et-une-meteo-favorable.jpg,2026-07-30T06:32:25Z,http://web.archive.org/web/20260731015936/https://www.mediapart.fr/journal/france/300726/optimisme-en-gironde-avec-un-incendie-stabilise-et-une-meteo-favorable,"Les cookies et technologies similaires que nous utilisons sur Mediapart sont de différentes natures et nous permettent de poursuivre différentes finalités. 
Certains sont nécessaires au fonctionneme… [+3291 chars]",,fr,'Gironde'
https://www.20minutes.fr/planete/canicule/4236984-20260730-chaleur-plus-42-brive-40-bordeaux-38-paris-fait-plus-chaud-mercredi,https://www.20minutes.fr/planete/canicule/4236984-20260730-chaleur-plus-42-brive-40-bordeaux-38-paris-fait-plus-chaud-mercredi,0,www.20minutes.fr,"Canicule : Plus de 42 °C à Brive, 40 °C à Bordeaux, 38 °C à Paris… Où a-t-il fait le plus chaud mercredi ?",La troisième vague de chaleur de l’été se décale à présent vers l’est de la France,https://img.20mn.fr/r0y34T-qSJODzIfj1d7K2Ck/1444x920_en-debut-d-apres-midi-la-temperature-a-atteint-40-degres-dans-le-16e-arrondissement-de-paris-le-29-juillet-2026-il-s-agit-de-la-quatrieme-vague-de-chaleur-la-capitale-est-en-alerte-orange-en-debut-d-apres-midi-la-temperature-affichait-40-degres-dans-le-16e-arrondissement-de-paris-le-29-juillet-2026-quatrieme-episode-de-canicule-la-capitale-est-en-vigilance-orange-photo-d-eric-broncard-hans-lucas-via-afp,2026-07-30T08:25:49Z,,"Pas de record de températures en masse, mais quelques valeurs remarquables. La troisième vague de chaleur de lété en France a atteint son paroxysme sur une large moitié ouest mercredi, avant de se dé… [+686 chars]",,fr,'Paris'
https://france3-regions.franceinfo.fr/auvergne-rhone-alpes/puy-de-dome/plus-de-30-dans-les-chambres-d-hopital-la-region-auvergne-rhone-alpes-debloque-une-enveloppe-1-5-million-d-euros-pour-faire-face-aux-etes-caniculaires-3394357.html,https://france3-regions.franceinfo.fr/auvergne-rhone-alpes/puy-de-dome/plus-de-30-dans-les-chambres-d-hopital-la-region-auvergne-rhone-alpes-debloque-une-enveloppe-1-5-million-d-euros-pour-faire-face-aux-etes-caniculaires-3394357.html,0,france3-regions.franceinfo.fr,"Plus de 30° dans les chambres d'hôpital : la région Auvergne-Rhône-Alpes débloque une enveloppe 1,5 million d'euros pour faire face aux étés caniculaires","Alors qu'une nouvelle alerte orange canicule a été déclenchée dans le Puy-de-Dôme, la région est venue, mercredi 29 juillet 2026, au Centre Hospitalier d'Issoire pour présenter les trois climatiseurs que la région a fourni à la maternité. Une réponse provisoi…",https://france3-regions.franceinfo.fr/image/pzKtTocSr9T1ziCb9KAPGwLZ5t4/930x620/regions/2026/07/30/6a6b17a91eead016208411.jpg,2026-07-30T09:56:12Z,,"Alors qu'une nouvelle alerte orange canicule a été déclenchée dans le Puy-de-Dôme, la région est venue, mercredi 29 juillet 2026, au Centre Hospitalier d'Issoire pour présenter les trois climatiseurs… [+2741 chars]",,fr,'Auvergne'
https://www.20minutes.fr/societe/4237000-20260730-info-midi-2-minutes-bonnes-nouvelles-gironde-economie-resiste-bombardements-iran,https://www.20minutes.fr/societe/4237000-20260730-info-midi-2-minutes-bonnes-nouvelles-gironde-economie-resiste-bombardements-iran,0,www.20minutes.fr,"L’info du midi en 2 minutes : Bonnes nouvelles en Gironde, l’économie résiste et bombardements en Iran",« 20 Minutes » a compilé pour vous les infos de ce jeudi 30 juillet qui vont animer votre repas à la cantine ou votre apéro au camping,https://img.20mn.fr/Is1VXYZiTVCQACB9t_Ubhyk/1444x920_un-pompier-boit-de-l-eau-au-milieu-de-la-fumee-a-claouey-au-nord-du-bassin-d-arcachon-le-29-juillet-2026-lors-de-feux-de-foret-dans-la-region-de-la-gironde-dans-le-sud-ouest-de-la-france-en-france-la-region-de-la-gironde-a-connu-une-deuxieme-nuit-calme-et-a-indique-que-l-incendie-massif-a-l-ouest-de-bordeaux-la-capitale-viticole-francaise-est-reste-stable-malgre-une-hausse-des-temperatures-le-29-juillet-alors-que-la-quatrieme-vague-de-chaleur-de-l-ete-a-ravage-la-region-photo-de-romain-perrocheau-afp,2026-07-30T10:01:16Z,,"Notre récap matinal « Toute linfo en 2 minutes » a pris ses congés dété et sautorise à se lever en fin de matinée pour vous être livré à midi. Et ce, jusquau vendredi 21 août. Le format ne change pas… [+2407 chars]",,fr,'Gironde'
https://france3-regions.franceinfo.fr/provence-alpes-cote-d-azur/alpes-maritimes/nice/une-injection-aux-fesses-ce-que-l-on-sait-de-la-mort-d-une-femme-dans-un-salon-de-beaute-a-nice-3394462.html,https://france3-regions.franceinfo.fr/provence-alpes-cote-d-azur/alpes-maritimes/nice/une-injection-aux-fesses-ce-que-l-on-sait-de-la-mort-d-une-femme-dans-un-salon-de-beaute-a-nice-3394462.html,0,france3-regions.franceinfo.fr,"""Une injection aux fesses"", un produit anesthésiant : ce que l'on sait de la mort d'une femme dans un salon de beauté à Nice","Une femme de 25 ans est décédée ce lundi 27 juillet dans un salon de beauté rue Auguste Pégurier à Nice (Alpes-Maritimes). Elle serait décédée d'une réaction allergique à un produit anesthésiant, en vue de se faire injecter du botox dans les fesses.",https://france3-regions.franceinfo.fr/image/IZYZKOAERKiOBolstjv_C70VYBU/930x620/regions/2026/07/30/6a6b2200379a8526664603.jpg,2026-07-30T10:15:50Z,http://web.archive.org/web/20260730101742/https://france3-regions.franceinfo.fr/provence-alpes-cote-d-azur/alpes-maritimes/nice/une-injection-aux-fesses-ce-que-l-on-sait-de-la-mort-d-une-femme-dans-un-salon-de-beaute-a-nice-3394462.html,Une femme de 25 ans est décédée ce lundi 27 juillet dans un salon de beauté rue Auguste Pégurier à Nice (Alpes-Maritimes). Elle serait décédée à la suite d'une réaction allergique à un produit anesth… [+3930 chars],,fr,'Nice'
https://www.lalibre.be/economie/conjoncture/2026/07/30/vers-un-changement-radical-de-leconomie-communiste-de-cuba-nous-survivons-grace-aux-petites-entreprises-privees-PYVOYXBQXZAENMWCCDHHEFKTC4/,https://www.lalibre.be/economie/conjoncture/2026/07/30/vers-un-changement-radical-de-leconomie-communiste-de-cuba-nous-survivons-grace-aux-petites-entreprises-privees-PYVOYXBQXZAENMWCCDHHEFKTC4/,0,www.lalibre.be,"Vers un changement radical de l'économie communiste de Cuba ?"" Nous survivons grâce aux petites entreprises privées""",L'île vient de réduire drastiquement le nombre d'activités interdites aux entreprises privées. ...,https://www.lalibre.be/resizer/v2/3DROPOW4MNCG3ICDQPSAFF6YBA.jpg?auth=9589a886d13f1e6b0275fb706bfb89462f984ebcfc862d543ee05db30bc81abe&width=1200&height=630&quality=85&focal=3751%2C2500,2026-07-30T10:29:04Z,http://web.archive.org/web/20260730163844/https://www.lalibre.be/economie/conjoncture/2026/07/30/vers-un-changement-radical-de-leconomie-communiste-de-cuba-nous-survivons-grace-aux-petites-entreprises-privees-PYVOYXBQXZAENMWCCDHHEFKTC4/,"La nouvelle réglementation ""élargit de manière considérable le champ d'action des entrepreneurs et des entreprises privées sur l'île"", ont indiqué les médias d'Etat, relayant ces mesures édictées par… [+4252 chars]",,fr,'L'Iran'
https://www.franceinfo.fr/environnement/evenements-meteorologiques-extremes/vagues-de-chaleur-canicules/vingt-et-un-departements-du-quart-sud-est-en-vigilance-orange-canicule-la-chaleur-decroit-en-gironde-et-dans-les-landes_8128532.html,https://www.franceinfo.fr/environnement/evenements-meteorologiques-extremes/vagues-de-chaleur-canicules/vingt-et-un-departements-du-quart-sud-est-en-vigilance-orange-canicule-la-chaleur-decroit-en-gironde-et-dans-les-landes_8128532.html,0,www.franceinfo.fr,"Vingt-et-un départements du quart sud-est en vigilance orange ""canicule"", la chaleur décroît en Gironde et dans les Landes","Sept départements supplémentaires sont passés en vigilance orange ""canicule"" jeudi à midi : les Alpes-de-Haute-Provence, les Hautes-Alpes, les Alpes-Maritimes, le Var, le Vaucluse et la Corse entière.",https://www.franceinfo.fr/pictures/WRgtIl_XFYzmUblbUR0Mn5v-tZM/0x46:1024x622/1500x843/2026/07/30/6a6b31bb060e9750343679.jpg,2026-07-30T11:13:50Z,http://web.archive.org/web/20260730224803/https://www.franceinfo.fr/environnement/evenements-meteorologiques-extremes/vagues-de-chaleur-canicules/vingt-et-un-departements-du-quart-sud-est-en-vigilance-orange-canicule-la-chaleur-decroit-en-gironde-et-dans-les-landes_8128532.html,"La vague de chaleur se déplace vers le quart Sud-Est. Sept départements supplémentaires ont été placés par Météo-France en vigilance orange ""canicule"" jeudi 30 juillet à midi. Il s'agit des Alpes-de-… [+544 chars]",,fr,'Maritimes'
https://www.ledauphine.com/societe/2026/07/30/le-nombre-de-naissances-baisse-encore-en-france-en-2026-vers-un-nouveau-point-bas-historique,https://www.ledauphine.com/societe/2026/07/30/le-nombre-de-naissances-baisse-encore-en-france-en-2026-vers-un-nouveau-point-bas-historique,0,www.ledauphine.com,"Démographie. Le nombre de naissances baisse encore en France en 2026, vers un nouveau point bas historique","La natalité continue de décliner en France avec 313 931 bébés né dans l'Hexagone au premier semestre 2026, contre 317 583 sur la même période l'année dernière.",https://cdn-s-www.ledauphine.com/images/130D8A34-B4D9-4588-A9B3-6E0C4150512C/FB1200/photo-1785411235.jpg,2026-07-30T11:40:00Z,http://web.archive.org/web/20260730205256/https://www.ledauphine.com/societe/2026/07/30/le-nombre-de-naissances-baisse-encore-en-france-en-2026-vers-un-nouveau-point-bas-historique,"Toujours moins de bébés : le nombre de naissances a reculé de 1,1% en France sur les six premiers mois de 2026 par rapport à la même période de 2025, poursuivant sa tendance à la baisse à un rythme t… [+2100 chars]",,fr,'France'
https://www.frandroid.com/marques/google/3199507_voici-a-quoi-ressemblerait-paris-avec-des-climatiseurs-et-des-dragons-google-integre-nano-banana-a-google-earth,https://www.frandroid.com/marques/google/3199507_voici-a-quoi-ressemblerait-paris-avec-des-climatiseurs-et-des-dragons-google-integre-nano-banana-a-google-earth,0,www.frandroid.com,Voici à quoi ressemblerait Paris avec des climatiseurs et des dragons : Google intègre Nano Banana à Google Earth,Google annonce l'ajout de son système de génération d'image Nano Banana 2 à Google Earth. Vous pouvez transformer n'importe quel endroit sur Terre par l'IA.,"https://c0.lestechnophiles.com/images.frandroid.com/wp-content/uploads/2026/07/google-earth-nano-banana-gemini.jpg?resize=1600,900&key=f19a9b13",2026-07-30T13:49:18Z,,"Google annonce l’ajout de son système de génération d’image Nano Banana 2 à Google Earth. Vous pouvez transformer n’importe quel endroit sur Terre par l’IA.
Face à Claude et au GPT d’OpenAI, plus pu… [+2007 chars]",,fr,'Paris'
https://www.numerama.com/vroom/2304449-incendies-en-gironde-loperateur-francais-electra-rend-a-son-tour-la-charge-gratuite.html,https://www.numerama.com/vroom/2304449-incendies-en-gironde-loperateur-francais-electra-rend-a-son-tour-la-charge-gratuite.html,0,www.numerama.com,Incendies en Gironde : l’opérateur français Electra rend à son tour la charge gratuite,"Quelques heures après l'initiative de Tesla, le spécialiste français de la recharge rapide Electra débloque lui aussi la gratuité sur ses bornes en Gironde et près de Madrid. Alors que la situation sur le front des incendies reste critique en Gironde comme da…","https://c0.lestechnophiles.com/www.numerama.com/wp-content/uploads/2026/07/electra-incendie-gironde.jpg?resize=1600,900&key=91827d79",2026-07-30T14:12:03Z,http://web.archive.org/web/20260731001035/https://www.numerama.com/vroom/2304449-incendies-en-gironde-loperateur-francais-electra-rend-a-son-tour-la-charge-gratuite.html,"Quelques heures après l’initiative de Tesla, le spécialiste français de la recharge rapide Electra débloque lui aussi la gratuité sur ses bornes en Gironde et près de Madrid.
Alors que la situation … [+3522 chars]",,fr,'Gironde'
https://www.monde-diplomatique.fr/2026/08/CELA/69814,https://www.monde-diplomatique.fr/2026/08/CELA/69814,0,www.monde-diplomatique.fr,Géopolitique des hôtels de luxe,"La « révolution des flamants roses » agite l’Albanie. Chaque jour, des manifestants défilent contre un projet d’hôtellerie haut de gamme néfaste pour l’environnement. À la manœuvre, des investisseurs syro-qataris qui conduisent d’autres opérations semblables,…",https://www.monde-diplomatique.fr/IMG/logo/img010_copie.jpg,2026-07-30T14:59:21Z,,"Fee Kleiss. « Garlic Loveland » (Terre damour et dail), 2018 
© Fee Kleiss - Courtoisie Fee Kleiss et Galerie Maria Lund
Pour les tortues géantes et la biodiversité marine, latoll dAldabra constitu… [+1866 chars]",,fr,'Maritimes'
https://france3-regions.franceinfo.fr/nouvelle-aquitaine/gironde/bordeaux/on-ne-va-pas-en-faire-un-parking-apres-l-incendie-en-gironde-il-faudra-replanter-la-foret-avec-du-pin-maritime-estime-ce-chercheur-3394504.html,https://france3-regions.franceinfo.fr/nouvelle-aquitaine/gironde/bordeaux/on-ne-va-pas-en-faire-un-parking-apres-l-incendie-en-gironde-il-faudra-replanter-la-foret-avec-du-pin-maritime-estime-ce-chercheur-3394504.html,0,france3-regions.franceinfo.fr,"""On ne va pas en faire un parking"" : après l'incendie en Gironde, il faudra replanter la forêt avec du pin maritime, estime un spécialiste","L'incendie de Saumos en Gironde qui n'est toujours pas fixé ce jeudi 30 juillet, a dévoré 42 000 hectares de forêt de pins. Pour Sylvain Delzon, chercheur à l'INRA de Bordeaux et spécialiste des arbres, il faut replanter des pins maritimes, mais différemment,…",https://france3-regions.franceinfo.fr/image/NOmbWT8HHGoH0KDLosVy2O4tNkg/930x620/regions/2026/07/30/6a6b2468609d0400209383.jpg,2026-07-30T15:13:40Z,http://web.archive.org/web/20260730202838/https://france3-regions.franceinfo.fr/nouvelle-aquitaine/gironde/bordeaux/on-ne-va-pas-en-faire-un-parking-apres-l-incendie-en-gironde-il-faudra-replanter-la-foret-avec-du-pin-maritime-estime-ce-chercheur-3394504.html,"L'incendie de Saumos en Gironde qui n'est toujours pas fixé ce jeudi 30 juillet, a dévoré 42 000 hectares de forêt de pins. Pour Sylvain Delzon, chercheur à l'INRA de Bordeaux et spécialiste des arbr… [+8372 chars]",,fr,'Gironde'
https://www.franceinfo.fr/societe/harcelement/info-franceinfo-l-eurodeputee-lfi-rima-hassan-a-porte-plainte-pour-cyberharcelement-contre-le-journaliste-jean-quatremer_8128661.html,https://www.franceinfo.fr/societe/harcelement/info-franceinfo-l-eurodeputee-lfi-rima-hassan-a-porte-plainte-pour-cyberharcelement-contre-le-journaliste-jean-quatremer_8128661.html,0,www.franceinfo.fr,L'eurodéputée LFI Rima Hassan a porté plainte pour cyberharcèlement contre le journaliste Jean Quatremer,"L'élue européenne de La France insoumise a déposé une plainte au parquet de Paris mercredi, dans laquelle elle fait état d'""un acharnement"" du journaliste sur ses réseaux sociaux.",https://www.franceinfo.fr/pictures/vHrw-SxNJ9qbvhuen-pSZkHD-uA/0x556:5338x3559/1500x843/2026/07/30/6a6b65f25889a198319099.jpg,2026-07-30T16:15:06Z,,"Elle dénonce ""de fausses accusations et des insultes à répétition"". La députée européenne de La France insoumise (LFI) Rima Hassan a déposé une plainte au parquet de Paris, mercredi 29 juillet, contr… [+3154 chars]",,fr,'Palestine'
https://france3-regions.franceinfo.fr/provence-alpes-cote-d-azur/hautes-alpes/gap/neuf-loups-abattus-illegalement-un-charnier-decouvert-trois-personnes-interpellees-ce-que-l-on-sait-du-coup-de-filet-contre-le-braconnage-de-loups-3394741.html,https://france3-regions.franceinfo.fr/provence-alpes-cote-d-azur/hautes-alpes/gap/neuf-loups-abattus-illegalement-un-charnier-decouvert-trois-personnes-interpellees-ce-que-l-on-sait-du-coup-de-filet-contre-le-braconnage-de-loups-3394741.html,0,france3-regions.franceinfo.fr,"Neuf loups abattus illégalement, un charnier découvert, trois personnes interpellées... Un coup de filet contre le braconnage dans les Hautes-Alpes","Trois personnes soupçonnées d’avoir abattu illégalement neuf loups dans les Hautes-Alpes ont été placées en garde à vue ce mardi 28 juillet 2026. Ressorties sous contrôle judiciaire, elles seront jugées devant le tribunal correctionnel de Gap.",https://france3-regions.franceinfo.fr/image/DO0NY8m4K1JibWBIKxWwGgNXz7U/930x620/regions/2026/07/30/6a6b6c9ac13e1373338211.jpg,2026-07-30T16:27:50Z,,"Trois personnes soupçonnées davoir abattu illégalement neuf loups dans les Hautes-Alpes ont été placées en garde à vue ce mardi 28 juillet 2026. Ressorties sous contrôle judiciaire, elles seront jugé… [+2637 chars]",,fr,'Alpes'
https://www.presse-citron.net/paris-dans-500-ans-lia-sinvite-sur-google-earth-pour-reimaginer-les-villes/,https://www.presse-citron.net/paris-dans-500-ans-lia-sinvite-sur-google-earth-pour-reimaginer-les-villes/,0,www.presse-citron.net,« Paris dans 500 ans » : l’IA s’invite sur Google Earth pour réimaginer les villes,Google vient de lancer une intégration de Nano Banana (le générateur d’images de Gemini) dans Google Earth.,https://www.presse-citron.net/app/uploads/2026/07/Google-Earth-Nano-Banana-1-1600x900.jpg,2026-07-30T17:04:58Z,,"Google Earth et Nano Banana (lIA de génération dimages de Gemini) ont fait un bébé. Et, grâce à celui-ci, vous pouvez explorer le monde dune manière inédite. En effet, Nano Banana est désormais dispo… [+2983 chars]",,fr,'Paris'
https://france3-regions.franceinfo.fr/auvergne-rhone-alpes/puy-de-dome/eclipse-solaire-du-12-aout-et-si-vous-la-prepariez-au-sommet-du-puy-de-dome-avec-les-astronomes-d-auvergne-3390817.html,https://france3-regions.franceinfo.fr/auvergne-rhone-alpes/puy-de-dome/eclipse-solaire-du-12-aout-et-si-vous-la-prepariez-au-sommet-du-puy-de-dome-avec-les-astronomes-d-auvergne-3390817.html,0,france3-regions.franceinfo.fr,Éclipse solaire du 12 août : et si vous la prépariez au sommet du puy de Dôme avec les astronomes d'Auvergne,"Le 12 août prochain, une éclipse partielle de soleil sera visible en Auvergne avec plus de 94 % du disque solaire masqué. Un spectacle rare, mais qui peut être dangereux sans protection adaptée. Pour préparer le public, les Astronomes amateurs d'Auvergne et l…",https://france3-regions.franceinfo.fr/image/aqwwb5kFTLOnMOsS9cENcla7KPY/930x620/regions/2026/07/23/6a61d9ecf0504034278705.jpg,2026-07-31T04:00:02Z,,"Le 12 août prochain, une éclipse partielle de soleil sera visible en Auvergne avec plus de 94 % du disque solaire masqué. Un spectacle rare, mais qui peut être dangereux sans protection adaptée. Pour… [+6294 chars]",,fr,'Auvergne'
https://www.20minutes.fr/societe/greve/4237148-20260731-sncf-point-perturbations-france-grand-week-end-departs,https://www.20minutes.fr/societe/greve/4237148-20260731-sncf-point-perturbations-france-grand-week-end-departs,0,www.20minutes.fr,SNCF : Le point sur les perturbations en France pour ce grand week-end de départs,"Une grève « locale et inopinée » va perturber la circulation des trains SNCF en Normandie de vendredi à dimanche, tandis que le Sud-ouest demeure perturbé",https://img.20mn.fr/5QXLKHI9R-W5QEQgARCkgyk/1444x920_24-juillet-2024-rouen-normandie-france-un-train-sncf-nomade-arrive-a-la-gare-de-rouen-en-normandie-en-france-le-24-juillet-2024-image-de-credit-annabelle-hamil-zuma-press-wire-20240724-zip-h200-001-zeus-2603052012,2026-07-31T07:42:36Z,,"Une grève « locale et inopinée » va perturber la circulation des trains SNCF en Normandie de ce vendredi à dimanche inclus, en plein week-end de chassé-croisé estival. Lentreprise prévoit des retards… [+2045 chars]",,fr,'Bordeaux'
https://www.franceinfo.fr/environnement/evenements-meteorologiques-extremes/orages/dix-departements-du-centre-et-de-l-est-places-en-vigilance-orange-aux-orages-21-toujours-concernes-par-une-alerte-orange-a-la-canicule_8129771.html,https://www.franceinfo.fr/environnement/evenements-meteorologiques-extremes/orages/dix-departements-du-centre-et-de-l-est-places-en-vigilance-orange-aux-orages-21-toujours-concernes-par-une-alerte-orange-a-la-canicule_8129771.html,0,www.franceinfo.fr,"Dix départements du Centre et de l'Est placés en vigilance orange aux orages, 21 toujours concernés par une alerte orange à la canicule","La vigilance aux orages sera en vigueur à partir de 14 heures, précise Météo-France.",https://www.franceinfo.fr/pictures/Ky5XiSLDEgz1EWzBVdOYFgnFpkg/0x67:1024x643/1500x843/2026/07/31/6a6c5bc40e271802405216.jpg,2026-07-31T08:23:20Z,,"Dix départements du Centre et de l'Est (Ain, Allier, Ardèche, Doubs, Jura, Loire, Haute-Loire, Puy-de-Dôme, Rhône et Saône-et-Loire) sont placés en vigilance orange aux orages, vendredi 31 juillet à … [+1242 chars]",,fr,'France'
https://www.20minutes.fr/societe/4237140-20260731-incendie-gironde-appel-aide-village-porge-ravage-flammes,https://www.20minutes.fr/societe/4237140-20260731-incendie-gironde-appel-aide-village-porge-ravage-flammes,0,www.20minutes.fr,"Incendie en Gironde : L’appel à l’aide du village du Porge, ravagé par les flammes","Le village du Porge, dans le Médoc, a été le plus durement frappé avec 185 maisons brûlées sur les 240 détruites par le gigantesque incendie en Gironde",https://img.20mn.fr/lF3M1Vi_Th2ALvAdn9LxlCk/1444x920_quelque-185-maisons-en-tout-ont-brule-au-porge-sur-un-total-de-1-600-habitations,2026-07-31T09:06:33Z,http://web.archive.org/web/20260731165134/https://www.20minutes.fr/societe/4237140-20260731-incendie-gironde-appel-aide-village-porge-ravage-flammes,"Apocalyptique. A la sortie du village du Porge (Gironde), sur lavenue du bassin dArcachon qui mène au Cap Ferret, les maisons détruites et les terrains brûlés se succèdent les uns après les autres. S… [+5585 chars]",,fr,'Gironde'
https://www.lalibre.be/belgique/mobilite/2026/07/31/week-end-noir-sur-les-routes-voici-les-axes-a-eviter-pour-le-grand-chasse-croise-des-vacances-5NOC2LWZW5GAJLRSRCA35ZDOEA/,https://www.lalibre.be/belgique/mobilite/2026/07/31/week-end-noir-sur-les-routes-voici-les-axes-a-eviter-pour-le-grand-chasse-croise-des-vacances-5NOC2LWZW5GAJLRSRCA35ZDOEA/,0,www.lalibre.be,Week-end noir sur les routes : voici les axes à éviter pour le grand chassé-croisé des vacances,"Le premier grand chassé-croisé de l'été s'annonce particulièrement compliqué pour les vacanciers. Des embouteillages exceptionnels sont attendus sur les principaux axes européens, notamment en France, où les incendies en Gironde risquent d'aggraver encore les…",https://www.lalibre.be/resizer/v2/BAXWD33XUJBHHMMIWL3S3DEUG4.jpg?auth=bf4ec674a9daeb7c0361edd3d61c1f237689bc8f26e54edac4e83745e84def12&width=1200&height=630&quality=85&focal=1500%2C933,2026-07-31T09:45:53Z,,"C'est surtout en France, destination touristique préférée des Belges, que la situation s'annonce compliquée. C'est bien simple : l'organisme français d'informations routières, Bison Futé, prévoit une… [+3889 chars]",,fr,'France'
https://www.presse-citron.net/tout-commence-par-un-pv-recu-dans-la-boite-aux-lettres-quelle-est-cette-nouvelle-arnaque-qui-sevit-en-france/,https://www.presse-citron.net/tout-commence-par-un-pv-recu-dans-la-boite-aux-lettres-quelle-est-cette-nouvelle-arnaque-qui-sevit-en-france/,0,www.presse-citron.net,Tout commence par un PV reçu dans la boîte aux lettres : quelle est cette nouvelle arnaque qui sévit en France ?,Cette escroquerie très sournoise fait un carnage en France.,https://www.presse-citron.net/app/uploads/2024/08/amende-retour-vacances-1500x900.jpg,2026-07-31T12:54:25Z,http://web.archive.org/web/20260731205645/https://www.presse-citron.net/tout-commence-par-un-pv-recu-dans-la-boite-aux-lettres-quelle-est-cette-nouvelle-arnaque-qui-sevit-en-france/,"On connaissait déjà les faux e-mails et SMS qui nous invitent à régler un supposé retard de paiement dune fausse contravention. Daprès Auto Plus, larnaque au PV sinvite désormais dans un courrier pos… [+2586 chars]",,fr,'France'
https://www.20minutes.fr/economie/4237217-20260731-incendie-gironde-39-000-entreprises-touchees-va-falloir-sauver-economie-girondine,https://www.20minutes.fr/economie/4237217-20260731-incendie-gironde-39-000-entreprises-touchees-va-falloir-sauver-economie-girondine,0,www.20minutes.fr,"Incendie en Gironde : Avec 39.000 entreprises touchées, il va falloir « sauver l'économie girondine »","Après l’incendie en Gironde, Patrick Seguin, président de la CCI Bordeaux-Gironde, s’attend à avoir « beaucoup de dégâts » au sein des entreprises girondines, notamment dans le secteur touristique, et lance un appel à la solidarité nationale",https://img.20mn.fr/oTHOjfCqQwOJ0X4r6S8UYyk/1444x920_bordeaux-france-30-juillet-un-camping-evacue-est-vide-pres-de-bordeaux-en-france-le-30-juillet-2026-apres-l-evacuation-des-campings-et-le-deminage-des-plages-voisines-en-raison-de-la-menace-d-incendie-de-foret-les-pompiers-continuent-de-lutter-contre-les-flambees-dans-la-foret-environnante-alors-que-les-efforts-visant-a-contenir-le-feu-de-foret-se-poursuivent-dragan-lekic-anadolu-photo-de-dragan-lekic-anadolu-via-afp,2026-07-31T14:08:30Z,,"Entreprises détruites par le feu, salariés dans lincapacité de venir travailler, commerces fermés à cause des évacuations Le gigantesque incendie en Gironde a mis en difficulté les entreprises de la … [+3337 chars]",,fr,'Gironde'
https://www.20minutes.fr/societe/4236890-20260731-incendie-gironde-presse-etrangere-interet-dela-frontieres,https://www.20minutes.fr/societe/4236890-20260731-incendie-gironde-presse-etrangere-interet-dela-frontieres,0,www.20minutes.fr,"Incendie en Gironde : Pour la presse étrangère, « un intérêt au-delà des frontières »","Le mégafeu en Gironde qui s’est déclaré mercredi 22 juillet et qui a nécessité l’évacuation de plusieurs milliers de personnes dans la foulée a engendré le déploiement de la presse étrangère, elle aussi intéressée par cet événement hors norme",https://img.20mn.fr/C3yKGxIAQYmR-iOAIriu-yk/1444x920_incendie-en-gironde-29-07-2026-photographie-de-thierry-olivier-hans-lucas-incen-die-en-gironde-29-07-2026-photographie-de-thierry-olivier-hans-lucas-photo-de-thierry-olivier-hans-lucas-via-afp,2026-07-31T14:50:24Z,,"«Je vais peut-être devenir une star, jai été interviewé par la radio britannique », samuse Jacqueline, 88 ans, réfugiée du feu en Gironde. Au Parc des Expositions de Bordeaux, les évacués nont jamais… [+5054 chars]",,fr,'Gironde'
https://france3-regions.franceinfo.fr/auvergne-rhone-alpes/puy-de-dome/on-a-des-fois-enchaine-24h-de-mobilisation-avec-des-repos-de-quelques-heures-apres-l-enfer-des-flammes-en-gironde-les-pompiers-auvergnats-racontent-leur-mission-3395080.html,https://france3-regions.franceinfo.fr/auvergne-rhone-alpes/puy-de-dome/on-a-des-fois-enchaine-24h-de-mobilisation-avec-des-repos-de-quelques-heures-apres-l-enfer-des-flammes-en-gironde-les-pompiers-auvergnats-racontent-leur-mission-3395080.html,0,france3-regions.franceinfo.fr,"""On a des fois enchaîné 24h de mobilisation avec des repos de quelques heures"" : après l'enfer des flammes en Gironde, les pompiers auvergnats racontent leur mission","Après une semaine à lutter contre les incendies en Gironde, les premiers sapeurs-pompiers d'Auvergne sont de retour. Au cœur des flammes, ils ont notamment défendu des habitations et sauvé une ferme. Éprouvés par l'intensité de leur mission, mais fiers d'avoi…",https://france3-regions.franceinfo.fr/image/lg_76XxZrh5RkDxgZF8bOl69_Po/930x620/regions/2026/07/31/6a6c9dd37004b984092390.jpg,2026-07-31T15:00:06Z,,"Après une semaine à lutter contre les incendies en Gironde, les premiers sapeurs-pompiers d'Auvergne sont de retour. Au cur des flammes, ils ont notamment défendu des habitations et sauvé une ferme. … [+4586 chars]",,fr,'Auvergne'
https://www.journaldugeek.com/2026/07/31/un-festival-netflix-gratuit-debarque-a-paris-en-octobre/,https://www.journaldugeek.com/2026/07/31/un-festival-netflix-gratuit-debarque-a-paris-en-octobre/,0,www.journaldugeek.com,Un festival Netflix gratuit débarque à Paris en octobre,La plateforme met les romans à l'honneur lors d'un événement inédit. Le Netflix Book Festival dévoile sa toute première édition.,https://www.journaldugeek.com/app/uploads/2026/07/netflix-book-festival-1600x900.jpg,2026-07-31T15:32:35Z,,"C’est une grande première pour le N rouge. Après avoir organisé de nombreux évènements afin de promouvoir ses séries et ses films originaux, Netflix donne dans le festival en France. Le temps d’un we… [+2050 chars]",,fr,'Paris'
https://www.20minutes.fr/planete/4237048-20260731-incendie-gironde-voir-maison-partie-fumee-perdre-traces-histoire-identite,https://www.20minutes.fr/planete/4237048-20260731-incendie-gironde-voir-maison-partie-fumee-perdre-traces-histoire-identite,0,www.20minutes.fr,"Incendie en Gironde : Voir sa maison partie en fumée c’est « perdre des traces de notre histoire, de notre identité »",Quelque 240 maisons ont été englouties par le gigantesque incendie en Gironde. C’est autant de familles qui vont vivre une expérience qui peut devenir traumatisante,https://img.20mn.fr/9A1NhgvVTQ652g-eAuWVACk/1444x920_le-porge-gironde-france-29-juillet-2026-des-scenes-de-devastation-sont-visibles-dans-la-commune-de-le-porge-a-la-suite-d-un-violent-incendie-de-foret-des-centaines-d-hectares-de-vegetation-ont-ete-detruits-par-les-flammes-laissant-derriere-eux-un-paysage-carbonise-fait-d-arbres-brules-de-fumee-persistante-et-de-dommages-aux-infrastructures-locales-les-services-d-urgence-continuent-de-surveiller-les-zones-touchees-et-de-mener-des-operations-pour-securiser-la-zone-des-feux-de-foret-le-porge-gironde-france-29-juillet-2026-benleulmieliasneil-sipa-13513-credit-elias-neil-benleulmi-sipa-2607291550,2026-07-31T16:35:13Z,http://web.archive.org/web/20260731224646/https://www.20minutes.fr/planete/4237048-20260731-incendie-gironde-voir-maison-partie-fumee-perdre-traces-histoire-identite,"Ce nest pas seulement un foyer, ce sont des souvenirs, des meubles, des traces, une vie. Quand une maison part en fumée, comme cest le cas pour 240 habitations dévorées par les flammes de lincendie o… [+4190 chars]",,fr,'Gironde'
https://www.franceinfo.fr/monde/italie/l-italie-dit-avoir-temporairement-ferme-l-espace-schengen-a-l-espagne-apres-l-afflux-de-migrants-a-ceuta_8130554.html,https://www.franceinfo.fr/monde/italie/l-italie-dit-avoir-temporairement-ferme-l-espace-schengen-a-l-espagne-apres-l-afflux-de-migrants-a-ceuta_8130554.html,0,www.franceinfo.fr,"L'Italie dit avoir ""temporairement"" fermé l'espace Schengen à l'Espagne après l'afflux de migrants à Ceuta","S'il n'est pas possible d'exclure un pays de Schengen, il est en revanche possible pour un Etat membre de rétablir des contrôles exceptionnels et temporaires à ses frontières.",https://www.franceinfo.fr/pictures/pVRwozE-Snn4rNivXPHOapw-Dyc/0x53:1024x629/1500x843/2026/07/31/6a6ce149b60d6920034538.jpg,2026-07-31T19:18:45Z,http://web.archive.org/web/20260731231609/https://www.franceinfo.fr/monde/italie/l-italie-dit-avoir-temporairement-ferme-l-espace-schengen-a-l-espagne-apres-l-afflux-de-migrants-a-ceuta_8130554.html,"L'Italie dit, vendredi 31 juillet, avoir temporairement fermé l'espace Schengen à l'Espagne, où des dizaines de milliers de migrants ont afflué ces derniers jours, via le Maroc. Le ministre des Affai… [+1614 chars]",,fr,'Maritimes'
https://www.20minutes.fr/justice/4237266-20260731-attentat-dejoue-contre-bank-of-america-paris-belge-mise-examen-paris-incarceree,https://www.20minutes.fr/justice/4237266-20260731-attentat-dejoue-contre-bank-of-america-paris-belge-mise-examen-paris-incarceree,0,www.20minutes.fr,Attentat déjoué contre Bank of America à Paris : Une Belge mise en examen à Paris et incarcérée,Une Belge de 24 ans a été mise en examen et écrouée pour son rôle présumé dans le projet d’attentat déjoué contre le siège parisien de Bank of America à Paris. Elle est soupçonnée d’avoir recruté des adolescents pour participer à l’attaque,https://img.20mn.fr/1zEv6MEsRwiKqQIpwaD6Xyk/1444x920_260329-paris-29-mars-2026-xinhua-des-vehicules-de-police-se-garent-devant-l-agence-de-la-bank-of-america-a-paris-en-france-le-28-mars-2026-une-tentative-d-attentat-a-la-bombe-a-ete-dejouee-tot-samedi-devant-l-agence-de-la-bank-of-america-a-paris-ont-rapporte-les-medias-francais-xinhua-wu-huiwo-wu-huiwo-chinenouvelle-xxjpbee000047-20260329-pepfn0a001-credit-chine-nouvelle-sipa-2603291004,2026-07-31T20:17:23Z,http://web.archive.org/web/20260731231302/https://www.20minutes.fr/justice/4237266-20260731-attentat-dejoue-contre-bank-of-america-paris-belge-mise-examen-paris-incarceree,"Le parquet national antiterroriste (Pnat) a annoncé, vendredi, la mise en examen et le placement en détention provisoire dune Belge de 24 ans, remise par les autorités belges dans lenquête sur le pro… [+1744 chars]",,fr,'Paris'
https://www.20minutes.fr/societe/4237267-20260801-ministre-culture-veut-renforcer-sanctions-contre-delit-entrave-expression-artistique,https://www.20minutes.fr/societe/4237267-20260801-ministre-culture-veut-renforcer-sanctions-contre-delit-entrave-expression-artistique,0,www.20minutes.fr,La ministre de la Culture veut renforcer les sanctions contre le délit d’entrave à l’expression artistique,"Après l’interruption du concert de Barbara Butch à Grenoble, la ministre de la Culture annonce de nouvelles mesures pour renforcer les sanctions contre les entraves aux spectacles",https://img.20mn.fr/BtESCsdYRRGOIkCfTozvXCk/1444x920_barbara-butch-dj-et-productrice-la-5e-edition-de-l-evenement-we-are-french-touch-organise-par-la-banque-publique-d-investissement-bpi-france-et-la-french-touch-dedie-aux-industries-et-entreprises-du-secteur-culturel-et-creatif-au-palais-brongniart-a-paris-le-26-novembre-2025-photo-olivier-juszczak-sipa-la-5e-edition-de-l-evenement-we-are-french-touch-organise-par-la-banque-publique-d-investissement-bpi-france-et-la-french-touch-consacre-aux-industries-et-aux-entreprises-du-secteur-de-la-culture-et-de-la-creation-au-palais-brongniart-a-paris-le-26-novembre-2025-juszczakolivier-251126-bpi-043-credit-olivier-juszczak-sipa-2511262321,2026-07-31T22:08:24Z,,"Quelques jours après linterruption du concert de Barbara Butch à Grenoble, la ministre de la Culture, Catherine Pégard, a annoncé, vendredi, la préparation de deux circulaires destinées à renforcer l… [+1592 chars]",,fr,'Grenoble'
