week,sentiment_mean,sentiment_std,subjectivity_mean,subjectivity_std,counting
2025-41,0.017660682585190872,0.8573046742037863,-0.13708865058290548,0.675094211165186,36.0
2025-42,0.08131911501215934,0.9414995902180651,-0.02260452972638498,0.9284424868481047,89.0
2025-43,-0.06283360231313811,1.1513536729765563,0.3288274060649697,1.443282483373306,174.0
2025-44,-0.0699372103925274,0.9561319263799867,-0.09313442776460759,0.6380642356161976,136.0
2025-45,0.12430132006435345,0.8604741737869527,-0.0012998393729535354,0.8119115894409373,197.0
2025-46,-0.05693930249444167,0.9628251638530483,-0.12080794773861192,0.9097653259044011,192.0
2025-47,0.017797802273513005,0.8721900027605346,-0.10032490575617985,0.6344913869870852,96.0
